UserID,ProductID,Rating,ReviewCount,Category,Brand,Name,Price,ImageURL,Description,Tags
8.0,8.0,4.5,29221,"beauty, hair, care, hair, color, permanent, hair, color",clairol,clairol nice n easy permanent color 7106a natural dark neutral blonde 10 kit,104,https://i5.walmartimages.com/asr/e3a601c2-6a2b-4cc8-bb35-a9049930ded9_1.ab14e053feea88a9026baeca4d49cb77.jpeg,clairol nice n easy permanent color gives 8 weeks true color salon tones blend highlights lowlights expertly designed work unique hair stylish look want neutral blonde color offers salon quality permanent hair color cost easily color looking vibrant clairol colorseal conditioner locks softness shine sold separately cover grays colorings try nice n easy root touch blend seamlessly color natural dark hair color easy apply fresh looking color right comfort home comes 1 kit providing need color hair desired available shades clairol nice n easy permanent color lovely addition haircare routine clairol nice n easy permanent color natural dark neutral blonde kit provides 8 weeks color 3 salon tones offer blend highlights lowlights salon quality permanent color neutral blonde color easy use available ultra light natural blo 118 natural medium 2 natural black soft black natural blue black natural darkest brown natural dark brown natural dark natural dark auburn dark caramel brown,"beauty, hair, care, hair, color, permanent, hair, color, clairol, clairol, nice, n, easy, permanent, color, gives, 8, weeks, true, color, salon, tones, blend, highlights, lowlights, expertly, designed, work, unique, hair, stylish, look, want, neutral, blonde, color, offers, salon, quality, permanent, hair, color, cost, easily, color, looking, vibrant, clairol, colorseal, conditioner, locks, softness, shine, sold, separately, cover, grays, colorings, try, nice, n, easy, root, touch, blend, seamlessly, color, natural, dark, hair, color, easy, apply, fresh, looking, color, right, comfort, home, comes, 1, kit, providing, need, color, hair, desired, available, shades, clairol, nice, n, easy, permanent, color, lovely, addition, haircare, routine, clairol, nice, n, easy, permanent, color, natural, dark, neutral, blonde, kit, provides, 8, weeks, color, 3, salon, tones, offer, blend, highlights, lowlights, salon, quality, permanent, color, neutral, blonde, color, easy, use, available, ultra, light, natural, blo, 118, natural, medium, 2, natural, black, soft, black, natural, blue, black, natural, darkest, brown, natural, dark, brown, natural, dark, natural, dark, auburn, dark, caramel, brown"
8.0,79.0,4.5,2,"beauty, nail, care, nail, polish, nail, lacquer",orly,orly nail lacquer for women 20634 red carpet 06 oz,113,https://i5.walmartimages.com/asr/e37d0f7d-defd-49db-b6c3-6495a0a653a9_1.3a276a314ca7494633cfb4b20922a36c.jpeg,orly lacquer free dbp toluene formaldehyde features award winning gripper cap fetters streak free coverage brush ability fast drying shade formulated uv inhibitors prevent fading yellowing orly nail lacquer women 20634 red carpet oz introduced design house orly fast drying shade formulated uv inhibitors prevent fading yellowing,"beauty, nail, care, nail, polish, nail, lacquer, orly, orly, lacquer, free, dbp, toluene, formaldehyde, features, award, winning, gripper, cap, fetters, streak, free, coverage, brush, ability, fast, drying, shade, formulated, uv, inhibitors, prevent, fading, yellowing, orly, nail, lacquer, women, 20634, red, carpet, oz, introduced, design, house, orly, fast, drying, shade, formulated, uv, inhibitors, prevent, fading, yellowing"
5.0,52.0,4.7,388,"personal, care, personal, care, brand, wahl, wahl",wahl,wahl color pro plus haircut kit 79752t,139,https://i5.walmartimages.com/asr/244aef35-aea3-4e5c-b7d6-14c4dba8c87b.913ab3197372f743fbbeb449b2755007.jpeg,wahl color pro plus clipper kit features multi cut clipper adjustable taper control powerdrive motor excellent performance color key clipper corresponding color coded combs provide quick identification selecting attachment guard need right time includes durable storage case hair cutting accessories wahl color pro plus t feature color coded guide combs finding remembering everyones favorite hair length easier corresponding correct comb right cutting length simple easy attachment guards feature 2 wahl heavy duty motor delivers exceptional power snag cutting plus self sharpening precision ground blades cut hair types stay sharp longer feature 3 smooth easy haircuts variety cutting lengths adjusting trim length pain free quickly reference color key face clipper attach corresponding colored clipper comb attachment feature 4 22 piece grooming kit featuring 14 guide combs 1 cutting lengths left right ear tapers eyebrow trim comb ear trimming comb blade oil detail cleaning brush barber comb styling comb blade guard,"personal, care, personal, care, brand, wahl, wahl, wahl, wahl, color, pro, plus, clipper, kit, features, multi, cut, clipper, adjustable, taper, control, powerdrive, motor, excellent, performance, color, key, clipper, corresponding, color, coded, combs, provide, quick, identification, selecting, attachment, guard, need, right, time, includes, durable, storage, case, hair, cutting, accessories, wahl, color, pro, plus, t, feature, color, coded, guide, combs, finding, remembering, everyones, favorite, hair, length, easier, corresponding, correct, comb, right, cutting, length, simple, easy, attachment, guards, feature, 2, wahl, heavy, duty, motor, delivers, exceptional, power, snag, cutting, plus, self, sharpening, precision, ground, blades, cut, hair, types, stay, sharp, longer, feature, 3, smooth, easy, haircuts, variety, cutting, lengths, adjusting, trim, length, pain, free, quickly, reference, color, key, face, clipper, attach, corresponding, colored, clipper, comb, attachment, feature, 4, 22, piece, grooming, kit, featuring, 14, guide, combs, 1, cutting, lengths, left, right, ear, tapers, eyebrow, trim, comb, ear, trimming, comb, blade, oil, detail, cleaning, brush, barber, comb, styling, comb, blade, guard"
8.0,7.0,4.6,112,"household, essentials, cleaning, supplies, dishwashing, dish, additives",finish,finish inwash dishwasher cleaner clean hidden grease and grime 3ct,145,https://i5.walmartimages.com/asr/a3e2e187-e46b-48fa-882f-eb6b54e6516f_1.ba0a9995d9a3e912409471b0e1e29fd0.jpeg,worry greasy dishwasher wash dishwasher cleaner finish dishwasher cleaner helps clean hidden hard reach parts dishwasher effectively leaving shining condition dishwasher cleaner extensively cleans mold mildew hard water stains dishes sparkly clean cycle cycle use regular wash cycle making dishwashing tabs easy convenient cleans hidden vital parts dishwasher including spray arms filter contains 100 grease removal actives removes hard water stains lime scale build extra wash cycle use regular load wash cycle powers away hidden grease grime freshening machine,"household, essentials, cleaning, supplies, dishwashing, dish, additives, finish, worry, greasy, dishwasher, wash, dishwasher, cleaner, finish, dishwasher, cleaner, helps, clean, hidden, hard, reach, parts, dishwasher, effectively, leaving, shining, condition, dishwasher, cleaner, extensively, cleans, mold, mildew, hard, water, stains, dishes, sparkly, clean, cycle, cycle, use, regular, wash, cycle, making, dishwashing, tabs, easy, convenient, cleans, hidden, vital, parts, dishwasher, including, spray, arms, filter, contains, 100, grease, removal, actives, removes, hard, water, stains, lime, scale, build, extra, wash, cycle, use, regular, load, wash, cycle, powers, away, hidden, grease, grime, freshening, machine"
5.0,98.0,4.6,10,"beauty, hair, care, conditioner, leave, conditioner",sexy hair,sexy hair concepts healthy sexy hair triwheat leave in conditioner 85fl oz,149,https://i5.walmartimages.com/asr/125be654-1d2d-4552-9472-1d3e65ae1948_1.b569cb2657ac90c7608069f144416768.jpeg,sexy hair concepts healthy sexy hair tri wheat leave conditioner uses soy wheat cocoa revive hair natural ingredients leave conditioner help hair healthy reduce frizz harsh chemicals weaken locks suitable color treated hair dry delicate hair product moisturizes hair cocoa hair shinier easier style wheat proteins product help restore strengthen damaged hair wheat amino acids spray help add shine starches proteins soy wheat serve condition hair remove tangles giving smoother mane fruity citrus fragrance adds cheerful scent spray detangle smooth hair handy spray bottle long term results healing ingredients lightweight use fear flattening hair leaving sticky hair concepts healthy sexy hair tri wheat leave conditioner oz,"beauty, hair, care, conditioner, leave, conditioner, sexy, hair, sexy, hair, concepts, healthy, sexy, hair, tri, wheat, leave, conditioner, uses, soy, wheat, cocoa, revive, hair, natural, ingredients, leave, conditioner, help, hair, healthy, reduce, frizz, harsh, chemicals, weaken, locks, suitable, color, treated, hair, dry, delicate, hair, product, moisturizes, hair, cocoa, hair, shinier, easier, style, wheat, proteins, product, help, restore, strengthen, damaged, hair, wheat, amino, acids, spray, help, add, shine, starches, proteins, soy, wheat, serve, condition, hair, remove, tangles, giving, smoother, mane, fruity, citrus, fragrance, adds, cheerful, scent, spray, detangle, smooth, hair, handy, spray, bottle, long, term, results, healing, ingredients, lightweight, use, fear, flattening, hair, leaving, sticky, hair, concepts, healthy, sexy, hair, tri, wheat, leave, conditioner, oz"
60.0,55.0,4.2,59,"clothing, womens, clothing, womens, socks, hosiery, tights, womens, socks, socks",truform,womens stockings knee high sheer 1520 mmhg beige medium,151,https://i5.walmartimages.com/asr/5494cd58-75b5-4fe1-aae5-0ced7df68cea_1.f36d1a5a40095daa49f72d389db10d69.jpeg,,"clothing, womens, clothing, womens, socks, hosiery, tights, womens, socks, socks, truform,"
60.0,4.0,4.7,101,"personal, care, oral, care, denture, adhesive",fixodent,fixodent complete free denture adhesive cream 24 oz,167,https://i5.walmartimages.com/asr/bd0768d8-ec86-4566-9870-37924a2fa597_1.3d9da3a88f6abcd6f71b15c046be7da8.jpeg,fixodent gives power 1 dentist recommended denture adhesive brand data file helps prevent slipping helps food getting dentures gums great plate partial dentures fixodent complete free denture adhesive cream oz strong day hold satisfaction guaranteed powerful seal helps prevent food getting dentures gums helps prevent gum soreness comfortable denture fit 1 dentist recommended denture adhesive brand recommend brands adhesive great partial plate denture wearers,"personal, care, oral, care, denture, adhesive, fixodent, fixodent, gives, power, 1, dentist, recommended, denture, adhesive, brand, data, file, helps, prevent, slipping, helps, food, getting, dentures, gums, great, plate, partial, dentures, fixodent, complete, free, denture, adhesive, cream, oz, strong, day, hold, satisfaction, guaranteed, powerful, seal, helps, prevent, food, getting, dentures, gums, helps, prevent, gum, soreness, comfortable, denture, fit, 1, dentist, recommended, denture, adhesive, brand, recommend, brands, adhesive, great, partial, plate, denture, wearers"
57.0,4.0,4.6,5,"health, foot, care, tinactin, tinactin, creams, powder",tinactin,tinactin athletes foot antifungal treatment cream 05 ounce tube,169,https://i5.walmartimages.com/asr/61d435bc-333b-4780-8b8c-a218073fa8fd_2.f4ae1d7ac404e04283ac4dca4ee51097.jpeg,effective affordable tinactin athletes foot cream provides relief itching burning cracking skin caused tinea pedis tinea corporis suffer athletes foot ringworm tinactin goes smoothly easily rub odorless cream treatment athletes foot contains 1 tolnaftate proven clinically effective treatment athletes foot tinactin helps prevent recurring daily choose tougher fungus antifungal power tinactin tinactin athletes foot antifungal treatment cream ounce tube relieves itchy skin fast tinactin antifungal cream athletes foot fungus effectively relieves itching burning cracking cures prevents tinactin proven clinically effective treatment athletes foot helps prevent recurring daily directed contains tolnaftate 1 choose fungus treatment ingredient relieve itchy skin tinea pedis athletes foot fungal infection easy apply odorless aid cream treatment athletes foot goes smoothly nt stain nt rub clothes treats ringworm tinactin athletes foot cream tackles tinea pedis treats tinea corporis commonly known ringworm,"health, foot, care, tinactin, tinactin, creams, powder, tinactin, effective, affordable, tinactin, athletes, foot, cream, provides, relief, itching, burning, cracking, skin, caused, tinea, pedis, tinea, corporis, suffer, athletes, foot, ringworm, tinactin, goes, smoothly, easily, rub, odorless, cream, treatment, athletes, foot, contains, 1, tolnaftate, proven, clinically, effective, treatment, athletes, foot, tinactin, helps, prevent, recurring, daily, choose, tougher, fungus, antifungal, power, tinactin, tinactin, athletes, foot, antifungal, treatment, cream, ounce, tube, relieves, itchy, skin, fast, tinactin, antifungal, cream, athletes, foot, fungus, effectively, relieves, itching, burning, cracking, cures, prevents, tinactin, proven, clinically, effective, treatment, athletes, foot, helps, prevent, recurring, daily, directed, contains, tolnaftate, 1, choose, fungus, treatment, ingredient, relieve, itchy, skin, tinea, pedis, athletes, foot, fungal, infection, easy, apply, odorless, aid, cream, treatment, athletes, foot, goes, smoothly, nt, stain, nt, rub, clothes, treats, ringworm, tinactin, athletes, foot, cream, tackles, tinea, pedis, treats, tinea, corporis, commonly, known, ringworm"
3.0,1.0,4.5,1015,"personal, care, personal, care, brand, listerine",listerine,6 pack  listerine 24hr tooth sensitivity relief  protection alcoholfree formula sensitivity mouthwash fresh mint fl,212,https://i5.walmartimages.com/asr/67345dd6-ba89-45af-ab5a-ddc45f4aca3e_1.a587fe5da1f4bc5634c5113ac470bd4c.jpeg,pack 6 upc 312547235976 product description 24 hour relief painful tooth sensitivity continued use listerine sensitivity zero alcohol mouth rinse uniquely formulated tooth sensitivity mouthwash begins working immediately shield protect sensitive areas teeth unlike oral care sensitivity products numb nerve listerine sensitivity mouthwash crystal block technology works differently physically blocking 97 dentin tubules rinses treating tooth sensitivity source featuring refreshing fresh mint flavor alcohol free mouthwash reaches virtually 100 sensitive teeth areas gets hard reach areas mouth available 500 ml bottle approximately 1 month supply relief 2 weeks continued use laboratory studies 500 ml bottle listerine sensitivity zero alcohol mouth rinse fresh mint flavor unique alcohol free potassium oxalate formula designed shield protect sensitive areas teeth 24 hour sensitivity relief continued use listerine sensitivity mouthwash crystal block technology blocks painful teeth sensitivity source depositing crystals deep inside exposed dentin tubules lead sensitive nerve endings potassium oxalate alcohol free mouthwash starts working rinse uniquely formulated provide relief sensitivity enjoy foods cause sensitivity including hot cold acidic sensitivity mouthwash comes refreshing fresh mint flavor provides new way treat tooth sensitivity reaching virtually 100 sensitive teeth areas including hard reach areas mouth brushing miss protect shield sensitive areas teeth new uniquely formulated sensitive teeth mouthwash available 500 ml bottle approximately 1 month supply warnings reach children swallow event accidental swallowing medical help contact poison control center right away experience shedding cheek lining gum tissue initial use continues experience new pain discomfort irritation gum mouth issues stop use dentist use printed listerine band cap broken,"personal, care, personal, care, brand, listerine, listerine, pack, 6, upc, 312547235976, product, description, 24, hour, relief, painful, tooth, sensitivity, continued, use, listerine, sensitivity, zero, alcohol, mouth, rinse, uniquely, formulated, tooth, sensitivity, mouthwash, begins, working, immediately, shield, protect, sensitive, areas, teeth, unlike, oral, care, sensitivity, products, numb, nerve, listerine, sensitivity, mouthwash, crystal, block, technology, works, differently, physically, blocking, 97, dentin, tubules, rinses, treating, tooth, sensitivity, source, featuring, refreshing, fresh, mint, flavor, alcohol, free, mouthwash, reaches, virtually, 100, sensitive, teeth, areas, gets, hard, reach, areas, mouth, available, 500, ml, bottle, approximately, 1, month, supply, relief, 2, weeks, continued, use, laboratory, studies, 500, ml, bottle, listerine, sensitivity, zero, alcohol, mouth, rinse, fresh, mint, flavor, unique, alcohol, free, potassium, oxalate, formula, designed, shield, protect, sensitive, areas, teeth, 24, hour, sensitivity, relief, continued, use, listerine, sensitivity, mouthwash, crystal, block, technology, blocks, painful, teeth, sensitivity, source, depositing, crystals, deep, inside, exposed, dentin, tubules, lead, sensitive, nerve, endings, potassium, oxalate, alcohol, free, mouthwash, starts, working, rinse, uniquely, formulated, provide, relief, sensitivity, enjoy, foods, cause, sensitivity, including, hot, cold, acidic, sensitivity, mouthwash, comes, refreshing, fresh, mint, flavor, provides, new, way, treat, tooth, sensitivity, reaching, virtually, 100, sensitive, teeth, areas, including, hard, reach, areas, mouth, brushing, miss, protect, shield, sensitive, areas, teeth, new, uniquely, formulated, sensitive, teeth, mouthwash, available, 500, ml, bottle, approximately, 1, month, supply, warnings, reach, children, swallow, event, accidental, swallowing, medical, help, contact, poison, control, center, right, away, experience, shedding, cheek, lining, gum, tissue, initial, use, continues, experience, new, pain, discomfort, irritation, gum, mouth, issues, stop, use, dentist, use, printed, listerine, band, cap, broken"
43.0,8.0,4.7,474,"personal, care, oral, care, kids, oral, care",oral b,oralb disney star wars kids battery toothbrush extra soft bristles,214,https://i5.walmartimages.com/asr/9010c28a-96e0-4631-8f4d-4132598f6961.ca82c0616c2313f8b49d062d1d57671e.jpeg,oral b kids battery powered toothbrush featuring star wars perfect battery powered toothbrush little jedi oral health evolves lose baby teeth important continue effective cavity protection growing permanent teeth toothbrush features added benefit battery power help brushing routine best battery powered toothbrush compatible interactive disney magictimer app oral b help kids brush dentist recommended 2 minutes oral b 1 dentist recommended toothbrush brand worldwide oral b kids disney star wars extra soft bristle battery powered electric tooth brush kids 3 rotating power head reaches surrounds thoroughly cleans multiple surfaces raised center row bristles help clean chewing surfaces extra soft bristles clean gently soft manual brush compatible disney magictimer app oral b help kids brush longer starting today makes brushing fun featuring star wars characters kids battery toothbrush children ages 3 oral b 1 dentist recommended toothbrush brand worldwide,"personal, care, oral, care, kids, oral, care, oral, b, oral, b, kids, battery, powered, toothbrush, featuring, star, wars, perfect, battery, powered, toothbrush, little, jedi, oral, health, evolves, lose, baby, teeth, important, continue, effective, cavity, protection, growing, permanent, teeth, toothbrush, features, added, benefit, battery, power, help, brushing, routine, best, battery, powered, toothbrush, compatible, interactive, disney, magictimer, app, oral, b, help, kids, brush, dentist, recommended, 2, minutes, oral, b, 1, dentist, recommended, toothbrush, brand, worldwide, oral, b, kids, disney, star, wars, extra, soft, bristle, battery, powered, electric, tooth, brush, kids, 3, rotating, power, head, reaches, surrounds, thoroughly, cleans, multiple, surfaces, raised, center, row, bristles, help, clean, chewing, surfaces, extra, soft, bristles, clean, gently, soft, manual, brush, compatible, disney, magictimer, app, oral, b, help, kids, brush, longer, starting, today, makes, brushing, fun, featuring, star, wars, characters, kids, battery, toothbrush, children, ages, 3, oral, b, 1, dentist, recommended, toothbrush, brand, worldwide"
1.0,3.0,4.5,8,"personal, care, oral, care, toothbrushes, manual, toothbrushes, colgate, toothbrushes",colgate,oralb pulsar gum care electric toothbrush battery powered soft,217,https://i5.walmartimages.com/asr/6b4968d1-ce98-4a9c-9c20-a0a44a8dbacb.f1e960133b61b91b33bc67ad6edd4c61.jpeg,oral b pulsar gum care battery operated toothbrush vibrating bristles gently massage stimulate gums remove plaque technique brush manual toothbrush micro pulse bristles pivot pulse penetrate deep teeth pulsar shown reduce gingivitis improve gum health promoting healthier firmer gums easy use regular manual toothbrush oral b brand dentists use worldwide oral b pulsar gum care battery powered toothbrush soft 1 count vibrating bristles gently massage stimulate gums shown reduce gingivitis improve gum health promotes healthier firmer gums micro pulse bristles pivot pulse penetrate deep teeth provide truly superior clean vs regular manual brush battery operated battery included oral b 1 dentist recommended toothbrush brand worldwide,"personal, care, oral, care, toothbrushes, manual, toothbrushes, colgate, toothbrushes, colgate, oral, b, pulsar, gum, care, battery, operated, toothbrush, vibrating, bristles, gently, massage, stimulate, gums, remove, plaque, technique, brush, manual, toothbrush, micro, pulse, bristles, pivot, pulse, penetrate, deep, teeth, pulsar, shown, reduce, gingivitis, improve, gum, health, promoting, healthier, firmer, gums, easy, use, regular, manual, toothbrush, oral, b, brand, dentists, use, worldwide, oral, b, pulsar, gum, care, battery, powered, toothbrush, soft, 1, count, vibrating, bristles, gently, massage, stimulate, gums, shown, reduce, gingivitis, improve, gum, health, promotes, healthier, firmer, gums, micro, pulse, bristles, pivot, pulse, penetrate, deep, teeth, provide, truly, superior, clean, vs, regular, manual, brush, battery, operated, battery, included, oral, b, 1, dentist, recommended, toothbrush, brand, worldwide"
73.0,5.0,4.6,630,"beauty, beauty, brands, milani, milani, lipstick",milani,milani color statement lipstick sweet nectar,220,https://i5.walmartimages.com/asr/4189c255-ac7e-40c7-bcc9-691693db50ef_1.f7267325a1eb03cae975fe2941d2663b.jpeg,enhance look milani color statement lipstick features lightweight formula designed smooth stroke application paraben free lipstick contains vitamins c e promote skin health milani color statement lipstick sweet nectar true instant color lipstick 1 stroke coverage application lightweight cream formula contains vitamins c e moisturize nourish lips paraben free formula milani statement lipstick shade sweet nectar,"beauty, beauty, brands, milani, milani, lipstick, milani, enhance, look, milani, color, statement, lipstick, features, lightweight, formula, designed, smooth, stroke, application, paraben, free, lipstick, contains, vitamins, c, e, promote, skin, health, milani, color, statement, lipstick, sweet, nectar, true, instant, color, lipstick, 1, stroke, coverage, application, lightweight, cream, formula, contains, vitamins, c, e, moisturize, nourish, lips, paraben, free, formula, milani, statement, lipstick, shade, sweet, nectar"
2.0,1.0,4.6,343,", gain, light, delightful, scent, gain, flings, moonlight, breeze, scented, liquid, laundry, detergent, pacs, nose, feel, like, paradise, oxi, boost, stain, fighters, odor, elimination, febreze, ll, bring, breath, fresh, moonlit, air, laundry, room, 3, detergent, oxi, boost, febreze, freshness, 6, weeks, freshness, wash, wear, 50, scent, gain, liquid, laundry, detergent, gain, flings, moonlight, breeze, 42, ct, laundry, detergent, pacs, 3, detergent, oxi, boost, febreze, freshness, 6, weeks, freshness, wash, wear, 50, scent, gain, liquid, laundry, detergent, works, washing, machines, cold, water, reach, children, like, household, detergent, away, children",gain,gain flings moonlight breeze 42 ct laundry detergent pacs,225,https://i5.walmartimages.com/asr/515ba824-dc5e-4a0b-b2bd-d9fd9f6fe2cf.8223dfd982020f6d8506466c75221635.jpeg,light delightful scent gain flings moonlight breeze scented liquid laundry detergent pacs nose feel like paradise oxi boost stain fighters odor elimination febreze ll bring breath fresh moonlit air laundry room 3 detergent oxi boost febreze freshness 6 weeks freshness wash wear 50 scent gain liquid laundry detergent gain flings moonlight breeze 42 ct laundry detergent pacs 3 detergent oxi boost febreze freshness 6 weeks freshness wash wear 50 scent gain liquid laundry detergent works washing machines cold water reach children like household detergent away children,", gain, light, delightful, scent, gain, flings, moonlight, breeze, scented, liquid, laundry, detergent, pacs, nose, feel, like, paradise, oxi, boost, stain, fighters, odor, elimination, febreze, ll, bring, breath, fresh, moonlit, air, laundry, room, 3, detergent, oxi, boost, febreze, freshness, 6, weeks, freshness, wash, wear, 50, scent, gain, liquid, laundry, detergent, gain, flings, moonlight, breeze, 42, ct, laundry, detergent, pacs, 3, detergent, oxi, boost, febreze, freshness, 6, weeks, freshness, wash, wear, 50, scent, gain, liquid, laundry, detergent, works, washing, machines, cold, water, reach, children, like, household, detergent, away, children"
95.0,9.0,4.5,237,"beauty, makeup, face, makeup, foundation, stick, foundation",black opal,blkopl skin perfecting stick foundation spf 15 hypoallergenic nutmeg,233,https://i5.walmartimages.com/asr/79d44606-caeb-4820-a1fd-77f21c21eca3.da9d999d68ec69cb02b4dc918c8929ff.jpeg,blk opls number bestseller foundation coverage velvety finish foundation stick formulated correct perfect true tone shade d technology balances multi colored chromatic pigments adjust unique skin tone neutralize imperfections flawless finish mask imperfections eye circles sculpt cheekbones define features 16 shades work face canvas skin perfecting stick foundation enriched antioxidants like vitamins c e sunscreen nourish protect skin wear formulated skin types true tone shade match long wear formula free parabens fragrance hypoallergenic cruelty free black opal true color stick foundation spf 15 nutmeg broad spectrum spf 15 blurs pore appearance conceals imperfection use highlight contour matte finish maximum coverage ideal normal dry skin types moisturizes skins covering,"beauty, makeup, face, makeup, foundation, stick, foundation, black, opal, blk, opls, number, bestseller, foundation, coverage, velvety, finish, foundation, stick, formulated, correct, perfect, true, tone, shade, d, technology, balances, multi, colored, chromatic, pigments, adjust, unique, skin, tone, neutralize, imperfections, flawless, finish, mask, imperfections, eye, circles, sculpt, cheekbones, define, features, 16, shades, work, face, canvas, skin, perfecting, stick, foundation, enriched, antioxidants, like, vitamins, c, e, sunscreen, nourish, protect, skin, wear, formulated, skin, types, true, tone, shade, match, long, wear, formula, free, parabens, fragrance, hypoallergenic, cruelty, free, black, opal, true, color, stick, foundation, spf, 15, nutmeg, broad, spectrum, spf, 15, blurs, pore, appearance, conceals, imperfection, use, highlight, contour, matte, finish, maximum, coverage, ideal, normal, dry, skin, types, moisturizes, skins, covering"
14.0,8.0,2.0,2,"premium, beauty, premium, bath, body, premium, body, treatments",devlon northwest,devlon northwest paraffin wax refill spa antibacterial liquid treatment 16 fl oz lavender 6 pc,242,https://i5.walmartimages.com/asr/8d09b64a-e890-4b68-8330-1b36eac272df_1.cbab5cf72eae9b15afdabb9f1d1089b3.jpeg,,"premium, beauty, premium, bath, body, premium, body, treatments, devlon, northwest,"
7.0,42.0,4.3,77,"beauty, beauty, brands, revlon, revlon, lip, balm, conditioner",revlon,revlon colorburst balm stain  crush,246,https://i5.walmartimages.com/asr/3a49f32e-84f9-4cac-81d8-6c6fd80d688e_1.f8b9311bec1a06bd8a1ef3c5e2518bf8.jpeg,lightweight lip stain moisturizes like balm weightless color wears evenly nourishes lips sophistication lightweight lip stain comfort ease lip balm dry lips worries lip crayon infused moisturizing shea mango coconut butters sharpener required twist color available 12 shades,"beauty, beauty, brands, revlon, revlon, lip, balm, conditioner, revlon, lightweight, lip, stain, moisturizes, like, balm, weightless, color, wears, evenly, nourishes, lips, sophistication, lightweight, lip, stain, comfort, ease, lip, balm, dry, lips, worries, lip, crayon, infused, moisturizing, shea, mango, coconut, butters, sharpener, required, twist, color, available, 12, shades"
9.0,3.0,4.4,4546,"beauty, nail, care, nail, polish, sally, hansen, nail, polish",sally hansen,sally hansen instadri nail color slick slate,258,https://i5.walmartimages.com/asr/42d79922-5d78-44fb-a1bf-8becafeef185_1.f7cb7c48ecef342fee5c51738fece7c3.jpeg,color glides precisely quickly covers coat dries 60 secondsone stroke coat nail color covers coat brilliantly perfectionist brush contours nail color glides precisely quickly flawlessly exclusive flexiglass complex combines beautiful brilliant shine super strong wear simple dries 60 seconds,"beauty, nail, care, nail, polish, sally, hansen, nail, polish, sally, hansen, color, glides, precisely, quickly, covers, coat, dries, 60, secondsone, stroke, coat, nail, color, covers, coat, brilliantly, perfectionist, brush, contours, nail, color, glides, precisely, quickly, flawlessly, exclusive, flexiglass, complex, combines, beautiful, brilliant, shine, super, strong, wear, simple, dries, 60, seconds"
53.0,9.0,4.6,1332,"beauty, beauty, topic, mindful, beauty, mindful, beauty, cosmetics",burt bees,burts bees 100 natural moisturizing lip shimmer fig  1 tube,265,https://i5.walmartimages.com/asr/c6c31fc5-aa08-46cf-a0dc-449782c778d5.aa05eafe05faef5e6a81b0fb661763d1.jpeg,burts bees lip shimmer keeps lips hydrated slightly hint color lip shimmer comes slim tube available 14 shimmering shades fig shade dark coral hue right natural looking color shimmer lip shimmers glide perfect compliment moisture touch color enriched shea butter beeswax antioxidant rich fruit oils moisturize nourish soften lips naturally 100 natural moisturizing lip tint smooth texture looks great layer favorite lipstick lip glosses free parabens phthalates petrolatum sls natural beauty product 14 available shades pink plum peach cocoa mauve flatter nourish lips naturally day night slim size tube conveniently carry multiple colors purse burts bees color luminous shimmer helps lips look healthy natural lip shimmer nourish lips touch luminescent color burts bees fig lip shimmer natural everyday look lip color hydrate sooth lips sunflower oil vitamin e refreshing tingle peppermint oil moisturize swipe conditioning lip color antioxidant rich fruit oils leaves lips soft moisturized natural makeup enriched 100 natural ingredients burts bees lip shimmer perfect hint color ve looking tinted lip color let fabulously flattering shade enhance natural lip add smooch color,"beauty, beauty, topic, mindful, beauty, mindful, beauty, cosmetics, burt, bees, burts, bees, lip, shimmer, keeps, lips, hydrated, slightly, hint, color, lip, shimmer, comes, slim, tube, available, 14, shimmering, shades, fig, shade, dark, coral, hue, right, natural, looking, color, shimmer, lip, shimmers, glide, perfect, compliment, moisture, touch, color, enriched, shea, butter, beeswax, antioxidant, rich, fruit, oils, moisturize, nourish, soften, lips, naturally, 100, natural, moisturizing, lip, tint, smooth, texture, looks, great, layer, favorite, lipstick, lip, glosses, free, parabens, phthalates, petrolatum, sls, natural, beauty, product, 14, available, shades, pink, plum, peach, cocoa, mauve, flatter, nourish, lips, naturally, day, night, slim, size, tube, conveniently, carry, multiple, colors, purse, burts, bees, color, luminous, shimmer, helps, lips, look, healthy, natural, lip, shimmer, nourish, lips, touch, luminescent, color, burts, bees, fig, lip, shimmer, natural, everyday, look, lip, color, hydrate, sooth, lips, sunflower, oil, vitamin, e, refreshing, tingle, peppermint, oil, moisturize, swipe, conditioning, lip, color, antioxidant, rich, fruit, oils, leaves, lips, soft, moisturized, natural, makeup, enriched, 100, natural, ingredients, burts, bees, lip, shimmer, perfect, hint, color, ve, looking, tinted, lip, color, let, fabulously, flattering, shade, enhance, natural, lip, add, smooch, color"
45.0,1.0,4.0,163,"beauty, makeup, eye, makeup, mascara, waterproof, mascara",covergirl,covergirl lash exact waterproof mascara,266,https://i5.walmartimages.com/asr/64271258-d00d-443f-b249-cf43df608b43_1.a975f12ee1b60552030b6dd46889a4b4.jpeg,defining lengthening black waterproof,"beauty, makeup, eye, makeup, mascara, waterproof, mascara, covergirl, defining, lengthening, black, waterproof"
6.0,5.0,4.6,1588,"personal, care, bath, body, body, wash, shower, gel",mrs meyer clean day,mrs meyers clean day body wash rainwater scent 16 ounce bottle,273,https://i5.walmartimages.com/asr/bd087742-f044-40a9-ba1f-364ffb2ba9c0_1.f7279c64f3993faf1d0b1d0f667ecf00.jpeg,mrs meyers clean day body wash specifically total body cleansing providing special singular scent entire home drops rainwater fall leaves noses fill air rainwater scented body wash scent clean hinting white flowers splash puddle moisturizing body wash gives skin soothing refreshing clean deserves aloe vera gel essential oils flaxseed oil thoughtfully chosen ingredients leave skin smooth soft delicate foam rinses clean available garden inspired scents products lotions laundry detergents candles mrs meyers rooted goodness moisturizing body wash leaves skin feeling smooth soft refreshed dermatologically tested rainwater scented body wash fragrance clean drops rainwater fall leaves noses fill air aloe vera gel essential oils flaxseed oil thoughtfully chosen ingredients mrs meyers produces cruelty free body wash products tested animals,"personal, care, bath, body, body, wash, shower, gel, mrs, meyer, clean, day, mrs, meyers, clean, day, body, wash, specifically, total, body, cleansing, providing, special, singular, scent, entire, home, drops, rainwater, fall, leaves, noses, fill, air, rainwater, scented, body, wash, scent, clean, hinting, white, flowers, splash, puddle, moisturizing, body, wash, gives, skin, soothing, refreshing, clean, deserves, aloe, vera, gel, essential, oils, flaxseed, oil, thoughtfully, chosen, ingredients, leave, skin, smooth, soft, delicate, foam, rinses, clean, available, garden, inspired, scents, products, lotions, laundry, detergents, candles, mrs, meyers, rooted, goodness, moisturizing, body, wash, leaves, skin, feeling, smooth, soft, refreshed, dermatologically, tested, rainwater, scented, body, wash, fragrance, clean, drops, rainwater, fall, leaves, noses, fill, air, aloe, vera, gel, essential, oils, flaxseed, oil, thoughtfully, chosen, ingredients, mrs, meyers, produces, cruelty, free, body, wash, products, tested, animals"
81.0,1.0,4.1,26,"personal, care, incontinence, incontinence",quik sorb,essential medical supply quiksorb pull on reusable incontinent pants  extra large,284,https://i5.walmartimages.com/asr/16fecb41-3196-46ab-b25d-0eb57c2bf3d5_1.32f8260b1fd1210b75ff964e0339241a.jpeg,essential medical supply quik sorb pull incontinent pants soft waterproof medical vinyl reduced noise improved comfort pull style features elastic conform body wearable secure fit size options available meet needs pants machine washable essential medical supply quik sorb pull incontinent pants elasticized waist legs help prevent leaks soft quiet medical grade vinyl machine washable wear current undergarments disposable underwear,"personal, care, incontinence, incontinence, quik, sorb, essential, medical, supply, quik, sorb, pull, incontinent, pants, soft, waterproof, medical, vinyl, reduced, noise, improved, comfort, pull, style, features, elastic, conform, body, wearable, secure, fit, size, options, available, meet, needs, pants, machine, washable, essential, medical, supply, quik, sorb, pull, incontinent, pants, elasticized, waist, legs, help, prevent, leaks, soft, quiet, medical, grade, vinyl, machine, washable, wear, current, undergarments, disposable, underwear"
81.0,16.0,4.5,70,"beauty, makeup, eye, makeup, eyeliner, liquid, eyeliner",revlon,revlon colorstay skinny liquid liner 304 green spark 008 fl oz,294,https://i5.walmartimages.com/asr/aa3b20a6-3d6d-4576-a0f7-f6d4bb8a3cbb_1.a023d42d6dc2c0cb35bee0b531229f62.jpeg,304 green spark liquid liner skinny lines day ultra fine mm applicator tip easy apply mistake proof control wo nt smudge fade transfer ophthalmogist colorstay skinny liquid liner 304 green spark,"beauty, makeup, eye, makeup, eyeliner, liquid, eyeliner, revlon, 304, green, spark, liquid, liner, skinny, lines, day, ultra, fine, mm, applicator, tip, easy, apply, mistake, proof, control, wo, nt, smudge, fade, transfer, ophthalmogist, colorstay, skinny, liquid, liner, 304, green, spark"
13.0,98.0,4.1,5424,"personal, care, feminine, care, feminine, care",rephresh,rephresh prob probiotic supplement for women 30 oral capsules,297,https://i5.walmartimages.com/asr/d4600e4f-340c-4944-8783-f7dee3e40e90.873cfdf54647b41292787e0902f72418.jpeg,rephresh pro b feminine probiotic supplement taken orally day balance yeast bacteria 5 billion beneficial bacteria serving time manufacture rephresh pro b feminine probiotic supplement contains patented clinically tested strains lactobacillus rhamnosus reuteri proprietary probiotic blend balances yeast bacteria maintain feminine health balances yeast bacteria maintain feminine health capsule day clinically tested probiotic 1 trusted brand gynecologist recommended brand,"personal, care, feminine, care, feminine, care, rephresh, rephresh, pro, b, feminine, probiotic, supplement, taken, orally, day, balance, yeast, bacteria, 5, billion, beneficial, bacteria, serving, time, manufacture, rephresh, pro, b, feminine, probiotic, supplement, contains, patented, clinically, tested, strains, lactobacillus, rhamnosus, reuteri, proprietary, probiotic, blend, balances, yeast, bacteria, maintain, feminine, health, balances, yeast, bacteria, maintain, feminine, health, capsule, day, clinically, tested, probiotic, 1, trusted, brand, gynecologist, recommended, brand"
80.0,5.0,3.0,4,"beauty, hair, care, shampoo, shampoo",tigi,tigi bed head rockaholic dirty secret dry shampoo 63 oz,302,https://i5.walmartimages.com/asr/4ac40f06-b021-4604-9f6b-9d6cdd17f4ce_1.5b1c05d4b562a31b4b8c0a47a9ac705d.jpeg,party like rock star best dry shampoo dry hair salon enjoy tigi bed head rockaholic dirty secret dry shampoo absorbs excess oils found naturally hair leaves locks smelling wonderfully fresh dry shampoo perfect people hair types means party night long concern locks greasy morning use shampoo regularly grease thing past tresses extra protection having shampoo hair single morning simply need spray directly roots brush look showered finally tigi bed head rockaholic dirty secret dry shampoo comes colorless formula worry showing pillowcase banish grease head excellent dry bed head rockaholic dirty secret dry shampoo oz,"beauty, hair, care, shampoo, shampoo, tigi, party, like, rock, star, best, dry, shampoo, dry, hair, salon, enjoy, tigi, bed, head, rockaholic, dirty, secret, dry, shampoo, absorbs, excess, oils, found, naturally, hair, leaves, locks, smelling, wonderfully, fresh, dry, shampoo, perfect, people, hair, types, means, party, night, long, concern, locks, greasy, morning, use, shampoo, regularly, grease, thing, past, tresses, extra, protection, having, shampoo, hair, single, morning, simply, need, spray, directly, roots, brush, look, showered, finally, tigi, bed, head, rockaholic, dirty, secret, dry, shampoo, comes, colorless, formula, worry, showing, pillowcase, banish, grease, head, excellent, dry, bed, head, rockaholic, dirty, secret, dry, shampoo, oz"
9.0,1.0,5.0,2,"beauty, curl, shop, wavy, hair, products",marc anthony,marc anthony defrizzing coconut cream curls conditioner 84 fl oz,303,https://i5.walmartimages.com/asr/f9ab5cca-788c-4be6-9e8e-00c5ea219edc_1.987863cb1dc394d3549981b532d19f86.jpeg,gorgeous bouncy curls marc anthony curls conditioner luxurious conditioner gives curly wavy hair new lease life rich coconut scent delight senses marc anthony conditioner lightweight non sticky formula controls defines curls eliminates frizz richly hydrating coconut oils provide intense hydration leaving curls soft natural frizz free finish shines day best results pair coconut cream conditioner companion marc anthony coconut cream curls shampoo additional marc anthony products sold separately marc anthony coconut cream curls conditioner offers supreme moisture leave hair feeling hydrated renewed apply coconut cream conditioner bouncy day curls sulfate free formula ensures safe use hair types including color treated hair rich coconut fragrance best results combine companion marc anthony coconut cream curls shampoo additional products sold separately oz size,"beauty, curl, shop, wavy, hair, products, marc, anthony, gorgeous, bouncy, curls, marc, anthony, curls, conditioner, luxurious, conditioner, gives, curly, wavy, hair, new, lease, life, rich, coconut, scent, delight, senses, marc, anthony, conditioner, lightweight, non, sticky, formula, controls, defines, curls, eliminates, frizz, richly, hydrating, coconut, oils, provide, intense, hydration, leaving, curls, soft, natural, frizz, free, finish, shines, day, best, results, pair, coconut, cream, conditioner, companion, marc, anthony, coconut, cream, curls, shampoo, additional, marc, anthony, products, sold, separately, marc, anthony, coconut, cream, curls, conditioner, offers, supreme, moisture, leave, hair, feeling, hydrated, renewed, apply, coconut, cream, conditioner, bouncy, day, curls, sulfate, free, formula, ensures, safe, use, hair, types, including, color, treated, hair, rich, coconut, fragrance, best, results, combine, companion, marc, anthony, coconut, cream, curls, shampoo, additional, products, sold, separately, oz, size"
7.0,2.0,4.2,635,"beauty, makeup, face, makeup, foundation, deep, foundation, shades",wet n wild,wet n wild photo focus pressed powder dark café,307,https://i5.walmartimages.com/asr/57bd497f-0d5c-44d1-8039-2f1f5b387b52.cd61296b9f5861c3528bbe655fd6acf0.jpeg,smartphone met makeup match pack genius pressed powder bag endlessly amazing photos time light diffusing pigments skin veil silky natural looking perfection photos irl wear bare skin photo focus foundation flawless finish light diffusing pigments skin veil silky natural looking perfection photos irl sets makeup unbelievably soft satin finish reducing shine day shade covers range skin tones shade covers range skin tones sheer silky lightweight formula looks natural light helps eliminate photo flashback worn finishing powder formulated light diffusing pigments,"beauty, makeup, face, makeup, foundation, deep, foundation, shades, wet, n, wild, smartphone, met, makeup, match, pack, genius, pressed, powder, bag, endlessly, amazing, photos, time, light, diffusing, pigments, skin, veil, silky, natural, looking, perfection, photos, irl, wear, bare, skin, photo, focus, foundation, flawless, finish, light, diffusing, pigments, skin, veil, silky, natural, looking, perfection, photos, irl, sets, makeup, unbelievably, soft, satin, finish, reducing, shine, day, shade, covers, range, skin, tones, shade, covers, range, skin, tones, sheer, silky, lightweight, formula, looks, natural, light, helps, eliminate, photo, flashback, worn, finishing, powder, formulated, light, diffusing, pigments"
90.0,84.0,4.8,13,"beauty, makeup, nails",sally hansen,sally hansen removers extra strength remover 8 oz,325,https://i5.walmartimages.com/asr/5b3aa612-0a01-4607-82a8-49127bfe8e8f_1.68335878b5acfdc711a436ecde3ba04c.jpeg,sally hansen extra strength extra fast nail polish remover enriched blend essential nutrients formulated strong healthy nails cuticles sally hansen extra strength nail polish remover designed 20 percent stronger 50 percent faster brands contains special mix pro vitamin b5 vitamin e quickly effortlessly dissolve polish makes easy remove unwanted nail polish fingers toes nail types 8 fl oz sally hansen nail polish remover vitamin e special blend helps dissolve polish replace needed moisture nails remove toughest polish darkest colors quickly hansen removers extra strength remover 8 oz,"beauty, makeup, nails, sally, hansen, sally, hansen, extra, strength, extra, fast, nail, polish, remover, enriched, blend, essential, nutrients, formulated, strong, healthy, nails, cuticles, sally, hansen, extra, strength, nail, polish, remover, designed, 20, percent, stronger, 50, percent, faster, brands, contains, special, mix, pro, vitamin, b5, vitamin, e, quickly, effortlessly, dissolve, polish, makes, easy, remove, unwanted, nail, polish, fingers, toes, nail, types, 8, fl, oz, sally, hansen, nail, polish, remover, vitamin, e, special, blend, helps, dissolve, polish, replace, needed, moisture, nails, remove, toughest, polish, darkest, colors, quickly, hansen, removers, extra, strength, remover, 8, oz"
72.0,3.0,4.6,336,"personal, care, oral, care, toothbrushes, manual, toothbrushes, colgate, toothbrushes",colgate,colgate 360 toothbrush with tongue and cheek cleaner medium  4 count,362,https://i5.walmartimages.com/asr/75048bb9-5aed-4def-966d-4b4512ce17a9.ed4b752e324d975782c0db6e15aba501.png,colgate 360⁰ adult head toothbrush designed medium cleaning bristles polishing cups help remove plaque stains ordinary flat trim toothbrush manual toothbrush ergonomic handle design unique cheek tongue cleaner helps reduce 151 bacteria cause bad breath versus brushing teeth ordinary flat trim toothbrush colgate 360 toothbrush tongue cheek cleaner medium 4 count toothbrush reduces 151 bacteria bacteria cause bad breath brushing teeth ordinary flat trim toothbrush cleaning bristles polishing cups help remove plaque stains cheek tongue cleaner ergonomic handle design healthier mouth clean brushing teeth ordinary flat trim toothbrush,"personal, care, oral, care, toothbrushes, manual, toothbrushes, colgate, toothbrushes, colgate, colgate, 360⁰, adult, head, toothbrush, designed, medium, cleaning, bristles, polishing, cups, help, remove, plaque, stains, ordinary, flat, trim, toothbrush, manual, toothbrush, ergonomic, handle, design, unique, cheek, tongue, cleaner, helps, reduce, 151, bacteria, cause, bad, breath, versus, brushing, teeth, ordinary, flat, trim, toothbrush, colgate, 360, toothbrush, tongue, cheek, cleaner, medium, 4, count, toothbrush, reduces, 151, bacteria, bacteria, cause, bad, breath, brushing, teeth, ordinary, flat, trim, toothbrush, cleaning, bristles, polishing, cups, help, remove, plaque, stains, cheek, tongue, cleaner, ergonomic, handle, design, healthier, mouth, clean, brushing, teeth, ordinary, flat, trim, toothbrush"
1.0,2.0,5.0,1,"personal, care, feminine, care, feminine, care",vagisil,vagisil antiitch medicated wipes 20 each pack of 2,373,https://i5.walmartimages.com/asr/9a7992bb-cab9-422f-89b5-69f7b2e25bc5_1.c71c0ba4796b284c372e53a7f4524987.jpeg,free shipping pack 2 pack 2 upc 011509060037 better understanding better intimate care active ingredients pramoxine hydrochloride 1 w w inactive ingredients water polysorbate 20 glycerin glyceryl cocoate disodium cocoamphodiacetate tea cocoyl glutamate disodium edta tocopheryl acetate retinyl palmitate cholcalciferol zea mays corn oil aloe barbadensis phenoxyethanol methylparaben ethylparaben fragrance uses temporarily relieves itching instant relief intense itch patented odor block protection cleanses relieving itch contains 20 soft flushable wipes,"personal, care, feminine, care, feminine, care, vagisil, free, shipping, pack, 2, pack, 2, upc, 011509060037, better, understanding, better, intimate, care, active, ingredients, pramoxine, hydrochloride, 1, w, w, inactive, ingredients, water, polysorbate, 20, glycerin, glyceryl, cocoate, disodium, cocoamphodiacetate, tea, cocoyl, glutamate, disodium, edta, tocopheryl, acetate, retinyl, palmitate, cholcalciferol, zea, mays, corn, oil, aloe, barbadensis, phenoxyethanol, methylparaben, ethylparaben, fragrance, uses, temporarily, relieves, itching, instant, relief, intense, itch, patented, odor, block, protection, cleanses, relieving, itch, contains, 20, soft, flushable, wipes"
8.0,22.0,5.0,1,"health, superfoods, cleanses, liver, cleanse",dr tobias,dr tobias candida support capsules 120 ct,377,https://i5.walmartimages.com/asr/3a072b9a-cc7b-4eda-aa96-680ba0e012f0_1.9faa6535f8af41c5b4bd4b79bde7c5fe.jpeg,good health balance formulation candida support designed help detox cleanse body supporting intestinal flora help ensure healthy digestive system better immune system complex balance getting right far reaching effects helping support energy levels overall tobias candida support capsules 120 ct,"health, superfoods, cleanses, liver, cleanse, dr, tobias, good, health, balance, formulation, candida, support, designed, help, detox, cleanse, body, supporting, intestinal, flora, help, ensure, healthy, digestive, system, better, immune, system, complex, balance, getting, right, far, reaching, effects, helping, support, energy, levels, overall, tobias, candida, support, capsules, 120, ct"
6.0,7.0,4.6,39,"household, essentials, air, fresheners, automatic, air, fresheners, air, wick, automatic, sprayers",air wick,air wick freshmatic refill automatic spray snuggle fresh linen 617oz air freshener,379,https://i5.walmartimages.com/asr/8b869672-4563-418c-83d8-ee26644838cf_1.6bbe1b23c257d7f1d7b906aa82bba484.jpeg,air wick freshmatic ultra automatic air freshener fills home continuous fresh fragrance refill provides continuous fragrance 60 days freshmatic diffuser 3 settings achieve desired fragrance level enjoy continuous freshness bathroom living room office den confidence knowing home welcoming pleasurable family unexpected guests based low setting familiar smell fresh clean laundry sunshine pure white flowers blend contains natural essential oils better fragrance experience freshmatic refill provides 60 days automatic continuous fragrance refills use air wick freshmatic automatic spray gadgets use room living room bathroom bedroom hallways kitchens office,"household, essentials, air, fresheners, automatic, air, fresheners, air, wick, automatic, sprayers, air, wick, air, wick, freshmatic, ultra, automatic, air, freshener, fills, home, continuous, fresh, fragrance, refill, provides, continuous, fragrance, 60, days, freshmatic, diffuser, 3, settings, achieve, desired, fragrance, level, enjoy, continuous, freshness, bathroom, living, room, office, den, confidence, knowing, home, welcoming, pleasurable, family, unexpected, guests, based, low, setting, familiar, smell, fresh, clean, laundry, sunshine, pure, white, flowers, blend, contains, natural, essential, oils, better, fragrance, experience, freshmatic, refill, provides, 60, days, automatic, continuous, fragrance, refills, use, air, wick, freshmatic, automatic, spray, gadgets, use, room, living, room, bathroom, bedroom, hallways, kitchens, office"
2.0,3.0,4.0,4,"premium, beauty, premium, men, grooming, premium, colognes",montblanc,montblanc emblem eau de toilette cologne for men 33 oz,380,https://i5.walmartimages.com/asr/e37ad486-dc01-4e0e-aa98-a1b1cd0eb736_1.b9cc47d06d4d17e5ca96ec5e23a9096d.jpeg,,"premium, beauty, premium, men, grooming, premium, colognes, montblanc,"
7.0,5.0,4.5,47,"beauty, skin, care, facial, cleansers, facial, cleansers",oxy,oxy rapid treatment face wash 5 fl oz,382,https://i5.walmartimages.com/asr/e37db4c3-f8b8-46c4-a4dc-fe7c0b384e35_1.248340ac2bf2e6bdd4d8fd56c11c9c8f.jpeg,oxy acne medication face wash offers powerful solution getting rid acne formulated benzoyl peroxide number ingredient recommended doctors treating breakouts oil free face wash gentle effective formula kills acne causing bacteria fragrance free people sensitivity chemical scents use skin soothing agents wash help reduce redness calm irritated skin product dermatologist tested safety effectiveness oxy maximum action advanced face wash treats helps prevent acne kills acne bacteria clinically proven visibly clearer skin 10 benzoyl peroxide specifically formulated soothe irritation boost skin cell renewal 5 oz oxy rapid treatment face wash tube comes squeeze tube easy dispensing application use free oxy 28 day challenge app track results,"beauty, skin, care, facial, cleansers, facial, cleansers, oxy, oxy, acne, medication, face, wash, offers, powerful, solution, getting, rid, acne, formulated, benzoyl, peroxide, number, ingredient, recommended, doctors, treating, breakouts, oil, free, face, wash, gentle, effective, formula, kills, acne, causing, bacteria, fragrance, free, people, sensitivity, chemical, scents, use, skin, soothing, agents, wash, help, reduce, redness, calm, irritated, skin, product, dermatologist, tested, safety, effectiveness, oxy, maximum, action, advanced, face, wash, treats, helps, prevent, acne, kills, acne, bacteria, clinically, proven, visibly, clearer, skin, 10, benzoyl, peroxide, specifically, formulated, soothe, irritation, boost, skin, cell, renewal, 5, oz, oxy, rapid, treatment, face, wash, tube, comes, squeeze, tube, easy, dispensing, application, use, free, oxy, 28, day, challenge, app, track, results"
2.0,52.0,4.8,4,"health, aromatherapy, essential, oils, essential, oils",healing solutions,organic tea tree essential oil roll on 2 pack  usda certified organic prediluted with glass roller ball  10ml bottle,387,https://i5.walmartimages.com/asr/403a4e7f-a939-4634-ad4e-6eb0593a1352_1.dd3c5163f355218ac753e8422a01eb4f.jpeg,organic tea tree essential oil roll 2 pack usda certified organic pre diluted glass roller ball 10ml bottle contains 100 pure tea tree essential oil tea tree rollon uses 100 pure tea tree oil blended fractionated coconut oil pre diluted formula s safe ready use buy free 2 rollons price competitors single packs smooth glass roller ball roll products use glass roller smooth easy application unique amazing smelling tea tree oil absolutely amazed receive refund manufacturer healing solutions questions asked,"health, aromatherapy, essential, oils, essential, oils, healing, solutions, organic, tea, tree, essential, oil, roll, 2, pack, usda, certified, organic, pre, diluted, glass, roller, ball, 10ml, bottle, contains, 100, pure, tea, tree, essential, oil, tea, tree, rollon, uses, 100, pure, tea, tree, oil, blended, fractionated, coconut, oil, pre, diluted, formula, s, safe, ready, use, buy, free, 2, rollons, price, competitors, single, packs, smooth, glass, roller, ball, roll, products, use, glass, roller, smooth, easy, application, unique, amazing, smelling, tea, tree, oil, absolutely, amazed, receive, refund, manufacturer, healing, solutions, questions, asked"
13.0,61.0,5.0,1,"beauty, hair, care, hair, care, brands, hair, care",paris,loreal excellence creme  912nb lightest natural blonde natural 1 each pack of 3,388,https://i5.walmartimages.com/asr/bb42a499-2881-41b1-a011-93c5a3ead5b2_1.d6e343a53e3e46cee0edd426190f30b0.jpeg,free shipping pack 3 pack 3 upc 071249210796 worth colorlorealactive ingredients protective color creme water cetearyl alcohol propylene glycol ammonium hydroxide hexadimethrine chloride lauric acid glycol distearate ethanolamine silica dimethyl silylate pentasodium pentetate fragrance sodium metabisulfite carbomer ascorbic acid ci77891 titanium dioxide linalool p phenylenediamine resorcinol butylphenyl methylpropional hydroxybenzomorpholine dimethicone m aminophenol hydroxypropyl hydroxyethyl p phenylenediamine hcl protective creme developer water hydrogen peroxide cetearyl alcohol carboxamide mea glycerin pentasodium pentetate sodium stannate tetrasodium pyrophosphate protective pre color serum water cetearyl alcohol glycerin carboxamide mea phenoxyethanol fragrance hexadimethrine chloride methylparaben pentasodium pentetate hydrolyzed oats butylparaben ethylparaben linalool benzyl salicylate propylparaben isobutylparaben citric acid amyl cinnamal benzyl benzoate citronellol geraniol 2 octadecanediol protective ceramide protein conditioner water cetearyl alcohol glycerin behentrimonium chloride amodimethicone cetyl esters isopropyl alcohol hydroxypropyltrimonium hydrolyzed wheat protein hydroxyisohexyl 3 cyclohexene carboxaldehyde chlorhexidine dihydrochloride panthenol candelilla cera candelilla wax benzyl salicylate 2 octadecanediol alpha isomethyl ionone methylparaben cetrimonium chloride citronellol butylphenyl methylpropional fragrancecolor results guide shade chart package suggests color results 9 color results vary depending natural hair color light blonde medium blonde dark blonde special advice 50 gray hair results slightly lighter looking color results guide red hair color results lightest red brown black hair shade recommended shade natural tone enhance minimize triple protection color creme protects better covers gray better time time protective pre color serum treats fragile areas hair particularly dry ends color hair protected prepared colored evenly excellences extra protective color creme gives hair rich radiant color covers resistant grays perfectly covers gray better non drip creme wraps strand multi dose color conditioner deep treats hair coloring protects hair coloring result 100 perfect gray coverage rich deep perfectly color fragile hair perfectly protected weeks kit contains protective color creme protective creme developer protective ceramide protein conditioner insert salon gloves exclusive applicolor comb protective pre color serum compared leading competitors selling haircolor cause allergic reaction certain rare cases severe follow precautions use reaction haircolor product sensitive itchy damaged scalp tattoo risks allergic reaction increased perform skin allergy test 48 hours use product insert remember buy product 2 days ahead time avoid contact product eyes skin product,"beauty, hair, care, hair, care, brands, hair, care, paris, free, shipping, pack, 3, pack, 3, upc, 071249210796, worth, colorlorealactive, ingredients, protective, color, creme, water, cetearyl, alcohol, propylene, glycol, ammonium, hydroxide, hexadimethrine, chloride, lauric, acid, glycol, distearate, ethanolamine, silica, dimethyl, silylate, pentasodium, pentetate, fragrance, sodium, metabisulfite, carbomer, ascorbic, acid, ci77891, titanium, dioxide, linalool, p, phenylenediamine, resorcinol, butylphenyl, methylpropional, hydroxybenzomorpholine, dimethicone, m, aminophenol, hydroxypropyl, hydroxyethyl, p, phenylenediamine, hcl, protective, creme, developer, water, hydrogen, peroxide, cetearyl, alcohol, carboxamide, mea, glycerin, pentasodium, pentetate, sodium, stannate, tetrasodium, pyrophosphate, protective, pre, color, serum, water, cetearyl, alcohol, glycerin, carboxamide, mea, phenoxyethanol, fragrance, hexadimethrine, chloride, methylparaben, pentasodium, pentetate, hydrolyzed, oats, butylparaben, ethylparaben, linalool, benzyl, salicylate, propylparaben, isobutylparaben, citric, acid, amyl, cinnamal, benzyl, benzoate, citronellol, geraniol, 2, octadecanediol, protective, ceramide, protein, conditioner, water, cetearyl, alcohol, glycerin, behentrimonium, chloride, amodimethicone, cetyl, esters, isopropyl, alcohol, hydroxypropyltrimonium, hydrolyzed, wheat, protein, hydroxyisohexyl, 3, cyclohexene, carboxaldehyde, chlorhexidine, dihydrochloride, panthenol, candelilla, cera, candelilla, wax, benzyl, salicylate, 2, octadecanediol, alpha, isomethyl, ionone, methylparaben, cetrimonium, chloride, citronellol, butylphenyl, methylpropional, fragrancecolor, results, guide, shade, chart, package, suggests, color, results, 9, color, results, vary, depending, natural, hair, color, light, blonde, medium, blonde, dark, blonde, special, advice, 50, gray, hair, results, slightly, lighter, looking, color, results, guide, red, hair, color, results, lightest, red, brown, black, hair, shade, recommended, shade, natural, tone, enhance, minimize, triple, protection, color, creme, protects, better, covers, gray, better, time, time, protective, pre, color, serum, treats, fragile, areas, hair, particularly, dry, ends, color, hair, protected, prepared, colored, evenly, excellences, extra, protective, color, creme, gives, hair, rich, radiant, color, covers, resistant, grays, perfectly, covers, gray, better, non, drip, creme, wraps, strand, multi, dose, color, conditioner, deep, treats, hair, coloring, protects, hair, coloring, result, 100, perfect, gray, coverage, rich, deep, perfectly, color, fragile, hair, perfectly, protected, weeks, kit, contains, protective, color, creme, protective, creme, developer, protective, ceramide, protein, conditioner, insert, salon, gloves, exclusive, applicolor, comb, protective, pre, color, serum, compared, leading, competitors, selling, haircolor, cause, allergic, reaction, certain, rare, cases, severe, follow, precautions, use, reaction, haircolor, product, sensitive, itchy, damaged, scalp, tattoo, risks, allergic, reaction, increased, perform, skin, allergy, test, 48, hours, use, product, insert, remember, buy, product, 2, days, ahead, time, avoid, contact, product, eyes, skin, product"
1.0,6.0,4.2,5,"premium, beauty, premium, hair, care, premium, styling, products, hair, mousse",aquage,aquage seaextend silkening oil foam 8 oz,398,https://i5.walmartimages.com/asr/57e82602-224a-4333-9a8b-9d40a7153d61_1.157eb63910daf058a8634961fa02bb07.jpeg,,"premium, beauty, premium, hair, care, premium, styling, products, hair, mousse, aquage,"
7.0,8.0,5.0,4,"household, essentials, air, fresheners, spray, air, fresheners, trigger, spray, trigger, spray",scentennials,scentennials linen spray white ginger 32oz 2pack  a must have for all your linens laundry basket or just spray around the house,402,https://i5.walmartimages.com/asr/07f37263-7751-4f9b-9d44-ae3950796d44_1.1e5189a41cf461692ca405442cb7c780.jpeg,scentennials linen room spray linens laundry basket spray house natural spray sulfate free petro chemical free silicone free paraben free animal testing contains 95 demineralized water 5 fragrance oil emulsifier fine beautifully fragranced linen room spray available 32 oz 1 pack 2 pack following fragrances lavender rose jasmine white ginger plumeria green tea lemon wonderful long lasting scent evoke inner peace enhance mood refreshing soft fragrance built pure lavender lavenders aroma floral herbaceous spray laundry removing dryer ironing spray bed sheets pillow cases bath towels draperies clothing eliminate odors eliminate odors bacteria mothball alternative natural insect repellent safe pets children mood enhancer uplift spirits wonderful scent sleep aid sprayed pillow recommended places spray exercise rooms bathrooms yoga mats mattresses sheets pillows offices laundry baskets sports bags vehicles,"household, essentials, air, fresheners, spray, air, fresheners, trigger, spray, trigger, spray, scentennials, scentennials, linen, room, spray, linens, laundry, basket, spray, house, natural, spray, sulfate, free, petro, chemical, free, silicone, free, paraben, free, animal, testing, contains, 95, demineralized, water, 5, fragrance, oil, emulsifier, fine, beautifully, fragranced, linen, room, spray, available, 32, oz, 1, pack, 2, pack, following, fragrances, lavender, rose, jasmine, white, ginger, plumeria, green, tea, lemon, wonderful, long, lasting, scent, evoke, inner, peace, enhance, mood, refreshing, soft, fragrance, built, pure, lavender, lavenders, aroma, floral, herbaceous, spray, laundry, removing, dryer, ironing, spray, bed, sheets, pillow, cases, bath, towels, draperies, clothing, eliminate, odors, eliminate, odors, bacteria, mothball, alternative, natural, insect, repellent, safe, pets, children, mood, enhancer, uplift, spirits, wonderful, scent, sleep, aid, sprayed, pillow, recommended, places, spray, exercise, rooms, bathrooms, yoga, mats, mattresses, sheets, pillows, offices, laundry, baskets, sports, bags, vehicles"
8.0,15.0,4.6,33,"personal, care, shaving, men, shaving",gillette,3 pack  gillette after shave gel sensitive skin 250 oz,405,https://i5.walmartimages.com/asr/34c4a590-f089-4f45-818b-85a5647055df_1.0ecd431afaeff19d37c1e3f8453824c1.jpeg,pack 3 upc 047400188082 best man shavep g beautyactive ingredients water alcohol denat cyclopentasiloxane dimethicone triethanolamine fragrance parfum menthyl lactate phenoxyethanol carbomer polysorbate 80 disodium edta green 3uses refreshes shaved skin lightly fragranced sensitive skin,"personal, care, shaving, men, shaving, gillette, pack, 3, upc, 047400188082, best, man, shavep, g, beautyactive, ingredients, water, alcohol, denat, cyclopentasiloxane, dimethicone, triethanolamine, fragrance, parfum, menthyl, lactate, phenoxyethanol, carbomer, polysorbate, 80, disodium, edta, green, 3uses, refreshes, shaved, skin, lightly, fragranced, sensitive, skin"
8.0,11.0,5.0,1,"beauty, beauty, hair, care, hair, tools, hair, scalp, treatments",orofluido,orofluido  beauty elixir 33oz,411,https://i5.walmartimages.com/asr/d2112146-1269-4d53-b234-67ed02084add_1.fe20103fd1f7e197dcd47a462af43f4d.jpeg,orofluido elixir formulated argan cyperus linseed oils hair shine residue oz sku adib004fet2qu,"beauty, beauty, hair, care, hair, tools, hair, scalp, treatments, orofluido, orofluido, elixir, formulated, argan, cyperus, linseed, oils, hair, shine, residue, oz, sku, adib004fet2qu"
47.0,1.0,3.0,1,"beauty, makeup, face, makeup, concealer, stick, concealer",shany,shany crème concealer stick  paraben freetalc free  lw1,416,https://i5.walmartimages.com/asr/15f980fb-f5c4-4f68-91c5-ec4aee859b5b_1.ff22e3e29d3a2b06a76eecfeea3e3891.jpeg,multi purpose shany crème concealer hides flaws dark spots redness blemishes dark circles heals soothes protects miracle formula natural ingredients talc paraben perfect skin type concealer skin hydrated beeswax cera alba shea butter butyrospermum parkii vitamin e tocopheryl acetate time improve appearance dry damaged skin vitamin retinyl palmitate vitamin c ascorbic palmitate leave skin super soft prevent photo damage application takes time goes evenly smooth produces matte finish coverage concealer comes diverse shades variety skin tones application easy day humid crème concealer stick paraben lw1 achieve natural glow concealer stick apply cover skin imperfections acne blemishes visibly soothes fine lines eyes blends easily dries smudge free designed manufactured tested animals available variety skin tones great hiding dark circles eyes,"beauty, makeup, face, makeup, concealer, stick, concealer, shany, multi, purpose, shany, crème, concealer, hides, flaws, dark, spots, redness, blemishes, dark, circles, heals, soothes, protects, miracle, formula, natural, ingredients, talc, paraben, perfect, skin, type, concealer, skin, hydrated, beeswax, cera, alba, shea, butter, butyrospermum, parkii, vitamin, e, tocopheryl, acetate, time, improve, appearance, dry, damaged, skin, vitamin, retinyl, palmitate, vitamin, c, ascorbic, palmitate, leave, skin, super, soft, prevent, photo, damage, application, takes, time, goes, evenly, smooth, produces, matte, finish, coverage, concealer, comes, diverse, shades, variety, skin, tones, application, easy, day, humid, crème, concealer, stick, paraben, lw1, achieve, natural, glow, concealer, stick, apply, cover, skin, imperfections, acne, blemishes, visibly, soothes, fine, lines, eyes, blends, easily, dries, smudge, free, designed, manufactured, tested, animals, available, variety, skin, tones, great, hiding, dark, circles, eyes"
6.0,9.0,4.7,35,"home, improvement, paint, paint, tools, supplies, caulk, sealants",liquid nails,liquid nails interior projects adhesive 10 oz,417,https://i5.walmartimages.com/asr/b76fe36d-daf3-4d50-b068-cf93e5e09b43_1.a6c69ad15e4e316fad52d1654b47bc34.jpeg,liquid nails interior adhesive ln704 10 oz latex low voc liquid nails ideal repairs home improvement projects high quality adhesive glue bonds building materials liquid nails construction adhesive ideal interior use diy home improvement projects features nearly undetectable odor cleaned simple water liquid nails adhesive ln704 10 oz latex voc liquid nails interior adhesive construction bonds building materials water clean low odor voc long lasting heavy duty adhesive,"home, improvement, paint, paint, tools, supplies, caulk, sealants, liquid, nails, liquid, nails, interior, adhesive, ln704, 10, oz, latex, low, voc, liquid, nails, ideal, repairs, home, improvement, projects, high, quality, adhesive, glue, bonds, building, materials, liquid, nails, construction, adhesive, ideal, interior, use, diy, home, improvement, projects, features, nearly, undetectable, odor, cleaned, simple, water, liquid, nails, adhesive, ln704, 10, oz, latex, voc, liquid, nails, interior, adhesive, construction, bonds, building, materials, water, clean, low, odor, voc, long, lasting, heavy, duty, adhesive"
7.0,28.0,3.9,138,"beauty, makeup, eye, makeup, eye, makeup, brands, hard, candy, eye, makeup",hard candy,hard candy top ten eyeshadow 1185 lap of luxury 04 oz,418,https://i5.walmartimages.com/asr/95cb770f-3769-4ac5-95ca-5f9e219d692a_1.ae388094fcda1fa3a4cd355ebc9404cf.jpeg,right look hard candy eye shadow eye shadow available different color palettes 10 shades 10 shades 2 applicators mirror matte shimmer shades portable packs easily purse tote carry ideal applying makeup home touchups hard candy eyeshadow palette shades bronze beige brown pigments blend colors create additional looks hard candy satin eyeshadow palette available 5 different color palettes 10 shades sold separately,"beauty, makeup, eye, makeup, eye, makeup, brands, hard, candy, eye, makeup, hard, candy, right, look, hard, candy, eye, shadow, eye, shadow, available, different, color, palettes, 10, shades, 10, shades, 2, applicators, mirror, matte, shimmer, shades, portable, packs, easily, purse, tote, carry, ideal, applying, makeup, home, touchups, hard, candy, eyeshadow, palette, shades, bronze, beige, brown, pigments, blend, colors, create, additional, looks, hard, candy, satin, eyeshadow, palette, available, 5, different, color, palettes, 10, shades, sold, separately"
9.0,51.0,5.0,1,"premium, beauty, premium, hair, care, premium, styling, products, hair, mousse",rusk,rusk plumping mousse frizzfree body and volume 250ml85oz,426,https://i5.walmartimages.com/asr/aa3d132e-291e-4bd3-a7f8-138b6aa7ec75_1.06d59924b917890c6bc72671872c4a08.jpeg,,"premium, beauty, premium, hair, care, premium, styling, products, hair, mousse, rusk,"
3.0,98.0,4.1,922,"beauty, beauty, topic, mindful, beauty, mindful, beauty, cosmetics",revlon,revlon nail polish chip resistant enamel glossy shine finish 522 magnetic 05 oz,432,https://i5.walmartimages.com/asr/8da4a91c-218f-4019-8024-c3bf33159724_1.07ceb53907b493eec975a01527667c07.png,gorgeous smooth nail polish chip resistant anti fade technology created 47 shades try new hue nearly week year ll find perfect shade finish range fade resistant nail colors choose 47 sheer opaque shimmer metallic chrome shades chip defiant anti fade technology gives brilliant color stays fresh looking lifes tough hands moments gorgeous color goes smoothly bubble free nail colors shade fingertips create classic looks nail art formulated sulfates parabens phthalates,"beauty, beauty, topic, mindful, beauty, mindful, beauty, cosmetics, revlon, gorgeous, smooth, nail, polish, chip, resistant, anti, fade, technology, created, 47, shades, try, new, hue, nearly, week, year, ll, find, perfect, shade, finish, range, fade, resistant, nail, colors, choose, 47, sheer, opaque, shimmer, metallic, chrome, shades, chip, defiant, anti, fade, technology, gives, brilliant, color, stays, fresh, looking, lifes, tough, hands, moments, gorgeous, color, goes, smoothly, bubble, free, nail, colors, shade, fingertips, create, classic, looks, nail, art, formulated, sulfates, parabens, phthalates"
8.0,28.0,5.0,3,"beauty, travel, size, beauty, travel, size, hair, care, travel, size, conditioner",dr miracles,hot gro hair scalp treatment conditioner by dr miracles for unisex  4 oz conditioner,440,https://i5.walmartimages.com/asr/9406a3d7-d615-4a82-81d0-8ed23ec6a356_1.fab3731c6dc4df48d02503a5b903d9f0.jpeg,oakley moonlighter oo9320 06 rim sunglass men sunglass features polished white frame jade iridium polarized colored lens conventional lenses magnify images gives distorted vision entire field gro hair scalp treatment conditioner dr miracles unisex 4 oz conditioner,"beauty, travel, size, beauty, travel, size, hair, care, travel, size, conditioner, dr, miracles, oakley, moonlighter, oo9320, 06, rim, sunglass, men, sunglass, features, polished, white, frame, jade, iridium, polarized, colored, lens, conventional, lenses, magnify, images, gives, distorted, vision, entire, field, gro, hair, scalp, treatment, conditioner, dr, miracles, unisex, 4, oz, conditioner"
5.0,7.0,4.6,42,"health, foot, care, insoles",adjust heel,adjustalift heel liftmedium womens 85 mens 11,455,https://i5.walmartimages.com/asr/3a2c8128-8cc9-4a19-a263-c1cb9d6f18ce_1.380fd46bc380ae2b273a91aa234a233a.jpeg,adjust lift layers rubber firm extra density nylon neoprene mesh layers held industrial grade double sided adhesive similar double sided carpet tape orthopedic heel lifts easily peeled apart want adjust height use sports shoes dress shoes great leg length inequalities heel spurs clinical conditions helps restore normal contour muscle tone systemic function adjustable height reduces inventory great leg length inequalities heel spurs clinical conditions layer design results sizes layers removable simply peel lift excellent durability,"health, foot, care, insoles, adjust, heel, adjust, lift, layers, rubber, firm, extra, density, nylon, neoprene, mesh, layers, held, industrial, grade, double, sided, adhesive, similar, double, sided, carpet, tape, orthopedic, heel, lifts, easily, peeled, apart, want, adjust, height, use, sports, shoes, dress, shoes, great, leg, length, inequalities, heel, spurs, clinical, conditions, helps, restore, normal, contour, muscle, tone, systemic, function, adjustable, height, reduces, inventory, great, leg, length, inequalities, heel, spurs, clinical, conditions, layer, design, results, sizes, layers, removable, simply, peel, lift, excellent, durability"
90.0,3.0,3.1,153,"beauty, skin, care, moisturizers, night, creams",neutrogena,neutrogena triple age repair night moisturizer 17 oz pack of 2,459,https://i5.walmartimages.com/asr/a853c470-1946-4fe3-8a30-dce725664056_1.ff57f7d450befcef759f39569dd52d20.jpeg,pack 2 pack 2 upc 070501023730 neutrogena triple age repair night moisturizer designed target 3 skin issues visibly age younger looking skin rich moisturizer powered hexinol technology vitamin c clinically proven help smooth look wrinkles improve uneven tone firmness skin,"beauty, skin, care, moisturizers, night, creams, neutrogena, pack, 2, pack, 2, upc, 070501023730, neutrogena, triple, age, repair, night, moisturizer, designed, target, 3, skin, issues, visibly, age, younger, looking, skin, rich, moisturizer, powered, hexinol, technology, vitamin, c, clinically, proven, help, smooth, look, wrinkles, improve, uneven, tone, firmness, skin"
8.0,1.0,4.6,9656,"household, essentials, laundry, oxiclean",oxiclean,oxiclean odor blasters,462,https://i5.walmartimages.com/asr/86c91a01-5c36-4b5b-bd3d-e29687918596_1.acd34c04d7b1c7ad1a0daabe88718205.jpeg,loading washing machine multi purpose high efficiency washing machine loading washing machine form powder uses 95 loads volume formulation color safe surface application fabric clothing multi surface cotton fresh results eliminates odors removes grease stain remover removes dirt cleaner size facts phosphate free warning flush immediately product enters eyes reach animals seek medical help product swallowed reach children eyes usaoxiclean odor blasters,"household, essentials, laundry, oxiclean, oxiclean, loading, washing, machine, multi, purpose, high, efficiency, washing, machine, loading, washing, machine, form, powder, uses, 95, loads, volume, formulation, color, safe, surface, application, fabric, clothing, multi, surface, cotton, fresh, results, eliminates, odors, removes, grease, stain, remover, removes, dirt, cleaner, size, facts, phosphate, free, warning, flush, immediately, product, enters, eyes, reach, animals, seek, medical, help, product, swallowed, reach, children, eyes, usaoxiclean, odor, blasters"
4.0,7.0,5.0,2,"beauty, skin, care, moisturizers, moisturizers, oily, skin",skin beauty solutions,glycolic acid skin chemical peel 50 unbuffered  natural alpha hydroxy acid aha  for acne oily skin wrinkles blackheads large pores dull skin  more,471,https://i5.walmartimages.com/asr/88c01b55-d483-4836-894a-b45fedfb6d80_1.10a9bdf09c39f8ed33a200dacfb1fe57.jpeg,glycolic acid beneficial improving dry skin treating age spots decreasing facial lines rejuvenating skins surface dermatologists estheticians utilizing glycolic acid effective proven tool fight aging process glycolic acid unbuffered cosmetic grade peel 100 purity acne wrinkles dull skin glycolic acid skin chemical peel md grade anti aging anti acne wrinkles large pores scars problem purpose aging skin fine lines wrinkles large pores age spots sun damage freckles tattoos stretch marks acne acne scars skin types ideal dry skin normal skin oily skin acne prone skin mature skin sensitive skin spot test patch skin face glycolic acid beneficial improving dry skin treating age spots decreasing facial lines rejuvenating skins surface dermatologists estheticians utilizing glycolic acid effective proven tool fight aging process alpha hydroxy acids alpha hydroxy acids commonly found isolated fruits sorts referred fruit acids example malic acid found apples citric acid isolated citrus fruits glycolic acid commonly found honey sugar cane lactic acid found milk soured tartaric acid isolated fermented grapes wine glycolic acid works exfoliating agent high acidity easy solubility placed skin exfoliating cream gel glycolic acid goes damaged upper layers skin destroys glue holds dead skin surface dead skin chemically burned ingredients carry individual flakes away water rinse neutralizes remaining acid result smoother skin surface youthful appearance secondary benefit glycolic acids ability draw moisturizers newly exfoliated skin surface study showed topical treatment twice day 3 months 5 glycolic acid cream ph affected surface epidermal changes treatment 12 cream reached deeper influenced epidermis deeper dermis layer resulted increased epidermal dermal firmness thickness showed clinical improvement skin smoothness appearance lines wrinkles study showed ahas thin outer stratum corneum actually end increasing overall thickness epidermis thickening accompanied increased synthesis collagen apparent alpha hydroxy acids increase exfoliation skin cell turnover chemical peel work chemical peels work loosening gently sloughing damaged unattractive skin cells depending strength peel feel slight tingling mild sting sunburn flaking occur days following peel damaged skin freed new unblemished skin cells rise surface glycolic peels work deeper layers skin accelerate skins natural production collagen elastin benefits glycolic acid peels fine lines wrinkles sun damaged skin dull dry complexion uneven skin tone sun age spots hyper pigmentation large pores freckles blackheads whiteheads acne scarring tightens saggy skin stimulates new collagen smoother skin texture exfoliate remove surface debris,"beauty, skin, care, moisturizers, moisturizers, oily, skin, skin, beauty, solutions, glycolic, acid, beneficial, improving, dry, skin, treating, age, spots, decreasing, facial, lines, rejuvenating, skins, surface, dermatologists, estheticians, utilizing, glycolic, acid, effective, proven, tool, fight, aging, process, glycolic, acid, unbuffered, cosmetic, grade, peel, 100, purity, acne, wrinkles, dull, skin, glycolic, acid, skin, chemical, peel, md, grade, anti, aging, anti, acne, wrinkles, large, pores, scars, problem, purpose, aging, skin, fine, lines, wrinkles, large, pores, age, spots, sun, damage, freckles, tattoos, stretch, marks, acne, acne, scars, skin, types, ideal, dry, skin, normal, skin, oily, skin, acne, prone, skin, mature, skin, sensitive, skin, spot, test, patch, skin, face, glycolic, acid, beneficial, improving, dry, skin, treating, age, spots, decreasing, facial, lines, rejuvenating, skins, surface, dermatologists, estheticians, utilizing, glycolic, acid, effective, proven, tool, fight, aging, process, alpha, hydroxy, acids, alpha, hydroxy, acids, commonly, found, isolated, fruits, sorts, referred, fruit, acids, example, malic, acid, found, apples, citric, acid, isolated, citrus, fruits, glycolic, acid, commonly, found, honey, sugar, cane, lactic, acid, found, milk, soured, tartaric, acid, isolated, fermented, grapes, wine, glycolic, acid, works, exfoliating, agent, high, acidity, easy, solubility, placed, skin, exfoliating, cream, gel, glycolic, acid, goes, damaged, upper, layers, skin, destroys, glue, holds, dead, skin, surface, dead, skin, chemically, burned, ingredients, carry, individual, flakes, away, water, rinse, neutralizes, remaining, acid, result, smoother, skin, surface, youthful, appearance, secondary, benefit, glycolic, acids, ability, draw, moisturizers, newly, exfoliated, skin, surface, study, showed, topical, treatment, twice, day, 3, months, 5, glycolic, acid, cream, ph, affected, surface, epidermal, changes, treatment, 12, cream, reached, deeper, influenced, epidermis, deeper, dermis, layer, resulted, increased, epidermal, dermal, firmness, thickness, showed, clinical, improvement, skin, smoothness, appearance, lines, wrinkles, study, showed, ahas, thin, outer, stratum, corneum, actually, end, increasing, overall, thickness, epidermis, thickening, accompanied, increased, synthesis, collagen, apparent, alpha, hydroxy, acids, increase, exfoliation, skin, cell, turnover, chemical, peel, work, chemical, peels, work, loosening, gently, sloughing, damaged, unattractive, skin, cells, depending, strength, peel, feel, slight, tingling, mild, sting, sunburn, flaking, occur, days, following, peel, damaged, skin, freed, new, unblemished, skin, cells, rise, surface, glycolic, peels, work, deeper, layers, skin, accelerate, skins, natural, production, collagen, elastin, benefits, glycolic, acid, peels, fine, lines, wrinkles, sun, damaged, skin, dull, dry, complexion, uneven, skin, tone, sun, age, spots, hyper, pigmentation, large, pores, freckles, blackheads, whiteheads, acne, scarring, tightens, saggy, skin, stimulates, new, collagen, smoother, skin, texture, exfoliate, remove, surface, debris"
9.0,4.0,3.9,19,"beauty, makeup, face, makeup, face, makeup, brands, iman, face, makeup",iman cosmetics,iman skin tone evener bb crème light sand,490,https://i5.walmartimages.com/asr/b387123b-700d-4f85-8469-5f04f25f4850_1.ec2569abf67fba2760d83cfaeecf6b8d.jpeg,skin tone evening beauty balm spf 15 combines skin care sheer hint color compliments natural tones women skin color iman skin tone evener complex acai licorice grape seed kokum almond aloe vitamins c fingertips apply small product cleansed skin tone evener bb creme evens nourishes hydrates iman skin tone evener complex paraben free,"beauty, makeup, face, makeup, face, makeup, brands, iman, face, makeup, iman, cosmetics, skin, tone, evening, beauty, balm, spf, 15, combines, skin, care, sheer, hint, color, compliments, natural, tones, women, skin, color, iman, skin, tone, evener, complex, acai, licorice, grape, seed, kokum, almond, aloe, vitamins, c, fingertips, apply, small, product, cleansed, skin, tone, evener, bb, creme, evens, nourishes, hydrates, iman, skin, tone, evener, complex, paraben, free"
9.0,58.0,4.4,57,"premium, beauty, premium, makeup, premium, nail, polish, care, premium, nail, polish",opi,opi nail polish strawberry margarita 05 fl oz,494,https://i5.walmartimages.com/asr/b95676e5-96ab-4a0e-87a0-7b3c239312b5.da30cc903a69c7c102566fcd1e281eb9.jpeg,,"premium, beauty, premium, makeup, premium, nail, polish, care, premium, nail, polish, opi,"
5.0,3.0,5.0,1,"health, aromatherapy, aromatherapy",oils center,apricot kernel oil refined organic carrier cold pressed 100 pure 8 oz,513,https://i5.walmartimages.com/asr/d71cf73a-1a5a-455e-9f6a-4e1221d1ec53_1.9806b8d54259416e27739d3b95f6f508.jpeg,organic apricot kernel oil refined cold pressed 100 pure oil suitable food cosmetic purpose botanical prunus armeniaca extraction method cold pressed processing type refined obtained kernels organic pesticides gmos hexane ingredients apricot kernel oil 100 pure additives carriers added description apricot kernel carrier oil good skin types rich nourishing particularly vitamin color pale yellow golden yellow liquid aromatic description apricot kernel carrier oil little scent characteristic carrier oils common uses apricot kernel carrier oil popular oil suitable manufacturers aromatherapists massage therapists universal carrier oil food nutritional supplement cosmetic industries cosmetically apricot kernel oil known effective emollient easily absorbed skin oil known help counteract soothe skin conditions including itching dryness inflammation soaping industry knows apricot kernel oil condition provide stable lather soap formulas traditionally oil massage therapy soften skin result higher concentration essential fatty acids bulk apricot kernel oil relatively stable food industry dressings culinary applications consistency typical characteristic carrier oils absorption absorbs easily skin buying product organic certified supplier organic ingredients shelf life apricot oil slow rancid users expect shelf life 1 year proper storage conditions cool direct sunlight refrigeration opening recommended donot breathe dust store cool dry free tracking number items shipped business day business day confirmation payment received pm pst including weekends holidays receive item pleased transaction let know leaving positive feedback return look forward business oils center apricot kernel oil refined organic carrier cold pressed 100 pure 8 oz,"health, aromatherapy, aromatherapy, oils, center, organic, apricot, kernel, oil, refined, cold, pressed, 100, pure, oil, suitable, food, cosmetic, purpose, botanical, prunus, armeniaca, extraction, method, cold, pressed, processing, type, refined, obtained, kernels, organic, pesticides, gmos, hexane, ingredients, apricot, kernel, oil, 100, pure, additives, carriers, added, description, apricot, kernel, carrier, oil, good, skin, types, rich, nourishing, particularly, vitamin, color, pale, yellow, golden, yellow, liquid, aromatic, description, apricot, kernel, carrier, oil, little, scent, characteristic, carrier, oils, common, uses, apricot, kernel, carrier, oil, popular, oil, suitable, manufacturers, aromatherapists, massage, therapists, universal, carrier, oil, food, nutritional, supplement, cosmetic, industries, cosmetically, apricot, kernel, oil, known, effective, emollient, easily, absorbed, skin, oil, known, help, counteract, soothe, skin, conditions, including, itching, dryness, inflammation, soaping, industry, knows, apricot, kernel, oil, condition, provide, stable, lather, soap, formulas, traditionally, oil, massage, therapy, soften, skin, result, higher, concentration, essential, fatty, acids, bulk, apricot, kernel, oil, relatively, stable, food, industry, dressings, culinary, applications, consistency, typical, characteristic, carrier, oils, absorption, absorbs, easily, skin, buying, product, organic, certified, supplier, organic, ingredients, shelf, life, apricot, oil, slow, rancid, users, expect, shelf, life, 1, year, proper, storage, conditions, cool, direct, sunlight, refrigeration, opening, recommended, donot, breathe, dust, store, cool, dry, free, tracking, number, items, shipped, business, day, business, day, confirmation, payment, received, pm, pst, including, weekends, holidays, receive, item, pleased, transaction, let, know, leaving, positive, feedback, return, look, forward, business, oils, center, apricot, kernel, oil, refined, organic, carrier, cold, pressed, 100, pure, 8, oz"
29.0,82.0,4.6,55,"beauty, skin, care, moisturizers, retinol, moisturizers",tree life beauty,retinol cream anti wrinkle moisturizer  clinical strength  anti aging cream retinol moisturizer  vegan cruelty free made in the usa,522,https://i5.walmartimages.com/asr/6f37985c-59ca-4928-ac85-06471b9fd734.d7079586fbff16ad4124422f4f7881ca.jpeg,best rated retinol cream younger smooth skin time money retinol moisturizer helps hydrate plump skin natural healthy look feel day 6 reasons anti wrinkle moisturizer help skin look feel younger retinol 700 published studies showing significant anti aging effects anti wrinkle cream helps prevent breakdown collagen reduce appearance dark spots hyper pigmentation retinol moisturizer encourages production new collagen gives skin firmness youthful appearance hyaluronic acid natural substance produced skin cells keeps skin moist supple smooth retinol cream helps skin hydrated youthful looking helping plump fine lines wrinkles obvious vitamin c vitamin e anti aging antioxidants prevent skin damage primary cause aging obviously stock goes fast click quotadd screen late retinol number anti aging ingredient prevents breakdown collagen stimulates bodys production new collagen retinol cream helps counter effects aging skin youthful shine making feel soft rejuvenated face feel moisturized refreshed look vibrant retinol moisturizer begins effect non greasy goes smoothly leaves residue customer reviews proof hyaluronic acid replenishes nourishing moisture skin reducing appearance wrinkles causing skin feel healthier look younger hydrates jojoba oil green tea b5 shea butter sure retinol cream good skin moisturizing premium retinol moisturizer helps restore skins elasticity radiance giving youthful look help skin feel fantastic aesthetician approved control customers products customers speaking loud clear quoti aesthetician spent 4 years luxury skin care industry nyc lovely velvety increases skin cell turnover gives skin fresh brightness deep hydration regimen elizabeth bennett check reviews find saying reviews best skin care lowest price hard set find high quality ingredients products close price believe fantastic skin care available mission ensure notch quality products best customer care available contact anytime amazon assistance 100 money guarantee waste time money unnatural ingredients opportunity try fantastic product zero risk merely buying anti aging product guarantee happy lose click quotadd button right corner screen right away hurry products quickly,"beauty, skin, care, moisturizers, retinol, moisturizers, tree, life, beauty, best, rated, retinol, cream, younger, smooth, skin, time, money, retinol, moisturizer, helps, hydrate, plump, skin, natural, healthy, look, feel, day, 6, reasons, anti, wrinkle, moisturizer, help, skin, look, feel, younger, retinol, 700, published, studies, showing, significant, anti, aging, effects, anti, wrinkle, cream, helps, prevent, breakdown, collagen, reduce, appearance, dark, spots, hyper, pigmentation, retinol, moisturizer, encourages, production, new, collagen, gives, skin, firmness, youthful, appearance, hyaluronic, acid, natural, substance, produced, skin, cells, keeps, skin, moist, supple, smooth, retinol, cream, helps, skin, hydrated, youthful, looking, helping, plump, fine, lines, wrinkles, obvious, vitamin, c, vitamin, e, anti, aging, antioxidants, prevent, skin, damage, primary, cause, aging, obviously, stock, goes, fast, click, quotadd, screen, late, retinol, number, anti, aging, ingredient, prevents, breakdown, collagen, stimulates, bodys, production, new, collagen, retinol, cream, helps, counter, effects, aging, skin, youthful, shine, making, feel, soft, rejuvenated, face, feel, moisturized, refreshed, look, vibrant, retinol, moisturizer, begins, effect, non, greasy, goes, smoothly, leaves, residue, customer, reviews, proof, hyaluronic, acid, replenishes, nourishing, moisture, skin, reducing, appearance, wrinkles, causing, skin, feel, healthier, look, younger, hydrates, jojoba, oil, green, tea, b5, shea, butter, sure, retinol, cream, good, skin, moisturizing, premium, retinol, moisturizer, helps, restore, skins, elasticity, radiance, giving, youthful, look, help, skin, feel, fantastic, aesthetician, approved, control, customers, products, customers, speaking, loud, clear, quoti, aesthetician, spent, 4, years, luxury, skin, care, industry, nyc, lovely, velvety, increases, skin, cell, turnover, gives, skin, fresh, brightness, deep, hydration, regimen, elizabeth, bennett, check, reviews, find, saying, reviews, best, skin, care, lowest, price, hard, set, find, high, quality, ingredients, products, close, price, believe, fantastic, skin, care, available, mission, ensure, notch, quality, products, best, customer, care, available, contact, anytime, amazon, assistance, 100, money, guarantee, waste, time, money, unnatural, ingredients, opportunity, try, fantastic, product, zero, risk, merely, buying, anti, aging, product, guarantee, happy, lose, click, quotadd, button, right, corner, screen, right, away, hurry, products, quickly"
81.0,84.0,4.2,123,"health, keto, diet, keto, supplements, keto, supplements",bpi sports,bpi health keto bomb ketogenic creamer powder caramel macchiato 165 oz 18 servings,524,https://i5.walmartimages.com/asr/c7833894-2c95-448e-ab3e-4752fac24895_1.581cbf66e727bc454a523db8a4618a3c.jpeg,keto bomb delicious creamer designed looking enhance weight loss performance keto bomb designed following ketogenic low carb diet looking accelerate fat burning simply add scoop favorite coffee tea support weight loss burn fat fuel utilizing blend electrolytes mcts good fats keto bomb designed fuel body brain delicious flavors like french vanilla latte caramel macchiato zero sugars keto bomb help boost energy blast fat support weight loss burn fat fuel essential fats,"health, keto, diet, keto, supplements, keto, supplements, bpi, sports, keto, bomb, delicious, creamer, designed, looking, enhance, weight, loss, performance, keto, bomb, designed, following, ketogenic, low, carb, diet, looking, accelerate, fat, burning, simply, add, scoop, favorite, coffee, tea, support, weight, loss, burn, fat, fuel, utilizing, blend, electrolytes, mcts, good, fats, keto, bomb, designed, fuel, body, brain, delicious, flavors, like, french, vanilla, latte, caramel, macchiato, zero, sugars, keto, bomb, help, boost, energy, blast, fat, support, weight, loss, burn, fat, fuel, essential, fats"
10.0,7.0,4.6,9593,"beauty, makeup, nails",essie,essie gel couture 2step longwear nail polish lace me up pink nude nail polish 046 fl oz,543,https://i5.walmartimages.com/asr/7baf35d7-f335-47ed-bb97-29a23065a2e0.73661841ab62eb5396b1e8ac0996dda2.jpeg,essie gel couture 2 step longwear nail polish lace pink nude nail polish fl oz,"beauty, makeup, nails, essie, essie, gel, couture, 2, step, longwear, nail, polish, lace, pink, nude, nail, polish, fl, oz"
1.0,7.0,4.5,32,"personal, care, oral, care, toothbrushes, electric, toothbrushes, oral, b, electric, toothbrushes",oral b,oralb electric toothbrush battery powered gum care various colors,557,https://i5.walmartimages.com/asr/b0f0cddc-4b3a-42db-adb7-6ef3df50dcc6_1.da4d4a2a0c51750d69077f364dfb7b66.jpeg,oral b pro gum care reusable battery toothbrush soft bristles gently sweep away plaque features battery powered action criss cross bristles great cleaning comfort grip handle ergonomically designed package includes 1 aa battery compatible oral b complete action 3d white replacement brush heads trust brand dentists use worldwide oral oral b battery powered toothbrush gum care 1 count colors vary soft bristles gently sweep away plaque criss cross bristles gentle thorough cleaning comfort grip handle ergonomically designed brush heads replaced 3 months best results trust brand dentists use worldwide oral b,"personal, care, oral, care, toothbrushes, electric, toothbrushes, oral, b, electric, toothbrushes, oral, b, oral, b, pro, gum, care, reusable, battery, toothbrush, soft, bristles, gently, sweep, away, plaque, features, battery, powered, action, criss, cross, bristles, great, cleaning, comfort, grip, handle, ergonomically, designed, package, includes, 1, aa, battery, compatible, oral, b, complete, action, 3d, white, replacement, brush, heads, trust, brand, dentists, use, worldwide, oral, oral, b, battery, powered, toothbrush, gum, care, 1, count, colors, vary, soft, bristles, gently, sweep, away, plaque, criss, cross, bristles, gentle, thorough, cleaning, comfort, grip, handle, ergonomically, designed, brush, heads, replaced, 3, months, best, results, trust, brand, dentists, use, worldwide, oral, b"
7.0,3.0,3.0,1,"beauty, nail, care, nail, polish, nail, lacquer",china glaze,china glaze nail lacquer with hardeners lemon fizz 05 fl oz,558,https://i5.walmartimages.com/asr/10d4a3f7-3730-4dae-9432-ae09858b46b4_1.5f8fd26b583211f3379da5d077de81ca.jpeg,china glaze nail lacquer hardeners professional level nail polish offers wide variety amazing colors china glaze nail polish polymers resins desired long lasting result china glaze nail lacquer hardeners long lasting nail lacquer high gloss colors harden bottle thinner required chip,"beauty, nail, care, nail, polish, nail, lacquer, china, glaze, china, glaze, nail, lacquer, hardeners, professional, level, nail, polish, offers, wide, variety, amazing, colors, china, glaze, nail, polish, polymers, resins, desired, long, lasting, result, china, glaze, nail, lacquer, hardeners, long, lasting, nail, lacquer, high, gloss, colors, harden, bottle, thinner, required, chip"
33.0,9.0,4.9,20,"health, aromatherapy, aromatherapy",sky organics,usda organic castor oil by sky organics 16oz unrefined 100 pure hexanefree castor oil  moisturizing  healing for dry skin hair growth  for skin hair care eyelashes  caster oil 1 pack,567,https://i5.walmartimages.com/asr/526de365-372a-4312-b053-ee811acdf4c4_1.cea4162460b31f7aa840371ea92182c5.png,100 natural organic produced highest quality standards real castor oil sourced directly organic artisanal farmers india great skin hair rich vitamins fatty acids castor oil promotes better hair growth helps nourish hydrate skin suitable hair skin types organic chemical free substances sky organics castor oil perfect skin hair types free artificial additives wo nt cause allergies irritations cold pressed oil organic castor oil sky organics processed mechanically heat chemical substances like hexane way retains healing properties oil harmful additives ingredients gives amazing results natural healing properties sky organics castor oil incredible results taking care hair skin important maintaining healthy lifestyle skin hair proper nutrients need look beautiful outside feel great inside skin organics castor oil achieve stronger thicker hair softer healthier skin ve dreaming sky organics castor oil 100 organic pure ingredients derived seeds castor plant known palma christi plant sourced directly artisanal farmers india passing high quality standards ensure condition effectivity product castor oil known effective remedy treat prevent hair skin problems moisturizing nourishing properties help repair skin conditions like scars stretch marks acne sunburns warts ringworm athletes foot chronic itching promotes hair growth result longer thicker healthier hair eyelashes eyebrows sky organics castor oil cold pressed expeller method ideal oil extracting method oils seeds extracted use intense force squeezing motion considered traditional safe efficient method manufacture involve use heat chemical substances like hexane toxic compound organic castor oil free additives preservatives ensuring product 100 natural safe use allergies sensitive skin hair truly organic castor oil heaven sent deal skin hair problems experience benefits mother nature offer sky organics 100 natural organic produced highest quality standards real castor oil sourced directly organic artisanal farmers india great skin hair rich vitamins fatty acids castor oil promotes better hair growth helps nourish hydrate skin suitable hair skin types organic chemical free substances sky organics castor oil perfect skin hair types free artificial additives wo nt cause allergies irritations cold pressed oil organic castor oil sky organics processed mechanically heat chemical substances like hexane way retains healing properties oil harmful additives ingredients gives amazing results natural healing properties sky organics castor oil incredible results,"health, aromatherapy, aromatherapy, sky, organics, 100, natural, organic, produced, highest, quality, standards, real, castor, oil, sourced, directly, organic, artisanal, farmers, india, great, skin, hair, rich, vitamins, fatty, acids, castor, oil, promotes, better, hair, growth, helps, nourish, hydrate, skin, suitable, hair, skin, types, organic, chemical, free, substances, sky, organics, castor, oil, perfect, skin, hair, types, free, artificial, additives, wo, nt, cause, allergies, irritations, cold, pressed, oil, organic, castor, oil, sky, organics, processed, mechanically, heat, chemical, substances, like, hexane, way, retains, healing, properties, oil, harmful, additives, ingredients, gives, amazing, results, natural, healing, properties, sky, organics, castor, oil, incredible, results, taking, care, hair, skin, important, maintaining, healthy, lifestyle, skin, hair, proper, nutrients, need, look, beautiful, outside, feel, great, inside, skin, organics, castor, oil, achieve, stronger, thicker, hair, softer, healthier, skin, ve, dreaming, sky, organics, castor, oil, 100, organic, pure, ingredients, derived, seeds, castor, plant, known, palma, christi, plant, sourced, directly, artisanal, farmers, india, passing, high, quality, standards, ensure, condition, effectivity, product, castor, oil, known, effective, remedy, treat, prevent, hair, skin, problems, moisturizing, nourishing, properties, help, repair, skin, conditions, like, scars, stretch, marks, acne, sunburns, warts, ringworm, athletes, foot, chronic, itching, promotes, hair, growth, result, longer, thicker, healthier, hair, eyelashes, eyebrows, sky, organics, castor, oil, cold, pressed, expeller, method, ideal, oil, extracting, method, oils, seeds, extracted, use, intense, force, squeezing, motion, considered, traditional, safe, efficient, method, manufacture, involve, use, heat, chemical, substances, like, hexane, toxic, compound, organic, castor, oil, free, additives, preservatives, ensuring, product, 100, natural, safe, use, allergies, sensitive, skin, hair, truly, organic, castor, oil, heaven, sent, deal, skin, hair, problems, experience, benefits, mother, nature, offer, sky, organics, 100, natural, organic, produced, highest, quality, standards, real, castor, oil, sourced, directly, organic, artisanal, farmers, india, great, skin, hair, rich, vitamins, fatty, acids, castor, oil, promotes, better, hair, growth, helps, nourish, hydrate, skin, suitable, hair, skin, types, organic, chemical, free, substances, sky, organics, castor, oil, perfect, skin, hair, types, free, artificial, additives, wo, nt, cause, allergies, irritations, cold, pressed, oil, organic, castor, oil, sky, organics, processed, mechanically, heat, chemical, substances, like, hexane, way, retains, healing, properties, oil, harmful, additives, ingredients, gives, amazing, results, natural, healing, properties, sky, organics, castor, oil, incredible, results"
11.0,41.0,5.0,1,"gifts, registry, gift, ideas, gift, finder",pure essential oil works,pure essential oil works top 6 essential oil kit 33oz,576,https://i5.walmartimages.com/asr/986f6331-813c-40a1-b073-27379289a92d_1.3d31811e86e3e94c1fb60539cca82dc4.jpeg,pure essential oil works 6 collection features 6 best selling 100 pure natural paraben free therapeutic grade essential oils essential oils steam distilled feature euro style dropper aromatherapy diffuser including pure essential oil works diffusers heated candle flame diluted carrier oil use massage burned incense includes ounce bottle lavender peppermint eucalyptus tea tree lemongrass orange 6 collection lavender oil known soothing normalizing balancing relaxing virtues aroma floral ingredients 100 lavender essential oil peppermint oil known revitalizing invigorating cooling virtues aroma fresh strong mint ingredients 100 peppermint essential oil eucalyptus oil known revitalizing invigorating clarifying virtues aroma strong aromatic camphoraceous ingredients 100 eucalyptus essential oil tea tree oil known cleansing purifying renewing virtues aroma potent warm spicy ingredients 100 tea tree essential oil lemongrass oil known purifying stimulating cleansing virtues aroma strong lemon like ingredients 100 lemongrass essential oil orange oil known refreshing uplifting invigorating virtues aroma fresh sweet orange peel ingredients 100 orange essential oil 100 pure natural paraben free therapeutic grade essential oils steam distilled feature euro style dropper aromatherapy diffuser heated candle flame diluted carrier oil use massage burned incense ounces includes lavender peppermint eucalyptus tea tree lemongrass orange,"gifts, registry, gift, ideas, gift, finder, pure, essential, oil, works, pure, essential, oil, works, 6, collection, features, 6, best, selling, 100, pure, natural, paraben, free, therapeutic, grade, essential, oils, essential, oils, steam, distilled, feature, euro, style, dropper, aromatherapy, diffuser, including, pure, essential, oil, works, diffusers, heated, candle, flame, diluted, carrier, oil, use, massage, burned, incense, includes, ounce, bottle, lavender, peppermint, eucalyptus, tea, tree, lemongrass, orange, 6, collection, lavender, oil, known, soothing, normalizing, balancing, relaxing, virtues, aroma, floral, ingredients, 100, lavender, essential, oil, peppermint, oil, known, revitalizing, invigorating, cooling, virtues, aroma, fresh, strong, mint, ingredients, 100, peppermint, essential, oil, eucalyptus, oil, known, revitalizing, invigorating, clarifying, virtues, aroma, strong, aromatic, camphoraceous, ingredients, 100, eucalyptus, essential, oil, tea, tree, oil, known, cleansing, purifying, renewing, virtues, aroma, potent, warm, spicy, ingredients, 100, tea, tree, essential, oil, lemongrass, oil, known, purifying, stimulating, cleansing, virtues, aroma, strong, lemon, like, ingredients, 100, lemongrass, essential, oil, orange, oil, known, refreshing, uplifting, invigorating, virtues, aroma, fresh, sweet, orange, peel, ingredients, 100, orange, essential, oil, 100, pure, natural, paraben, free, therapeutic, grade, essential, oils, steam, distilled, feature, euro, style, dropper, aromatherapy, diffuser, heated, candle, flame, diluted, carrier, oil, use, massage, burned, incense, ounces, includes, lavender, peppermint, eucalyptus, tea, tree, lemongrass, orange"
7.0,32.0,4.2,480,"beauty, beauty, topic, mindful, beauty, mindful, beauty, cosmetics",revlon,revlon colorstay overtime lipcolor longwearing liquid lipstick with clear lip gloss with vitamin e in nude 540 unstoppable nude 08 oz,587,https://i5.walmartimages.com/asr/9ae9e843-563c-4882-a218-78a7964ac525_1.9db75c35a799ce3c92ddbb84eb16224c.jpeg,revlon colorstay overtime lipcolor dual ended long wearing lipstick s transfer proof kiss proof forget touch ups day night shiny lip color nt smudge rub conditions vitamin end smoothes long wearing colorstay liquid lipstick weve extra plush feels soft lips end loaded clear lip gloss acts coat slick look upgraded clear lip gloss contains ingredients including vitamin e comfort plus moisture chamomile soy extract ll color feels dry bleeds feathers available 30 lipstick colors ranging reds nudes browns pinks plums forget touch ups transfer proof kiss proof longwearing lipstick wo nt let color vibrant creamy formula stays 16 hours smudging end smoothes longwearing colorstay liquid lipstick weve extra plush feels soft lips end loaded clear lip gloss acts coat slick look upgraded clear lip gloss contains ingredients including vitamin e comfort plus moisture chamomile soy extract promise color feels dry bleeds feathers available 30 shiny kiss proof lipstick colors ranging reds nudes browns pinks plums item formulated sulfates parabens phthalates,"beauty, beauty, topic, mindful, beauty, mindful, beauty, cosmetics, revlon, revlon, colorstay, overtime, lipcolor, dual, ended, long, wearing, lipstick, s, transfer, proof, kiss, proof, forget, touch, ups, day, night, shiny, lip, color, nt, smudge, rub, conditions, vitamin, end, smoothes, long, wearing, colorstay, liquid, lipstick, weve, extra, plush, feels, soft, lips, end, loaded, clear, lip, gloss, acts, coat, slick, look, upgraded, clear, lip, gloss, contains, ingredients, including, vitamin, e, comfort, plus, moisture, chamomile, soy, extract, ll, color, feels, dry, bleeds, feathers, available, 30, lipstick, colors, ranging, reds, nudes, browns, pinks, plums, forget, touch, ups, transfer, proof, kiss, proof, longwearing, lipstick, wo, nt, let, color, vibrant, creamy, formula, stays, 16, hours, smudging, end, smoothes, longwearing, colorstay, liquid, lipstick, weve, extra, plush, feels, soft, lips, end, loaded, clear, lip, gloss, acts, coat, slick, look, upgraded, clear, lip, gloss, contains, ingredients, including, vitamin, e, comfort, plus, moisture, chamomile, soy, extract, promise, color, feels, dry, bleeds, feathers, available, 30, shiny, kiss, proof, lipstick, colors, ranging, reds, nudes, browns, pinks, plums, item, formulated, sulfates, parabens, phthalates"
1.0,58.0,4.7,22,"personal, care, bath, body, clean, living, body, wash",sheamoisture,shea moisture raw shea chamomile  argan oil baby eczema bar soap 5 oz pack of 6,591,https://i5.walmartimages.com/asr/99c8eafc-836b-40db-8d7d-4ad4555db22f_1.9be648411a98fdecfc5bc7d63ad08405.jpeg,pack 6 upc 764302901365 argan oil extracts frankincense myrrh certified organic ingredients story sofi tucker started selling shea nuts village market bonthe sierra leone 1912 age 19 widowed mother selling shea butter black soap homemade hair skin preparations countryside sofi tucker grandmother shea moisture legacy purchase help empower disadvantaged women realize brighter healthier future cruelty free shea butter deeply moisturizes heals dry skin high content fatty acids vitamins argan oil high vitamin e rare oil softens renews skin frankincense myrrh given gift beauty history precious extracts repair rejuvenate skin usa certified organic ingredients cruelty free shea butter deeply moisturizes heals dry skin high content fatty acids vitamins pack 6 upc 764302901365 argan oil extracts frankincense myrrh certified organic ingredients story sofi tucker started selling shea nuts village market bonthe sierra leone 1912 age 19 widowed mother selling shea butter black soap homemade hair skin preparations countryside sofi tucker grandmother shea moisture legacy purchase help empower disadvantaged women realize brighter healthier future cruelty free shea butter deeply moisturizes heals dry skin high content fatty acids vitamins argan oil high vitamin e rare oil softens renews skin frankincense myrrh given gift beauty history precious extracts repair rejuvenate skin usa certified organic ingredients cruelty free shea butter deeply moisturizes heals dry skin high content fatty acids vitamins,"personal, care, bath, body, clean, living, body, wash, sheamoisture, pack, 6, upc, 764302901365, argan, oil, extracts, frankincense, myrrh, certified, organic, ingredients, story, sofi, tucker, started, selling, shea, nuts, village, market, bonthe, sierra, leone, 1912, age, 19, widowed, mother, selling, shea, butter, black, soap, homemade, hair, skin, preparations, countryside, sofi, tucker, grandmother, shea, moisture, legacy, purchase, help, empower, disadvantaged, women, realize, brighter, healthier, future, cruelty, free, shea, butter, deeply, moisturizes, heals, dry, skin, high, content, fatty, acids, vitamins, argan, oil, high, vitamin, e, rare, oil, softens, renews, skin, frankincense, myrrh, given, gift, beauty, history, precious, extracts, repair, rejuvenate, skin, usa, certified, organic, ingredients, cruelty, free, shea, butter, deeply, moisturizes, heals, dry, skin, high, content, fatty, acids, vitamins, pack, 6, upc, 764302901365, argan, oil, extracts, frankincense, myrrh, certified, organic, ingredients, story, sofi, tucker, started, selling, shea, nuts, village, market, bonthe, sierra, leone, 1912, age, 19, widowed, mother, selling, shea, butter, black, soap, homemade, hair, skin, preparations, countryside, sofi, tucker, grandmother, shea, moisture, legacy, purchase, help, empower, disadvantaged, women, realize, brighter, healthier, future, cruelty, free, shea, butter, deeply, moisturizes, heals, dry, skin, high, content, fatty, acids, vitamins, argan, oil, high, vitamin, e, rare, oil, softens, renews, skin, frankincense, myrrh, given, gift, beauty, history, precious, extracts, repair, rejuvenate, skin, usa, certified, organic, ingredients, cruelty, free, shea, butter, deeply, moisturizes, heals, dry, skin, high, content, fatty, acids, vitamins"
60.0,36.0,4.6,316,"food, beverages, powdered, drink, mixes, kool, aid",kool aid,2 pack koolaid sugarfree orange liquid water enhancer caffeine free 162 fl oz,607,https://i5.walmartimages.com/asr/88e9a2ff-f9ba-4bf6-920d-767d9acdd2d4_2.6823f447228619b4d7cf2e6850c27240.jpeg,kool aid orange liquid drink mix delicious way stay hydrated liquid drink mix makes easy prepare tasty orange fruit drink squeeze orange drink concentrate glass bottle water ready enjoy refreshingly sweet orange flavor zero sugar zero calories citrus flavored fruit drink concentrate great choice family enjoy enjoy revitalizing sugar free fruit drink work home water bottle fluid ounce bottle kool aid orange liquid drink mix concentrate resealable convenient package fl oz bottle kool aid orange liquid drink mix kool aid orange liquid drink mix delicious way stay hydrated sugar free liquid drink mix makes easy prepare tasty orange fruit drink bursting refreshingly sweet citrus flavor contains zero sugar zero calories squeeze liquid drink mix glass water add bottle water packaged resealable container,"food, beverages, powdered, drink, mixes, kool, aid, kool, aid, kool, aid, orange, liquid, drink, mix, delicious, way, stay, hydrated, liquid, drink, mix, makes, easy, prepare, tasty, orange, fruit, drink, squeeze, orange, drink, concentrate, glass, bottle, water, ready, enjoy, refreshingly, sweet, orange, flavor, zero, sugar, zero, calories, citrus, flavored, fruit, drink, concentrate, great, choice, family, enjoy, enjoy, revitalizing, sugar, free, fruit, drink, work, home, water, bottle, fluid, ounce, bottle, kool, aid, orange, liquid, drink, mix, concentrate, resealable, convenient, package, fl, oz, bottle, kool, aid, orange, liquid, drink, mix, kool, aid, orange, liquid, drink, mix, delicious, way, stay, hydrated, sugar, free, liquid, drink, mix, makes, easy, prepare, tasty, orange, fruit, drink, bursting, refreshingly, sweet, citrus, flavor, contains, zero, sugar, zero, calories, squeeze, liquid, drink, mix, glass, water, add, bottle, water, packaged, resealable, container"
37.0,9.0,5.0,5,"seasonal, stock, essentials, personal, care, stock, stock, shave",wahl,wahl pet clipper replacement plastic guide combs set of 10 for standard,608,https://i5.walmartimages.com/asr/d4edc50d-ab08-4113-8f97-4ca61f8c4fbb_1.83e30da4e8777a2f2c63acb3d1731991.jpeg,wahls plastic attachment guide combs perfect accessory grooming pets coats types plastic technology allows combs glide coats quickly efficiently leaving smooth finish wahl pet clipper replacement plastic guide combs set 10 standard length hair style choices fits wahl size clipper blades easy attach comb set includes left right ear taper combs product dimensions x x 4 oz,"seasonal, stock, essentials, personal, care, stock, stock, shave, wahl, wahls, plastic, attachment, guide, combs, perfect, accessory, grooming, pets, coats, types, plastic, technology, allows, combs, glide, coats, quickly, efficiently, leaving, smooth, finish, wahl, pet, clipper, replacement, plastic, guide, combs, set, 10, standard, length, hair, style, choices, fits, wahl, size, clipper, blades, easy, attach, comb, set, includes, left, right, ear, taper, combs, product, dimensions, x, x, 4, oz"
9.0,7.0,2.7,6,"health, massage, spa, relaxation",dream,dream spa pedicure green tea crystal jelly gelatin foot bath,622,https://i5.walmartimages.com/asr/ea45b16c-28bf-4672-a53d-5ef8cfa9d63e_1.1647501c8124981c4c72037dc77fe634.jpeg,smashed crystal foot wash preparation contains fragrant oils sooth relive sorrel soften rough skin calluses help prevent product effectively reduce sweating odor serve moisten skin spa pedicure green tea crystal jelly gelatin foot bath,"health, massage, spa, relaxation, dream, smashed, crystal, foot, wash, preparation, contains, fragrant, oils, sooth, relive, sorrel, soften, rough, skin, calluses, help, prevent, product, effectively, reduce, sweating, odor, serve, moisten, skin, spa, pedicure, green, tea, crystal, jelly, gelatin, foot, bath"
6.0,82.0,2.3,17,"household, essentials, cleaning, supplies, cleaning, tools, mops",kudosale,flat floor mop and bucket set wet  dry self cleaning drying self wringing mop bucket system flat floor free hand wash mop for home kitchen,631,https://i5.walmartimages.com/asr/2186d9ef-3fd1-49de-8137-7a6e15bb54b0_1.a43d917ea0a650db4d8f1b10e3927e7a.jpeg,video instruction features flat mop head use advanced production technology soft lint free clean strong scratch resistant prevent odor mildew 360 degree dead angle structure design easily narrow environmental remove corner stains force parts use high strength material ensure reliability stability mop advantages free need change mop pads dirty simply insert mop rinse mop pad wash bucket remove dirt debris repeat process dry satisfied level dampness completely hands free need bend exchange pads wring dirty smelly water attached lid cleaning drying preventing splash floor dirty mop bucket designed compact help save saving time energy lightweight easy use easily able store small places like closet sink save space segmenting handle storing bucket use microfiber pads reusable wo nt harm floor specifications color khaki mateiral steel scope wood floor tile floor marble g size x x mop x 4 x bucket x x package include 1x mop 1x bucket microfiber pads,"household, essentials, cleaning, supplies, cleaning, tools, mops, kudosale, video, instruction, features, flat, mop, head, use, advanced, production, technology, soft, lint, free, clean, strong, scratch, resistant, prevent, odor, mildew, 360, degree, dead, angle, structure, design, easily, narrow, environmental, remove, corner, stains, force, parts, use, high, strength, material, ensure, reliability, stability, mop, advantages, free, need, change, mop, pads, dirty, simply, insert, mop, rinse, mop, pad, wash, bucket, remove, dirt, debris, repeat, process, dry, satisfied, level, dampness, completely, hands, free, need, bend, exchange, pads, wring, dirty, smelly, water, attached, lid, cleaning, drying, preventing, splash, floor, dirty, mop, bucket, designed, compact, help, save, saving, time, energy, lightweight, easy, use, easily, able, store, small, places, like, closet, sink, save, space, segmenting, handle, storing, bucket, use, microfiber, pads, reusable, wo, nt, harm, floor, specifications, color, khaki, mateiral, steel, scope, wood, floor, tile, floor, marble, g, size, x, x, mop, x, 4, x, bucket, x, x, package, include, 1x, mop, 1x, bucket, microfiber, pads"
8.0,58.0,4.6,5,"premium, beauty, premium, facial, skincare, premium, face, cleansers",clarins,clarins onestep gentle exfoliating cleanser with orange extract face wash for all skin types 43 oz,639,https://i5.walmartimages.com/asr/536ec024-d329-488f-93d5-2488f4c6c62a_1.5a53d7f59353ef915089dec01bc8eee5.jpeg,,"premium, beauty, premium, facial, skincare, premium, face, cleansers, clarins,"
11.0,2.0,4.0,7,"personal, care, incontinence, incontinence",wearever,3pack wearever womens nylon and lace incontinence panties washable reusable bladder control briefs  pack of 3,655,https://i5.walmartimages.com/asr/ba8d1633-fa6f-49d0-b8ee-a64d0c1fbaba_1.1e0689085efe41806c275217d6b6cee9.jpeg,womens light absorbency panties lace panel pack panties panty holds 5 ounces liquid 100 nylon body 78 nylon 22 spandex lace 80 rayon 20 polyester pad 50 cotton 50 polyester womens nylon lace incontinence panties offer enhanced style fashion comfort reliability come know products wearevers incontinence supply products economical decision 200 250 washes sewn absorbent unique dri pad traps liquid built protection lasting day making reliable choice womens nylon lace incontinence panties require disposable inserts pads specifically designed women experiencing light moderate incontinence specific panty soft silky nylon panty providing generous rear coverage agion antimicrobial fibers reduce embarrassing odor causing bacteria,"personal, care, incontinence, incontinence, wearever, womens, light, absorbency, panties, lace, panel, pack, panties, panty, holds, 5, ounces, liquid, 100, nylon, body, 78, nylon, 22, spandex, lace, 80, rayon, 20, polyester, pad, 50, cotton, 50, polyester, womens, nylon, lace, incontinence, panties, offer, enhanced, style, fashion, comfort, reliability, come, know, products, wearevers, incontinence, supply, products, economical, decision, 200, 250, washes, sewn, absorbent, unique, dri, pad, traps, liquid, built, protection, lasting, day, making, reliable, choice, womens, nylon, lace, incontinence, panties, require, disposable, inserts, pads, specifically, designed, women, experiencing, light, moderate, incontinence, specific, panty, soft, silky, nylon, panty, providing, generous, rear, coverage, agion, antimicrobial, fibers, reduce, embarrassing, odor, causing, bacteria"
8.0,2.0,5.0,1,"premium, beauty, premium, hair, care, premium, styling, products, hair, styling, products",kms california,kms hair play liquid wax  size  33 oz,656,https://i5.walmartimages.com/asr/060fb48f-341a-439e-b250-c0c091f30769_1.31a671c3a5971db36b86bd43c2807618.jpeg,,"premium, beauty, premium, hair, care, premium, styling, products, hair, styling, products, kms, california,"
6.0,1.0,4.3,592,"beauty, makeup, face, makeup, setting, powder, pressed, powder",paris,loreal paris true match superblendable oil free makeup powder nut brown 033 oz,664,https://i5.walmartimages.com/asr/a8ee119c-ad93-4b58-b66a-f66ce4bd53d9.dd823a27909971e2afce04cc257172c6.jpeg,true match powder precisely matches skins tone texture coordinates perfectly true match makeup blush concealer micro fine face powder provides versatile coverage blot shine blend natural finish build coverage true match face powders formula contains hint pearl pigments enhance skins tone wear true match powder true match makeup flawless look packaging vary receive reflected site true shades find match mattify skin chalky cakey natural finish undetectable coverage blot oil control shine,"beauty, makeup, face, makeup, setting, powder, pressed, powder, paris, true, match, powder, precisely, matches, skins, tone, texture, coordinates, perfectly, true, match, makeup, blush, concealer, micro, fine, face, powder, provides, versatile, coverage, blot, shine, blend, natural, finish, build, coverage, true, match, face, powders, formula, contains, hint, pearl, pigments, enhance, skins, tone, wear, true, match, powder, true, match, makeup, flawless, look, packaging, vary, receive, reflected, site, true, shades, find, match, mattify, skin, chalky, cakey, natural, finish, undetectable, coverage, blot, oil, control, shine"
5.0,9.0,4.8,9,"health, aromatherapy, essential, oils, essential, oils",greenhealth,citronella essential oil  16 fl oz 5 ml glass bottle w euro dropper  100 pure essential oil by greenhealth,665,https://i5.walmartimages.com/asr/b3d479f9-64cf-4422-aad6-fc58f2d32956_1.3f4b7bef22c09be9094875077332d074.jpeg,citronella oil extracted resilient grass cymbopogon nardus native sri lanka java aromatic perennial grows approximately 1 meter 3 feet height disclaimer note international federation aromatherapists recommend essential oils carrier oils hydrosols taken internally supervision medical doctor qualified clinical aromatherapy citronella essential oil greenhealth botanical cymbopogon nardus aromatic scent citrusy slightly fruity fresh sweet,"health, aromatherapy, essential, oils, essential, oils, greenhealth, citronella, oil, extracted, resilient, grass, cymbopogon, nardus, native, sri, lanka, java, aromatic, perennial, grows, approximately, 1, meter, 3, feet, height, disclaimer, note, international, federation, aromatherapists, recommend, essential, oils, carrier, oils, hydrosols, taken, internally, supervision, medical, doctor, qualified, clinical, aromatherapy, citronella, essential, oil, greenhealth, botanical, cymbopogon, nardus, aromatic, scent, citrusy, slightly, fruity, fresh, sweet"
33.0,1.0,3.4,8,"health, superfoods, cleanses, superfoods, natural, alternatives",nature answer,natures answer whole beets 634 oz 180 g,670,https://i5.walmartimages.com/asr/1aef184b-1ac1-4bd6-8c11-11d560bdcb06_1.735bfa3deffb2cda5af42f17121d193c.jpeg,1972 supports healthy circulation delicious cherry flavor natural flavors probiotic fermentation increases nitric oxide precursors 200 discover organic fermented beets trust difference dietary supplement non gmo usda organic vegan gluten free certified organic qai usda organic beets organic food powder concentrate 2x probiotic fermentation process yields 200 nitrate content regular beet powder naturally occurring nitrates converted nitric oxide body supports circulatory health endurance helps maintain healthy blood pressure levels 1972 supports healthy circulation delicious cherry flavor natural flavors probiotic fermentation increases nitric oxide precursors 200 discover organic fermented beets trust difference,"health, superfoods, cleanses, superfoods, natural, alternatives, nature, answer, 1972, supports, healthy, circulation, delicious, cherry, flavor, natural, flavors, probiotic, fermentation, increases, nitric, oxide, precursors, 200, discover, organic, fermented, beets, trust, difference, dietary, supplement, non, gmo, usda, organic, vegan, gluten, free, certified, organic, qai, usda, organic, beets, organic, food, powder, concentrate, 2x, probiotic, fermentation, process, yields, 200, nitrate, content, regular, beet, powder, naturally, occurring, nitrates, converted, nitric, oxide, body, supports, circulatory, health, endurance, helps, maintain, healthy, blood, pressure, levels, 1972, supports, healthy, circulation, delicious, cherry, flavor, natural, flavors, probiotic, fermentation, increases, nitric, oxide, precursors, 200, discover, organic, fermented, beets, trust, difference"
4.0,2.0,4.5,15,"personal, care, bath, body, body, scrubs, exfoliators",sheamoisture,sheamoisture african water mint ginger handbody scrub detox 12 oz,681,https://i5.walmartimages.com/asr/d29dadc1-c0cc-414a-ba87-071c2e975e85_1.80d1bf8432d92474a8f7fb14c28d2f49.jpeg,gently exfoliate dead skin clearing away impurities rejuvenating sugar scrub enriched certified organic shea butter african water mint activated charcoal ginger opuntia extracts helps dissolve surface impurities improves appearance skin tone boosts skin types feeling smooth invigorated exhilarating scent story sofi tucker started selling shea nuts village market bonthe sierra leone 1912 age 19 widowed mother selling shea butter african black soap homemade hair skin preparations countryside sofi tucker grandmother sheamoisture legacy purchase help empower disadvantaged women realize brighter healthier future ethically traded ingredients sustainably produced pioneering community commerce fair trade 1912 tested tucker family generations animals sheamoisture african wild water mint detox stimulate hand body scrub detox soothe rejuvenating sugar scrub enriched certified organic shea butter african water mint activated charcoal ginger opuntia extracts helps dissolve surfaceimpurities improves appearance skin tone boosts radiance african water mint ginger extract activated charcoal apply small palm massage gently skin usinga circular motion concentrating rough dry areas hand treatment rub palms create gentle warmth massage gently ofhands cuticles fair trade shea butter sulfates parabens phthalates propylene glycol mineral oil animal testing petroleum,"personal, care, bath, body, body, scrubs, exfoliators, sheamoisture, gently, exfoliate, dead, skin, clearing, away, impurities, rejuvenating, sugar, scrub, enriched, certified, organic, shea, butter, african, water, mint, activated, charcoal, ginger, opuntia, extracts, helps, dissolve, surface, impurities, improves, appearance, skin, tone, boosts, skin, types, feeling, smooth, invigorated, exhilarating, scent, story, sofi, tucker, started, selling, shea, nuts, village, market, bonthe, sierra, leone, 1912, age, 19, widowed, mother, selling, shea, butter, african, black, soap, homemade, hair, skin, preparations, countryside, sofi, tucker, grandmother, sheamoisture, legacy, purchase, help, empower, disadvantaged, women, realize, brighter, healthier, future, ethically, traded, ingredients, sustainably, produced, pioneering, community, commerce, fair, trade, 1912, tested, tucker, family, generations, animals, sheamoisture, african, wild, water, mint, detox, stimulate, hand, body, scrub, detox, soothe, rejuvenating, sugar, scrub, enriched, certified, organic, shea, butter, african, water, mint, activated, charcoal, ginger, opuntia, extracts, helps, dissolve, surfaceimpurities, improves, appearance, skin, tone, boosts, radiance, african, water, mint, ginger, extract, activated, charcoal, apply, small, palm, massage, gently, skin, usinga, circular, motion, concentrating, rough, dry, areas, hand, treatment, rub, palms, create, gentle, warmth, massage, gently, ofhands, cuticles, fair, trade, shea, butter, sulfates, parabens, phthalates, propylene, glycol, mineral, oil, animal, testing, petroleum"
4.0,9.0,4.8,6,"personal, care, oral, care, oral, accessories, oral, accessories",gum,gum soft picks advanced 270count soft flexible bristles,688,https://i5.walmartimages.com/asr/1e4567b6-64a5-49e7-97e5-75fc8d787f6b_1.90bd8f75da8e1f4800160d417362debd.jpeg,features soft flexible bristlescurved designlong handleincludes 3,"personal, care, oral, care, oral, accessories, oral, accessories, gum, features, soft, flexible, bristlescurved, designlong, handleincludes, 3"
6.0,93.0,4.4,33,"health, foot, care, skin, tag, pens",nail aid,nailaid magic callus remover 43 fl oz,693,https://i5.walmartimages.com/asr/9d3b3464-830b-4a62-890f-26dd189098b2_1.afc8c0ba472376abfcd0d052ea6b6a9c.jpeg,pnail aid magic callus remover dissolves calluses 5 minutesno filing neededprofessional strength callus remover pnail aid magic callus remover fl oz,"health, foot, care, skin, tag, pens, nail, aid, pnail, aid, magic, callus, remover, dissolves, calluses, 5, minutesno, filing, neededprofessional, strength, callus, remover, pnail, aid, magic, callus, remover, fl, oz"
63.0,52.0,4.3,7896,"beauty, hair, care, hair, color, permanent, hair, color",garnier,garnier olia oil powered permanent hair color 745 dark fire ruby 1 kit,714,https://i5.walmartimages.com/asr/beb830d6-c124-4269-be1a-de7d3ab2167d_1.821814aeabe4fbee3659898e5d5a8b0c.jpeg,garnier olia unlike traditional permanent hair color powered 60 oil blend formula natural flower oils olia propels colorants deep hair giving vivid color results 100 gray coverage oils help reverse roughness dullness hair feeling weighed non drip formula ammonia smells great apply end result brilliant long lasting color hair hydrated silky looks 3x shinier uncolored unwashed hair s hair dye kit developer applicator colorant tube color conditioner set gloves instruction sheet packaging varyhair color 60 percent oil blend formula natural flower oils weigh garnier olia hair color gives vivid long lasting color 100 percent gray coverage ammonia free hair dye gentle pleasant fragrance visibly improves restores hair,"beauty, hair, care, hair, color, permanent, hair, color, garnier, garnier, olia, unlike, traditional, permanent, hair, color, powered, 60, oil, blend, formula, natural, flower, oils, olia, propels, colorants, deep, hair, giving, vivid, color, results, 100, gray, coverage, oils, help, reverse, roughness, dullness, hair, feeling, weighed, non, drip, formula, ammonia, smells, great, apply, end, result, brilliant, long, lasting, color, hair, hydrated, silky, looks, 3x, shinier, uncolored, unwashed, hair, s, hair, dye, kit, developer, applicator, colorant, tube, color, conditioner, set, gloves, instruction, sheet, packaging, varyhair, color, 60, percent, oil, blend, formula, natural, flower, oils, weigh, garnier, olia, hair, color, gives, vivid, long, lasting, color, 100, percent, gray, coverage, ammonia, free, hair, dye, gentle, pleasant, fragrance, visibly, improves, restores, hair"
1.0,11.0,4.6,213,"beauty, hair, care, shampoo, shampoo",selsun blue,selsun blue medicated maximum strength dandruff shampoo 11 ounce,726,https://i5.walmartimages.com/asr/366b22b8-d02f-45ec-a301-906edbab060e_1.a6eed512e04921fa7d40a7c5a267a999.jpeg,selsun blue medicated maximum strength dandruff shampoo 11 oz 1 percent selenium sulfide medicated menthol maximum control shampoo promotes healthier hair scalp medicating controlling dandruff selsun blue medicated shampoo strong ingredients relieve toughest dandruff symptoms reduce appearance flakes ideal use itchy dry scalp relieving itching flaking caused dandruff seborrheic dermatitis source effective results recommended use anti dandruff shampoo twice week directed doctor selsun blue medicated menthol dandruff shampoo 11 oz medicated menthol targets source control dandruff cools soothes scalp medicated anti dandruff shampoo 1 selenium sulfide ideal use itchy dry scalp relieves itching flaking caused dandruff seborrheic dermatitis comes maximum strength formula ingredients relief toughest dandruff symptoms reduces appearance flakes clothing best results use selsun blue medicated shampoo twice week directed doctor,"beauty, hair, care, shampoo, shampoo, selsun, blue, selsun, blue, medicated, maximum, strength, dandruff, shampoo, 11, oz, 1, percent, selenium, sulfide, medicated, menthol, maximum, control, shampoo, promotes, healthier, hair, scalp, medicating, controlling, dandruff, selsun, blue, medicated, shampoo, strong, ingredients, relieve, toughest, dandruff, symptoms, reduce, appearance, flakes, ideal, use, itchy, dry, scalp, relieving, itching, flaking, caused, dandruff, seborrheic, dermatitis, source, effective, results, recommended, use, anti, dandruff, shampoo, twice, week, directed, doctor, selsun, blue, medicated, menthol, dandruff, shampoo, 11, oz, medicated, menthol, targets, source, control, dandruff, cools, soothes, scalp, medicated, anti, dandruff, shampoo, 1, selenium, sulfide, ideal, use, itchy, dry, scalp, relieves, itching, flaking, caused, dandruff, seborrheic, dermatitis, comes, maximum, strength, formula, ingredients, relief, toughest, dandruff, symptoms, reduces, appearance, flakes, clothing, best, results, use, selsun, blue, medicated, shampoo, twice, week, directed, doctor"
29.0,6.0,4.1,12,"beauty, makeup, eye, makeup, eye, makeup, brands, rimmel, eye, makeup",rimmel,rimmel exaggerate eye definer copper bling 0009 oz,741,https://i5.walmartimages.com/asr/d56f753b-54c4-44fb-9fa4-c384dce0ce86_1.d30d309d8f690b2c23b629c5deab7863.jpeg,color definition retractable tip built smudger creates smokey eye built sharpener creates smooth clean lines waterproof 10hr london exaggerate smoke n shine eye liner fl oz,"beauty, makeup, eye, makeup, eye, makeup, brands, rimmel, eye, makeup, rimmel, color, definition, retractable, tip, built, smudger, creates, smokey, eye, built, sharpener, creates, smooth, clean, lines, waterproof, 10hr, london, exaggerate, smoke, n, shine, eye, liner, fl, oz"
74.0,71.0,5.0,1,"personal, care, deodorants, antiperspirants",mitchum,6 pack  mitchum invisible antiperspirant  deodorant rollon unscented 34 oz,765,https://i5.walmartimages.com/asr/df96f85a-e054-4a41-8954-48bae1c5ae21_1.685d1d0d959dd67a71e6cc1cf8c8b2a0.jpeg,pack 6 upc 309971185915 mitchums technologies provide powerful protection sweat odor unscented invisible roll sticks exclusive oxygen odor control technologytm releases pure oxygen powerful odor fighter help eliminate odor caused bacteria maximum wetness protection highest level active ingredient keeps feeling dry comfortable 48 hours,"personal, care, deodorants, antiperspirants, mitchum, pack, 6, upc, 309971185915, mitchums, technologies, provide, powerful, protection, sweat, odor, unscented, invisible, roll, sticks, exclusive, oxygen, odor, control, technologytm, releases, pure, oxygen, powerful, odor, fighter, help, eliminate, odor, caused, bacteria, maximum, wetness, protection, highest, level, active, ingredient, keeps, feeling, dry, comfortable, 48, hours"
84.0,62.0,5.0,1,"beauty, makeup, nails",kiss,kiss brushon nail glue 17 fl oz,778,https://i5.walmartimages.com/asr/b660df7a-685f-45a7-8a1a-1cfdee9987e3_1.0834842248dfcdede60c09e4f9855845.jpeg,kiss brush nail glue fl oz kiss products brush nail glue pound brushes evenly air pockets mess quick dry set ideal securing artificial nails,"beauty, makeup, nails, kiss, kiss, brush, nail, glue, fl, oz, kiss, products, brush, nail, glue, pound, brushes, evenly, air, pockets, mess, quick, dry, set, ideal, securing, artificial, nails"
8.0,90.0,4.4,59,"beauty, skin, care, facial, cleansers, face, wash, face, wash, normal, skin",mustela,mustela baby cleansing wipes hypoallergenic delicately fragranced 25 count,783,https://i5.walmartimages.com/asr/521d1d29-0548-42fc-8756-8ddaae56f28d_1.9833a6bb9bfdb334a9f24826b60dbd0b.jpeg,facial cleansing wipes composed 98 plant based ingredients formulated natural avocado perseose aloe vera leaf extract lightly d ultra soft cleansing wipes gentle baby cleansing wipes hypoallergenic delicately fragranced 25 count,"beauty, skin, care, facial, cleansers, face, wash, face, wash, normal, skin, mustela, facial, cleansing, wipes, composed, 98, plant, based, ingredients, formulated, natural, avocado, perseose, aloe, vera, leaf, extract, lightly, d, ultra, soft, cleansing, wipes, gentle, baby, cleansing, wipes, hypoallergenic, delicately, fragranced, 25, count"
14.0,36.0,4.7,814,"personal, care, bath, body, body, lotions, creams",curél,curel hydra therapy itch defense wet skin moisturizer for dry itchy skin 12 ounces,792,https://i5.walmartimages.com/asr/c71aed72-2f0f-4b8b-94fb-74b90ba875d1_1.b1c67cf70fd12f3b2842f77f54e19569.jpeg,curél hydra therapy itch defense wet skin moisturizer apply daily end dry skin curél hydra therapy itch defense wet skin moisturizer showering bathing pores open allows hydration penetrate deep surface source dryness curél hydra therapy itch defense applied wet skin immediately showering works water skin glide immediately absorb need rinse wait toweling dry normal unlike traditional lotions works skin replenish repair moisture barrier advanced ceramide complex moisturizer replenishes ceramides help skin retain moisture prevent symptoms dry skin returning dermatologist recommended curél hydra therapy itch defense wet skin moisturizer granted national eczema association seal acceptance apply daily feel 3x hydrated use curél hydra therapy itch defense wet skin moisturizer showering bathing turn water skin damp apply curél hydra therapy itch defense wet skin moisturizer wet skin glides absorbs immediately need rinse towel dry normal best results use daily curél skincare advanced ceramide complex ceramides naturally present healthy skin vital maintaining moisture barrier ceramides lost skin dry damaged traditional lotions hydrate surface curél moisturizers work source dryness help replenish ceramide levels relieve symptoms actually time prevent symptoms recurring hydrates relieve dry itchy skin apply showering wet skin deep hydration greasy feel oatmeal extract vitamin e ceramide complex,"personal, care, bath, body, body, lotions, creams, curél, curél, hydra, therapy, itch, defense, wet, skin, moisturizer, apply, daily, end, dry, skin, curél, hydra, therapy, itch, defense, wet, skin, moisturizer, showering, bathing, pores, open, allows, hydration, penetrate, deep, surface, source, dryness, curél, hydra, therapy, itch, defense, applied, wet, skin, immediately, showering, works, water, skin, glide, immediately, absorb, need, rinse, wait, toweling, dry, normal, unlike, traditional, lotions, works, skin, replenish, repair, moisture, barrier, advanced, ceramide, complex, moisturizer, replenishes, ceramides, help, skin, retain, moisture, prevent, symptoms, dry, skin, returning, dermatologist, recommended, curél, hydra, therapy, itch, defense, wet, skin, moisturizer, granted, national, eczema, association, seal, acceptance, apply, daily, feel, 3x, hydrated, use, curél, hydra, therapy, itch, defense, wet, skin, moisturizer, showering, bathing, turn, water, skin, damp, apply, curél, hydra, therapy, itch, defense, wet, skin, moisturizer, wet, skin, glides, absorbs, immediately, need, rinse, towel, dry, normal, best, results, use, daily, curél, skincare, advanced, ceramide, complex, ceramides, naturally, present, healthy, skin, vital, maintaining, moisture, barrier, ceramides, lost, skin, dry, damaged, traditional, lotions, hydrate, surface, curél, moisturizers, work, source, dryness, help, replenish, ceramide, levels, relieve, symptoms, actually, time, prevent, symptoms, recurring, hydrates, relieve, dry, itchy, skin, apply, showering, wet, skin, deep, hydration, greasy, feel, oatmeal, extract, vitamin, e, ceramide, complex"
7.0,81.0,3.2,26,"health, vitamins, supplements, supplements",spring valley,spring valley sleep support melatonin liquid 10 mg 2 fl oz,803,https://i5.walmartimages.com/asr/f774c9dc-3e66-4467-bc80-b354213cabf8_1.a6a0aba22607dccafb6c6228d7be07f2.jpeg,spring valley melatonin sleep support liquid dietary supplement designed improve sleep melatonin naturally occurring compound produced body suggested adult dosage simply dropperful 1 milliliter day bedtime liquid free gluten yeast wheat milk milk derivatives lactose sugar artificial color artificial flavor contains 5 milligrams sodium serving melatonin hormone naturally produced pineal gland plays important role bodys natural sleep cycle spring valley melatonin liquid features 10 mg beneficial ingredient fast acting naturally flavored easy use liquid formula absolutely delicious bedtime help support rest relaxation naturally occurring hormone helps occasional sleeplessness making great choice travelers experiencing jet lag control rest good nights sleep spring valley melatonin sleep support liquid statements evaluated food drug administration product intended diagnose treat cure prevent disease spring valley understands living healthy balanced lifestyle key best self affordable range products inspired nature spring valley supports familys health holistic wellbeing spring valley sleep support melatonin liquid 10 mg 2 fl oz sleep support supplement free gluten yeast wheat lactose sugar artificial flavors colors tamper evident packaging 2fl oz bottle contains 59 doses,"health, vitamins, supplements, supplements, spring, valley, spring, valley, melatonin, sleep, support, liquid, dietary, supplement, designed, improve, sleep, melatonin, naturally, occurring, compound, produced, body, suggested, adult, dosage, simply, dropperful, 1, milliliter, day, bedtime, liquid, free, gluten, yeast, wheat, milk, milk, derivatives, lactose, sugar, artificial, color, artificial, flavor, contains, 5, milligrams, sodium, serving, melatonin, hormone, naturally, produced, pineal, gland, plays, important, role, bodys, natural, sleep, cycle, spring, valley, melatonin, liquid, features, 10, mg, beneficial, ingredient, fast, acting, naturally, flavored, easy, use, liquid, formula, absolutely, delicious, bedtime, help, support, rest, relaxation, naturally, occurring, hormone, helps, occasional, sleeplessness, making, great, choice, travelers, experiencing, jet, lag, control, rest, good, nights, sleep, spring, valley, melatonin, sleep, support, liquid, statements, evaluated, food, drug, administration, product, intended, diagnose, treat, cure, prevent, disease, spring, valley, understands, living, healthy, balanced, lifestyle, key, best, self, affordable, range, products, inspired, nature, spring, valley, supports, familys, health, holistic, wellbeing, spring, valley, sleep, support, melatonin, liquid, 10, mg, 2, fl, oz, sleep, support, supplement, free, gluten, yeast, wheat, lactose, sugar, artificial, flavors, colors, tamper, evident, packaging, 2fl, oz, bottle, contains, 59, doses"
8.0,51.0,3.8,23,"beauty, clearance, rollback, beauty, products, clearance, rollback, hair, products",colors,la colors gel shine nail polish posh 044 oz,806,https://i5.walmartimages.com/asr/a38559f8-f579-4a4d-83f3-e8f087a017bc_1.7214e4462b9a28ce8cf2d22b481f7e25.jpeg,gel shine nail polish poshla colors gel shine nail polish posh oz,"beauty, clearance, rollback, beauty, products, clearance, rollback, hair, products, colors, gel, shine, nail, polish, poshla, colors, gel, shine, nail, polish, posh, oz"
94.0,7.0,4.5,1137,"personal, care, shaving, electric, shave, replacement, heads, electric, shave, replacement, heads",philips norelco,philips norelco oneblade hybrid electric trimmer and shaver qp252070,825,https://i5.walmartimages.com/asr/4b81719c-93ba-4831-a60c-3fb6157b4ee0.71501c249a3e4fbc87631e31c355f253.jpeg,philips norelco oneblade revolutionary new electric grooming technology designed men wear facial styles beards stubble oneblade trims edges shaves length hair unique oneblade shaving technology integrates fast moving cutter 200x second dual protection system efficient comfortabe shave longer hairs oneblade shave close skin stays comfortable replaceable oneblades 4 months best shaving experience based 2 shaves week actual results vary rechargeable oneblade trim edge shave length hair trim click combs fast trim right places edge dual sided blade precise edging line style easier shave fast moving cutter shave long hair close skin stays comfortable replaceable oneblade lasts 4 months best shaving experience based 2 shaves week actual results vary 1 oneblade 1 handle 3 trimming combs 1 power charger rechargeable oneblade trim edge shave length hair trim click combs fast trim right places edge dual sided blade precise edging line style easier shave fast moving cutter shave long hair close skin stays comfortable replaceable oneblade lasts 4 months best shaving experience based 2 shaves week actual results vary,"personal, care, shaving, electric, shave, replacement, heads, electric, shave, replacement, heads, philips, norelco, philips, norelco, oneblade, revolutionary, new, electric, grooming, technology, designed, men, wear, facial, styles, beards, stubble, oneblade, trims, edges, shaves, length, hair, unique, oneblade, shaving, technology, integrates, fast, moving, cutter, 200x, second, dual, protection, system, efficient, comfortabe, shave, longer, hairs, oneblade, shave, close, skin, stays, comfortable, replaceable, oneblades, 4, months, best, shaving, experience, based, 2, shaves, week, actual, results, vary, rechargeable, oneblade, trim, edge, shave, length, hair, trim, click, combs, fast, trim, right, places, edge, dual, sided, blade, precise, edging, line, style, easier, shave, fast, moving, cutter, shave, long, hair, close, skin, stays, comfortable, replaceable, oneblade, lasts, 4, months, best, shaving, experience, based, 2, shaves, week, actual, results, vary, 1, oneblade, 1, handle, 3, trimming, combs, 1, power, charger, rechargeable, oneblade, trim, edge, shave, length, hair, trim, click, combs, fast, trim, right, places, edge, dual, sided, blade, precise, edging, line, style, easier, shave, fast, moving, cutter, shave, long, hair, close, skin, stays, comfortable, replaceable, oneblade, lasts, 4, months, best, shaving, experience, based, 2, shaves, week, actual, results, vary"
2.0,5.0,4.5,21,"personal, care, bath, body, bar, soap",kirk,kirks natural original coco castile bar soap fragrance free 4 oz 3 ct,827,https://i5.walmartimages.com/asr/ec723528-5167-4cc5-a2ae-00a97db0064b_1.68d0909d3bb08f05b02f18f3d734c036.jpeg,kirks exclusive soap making process produces handfuls creamy lather hardest water kirks rinses clean ease leaving drying residue kirks fragrance free contains added fragrance irritate sensitive skin 100 animal cruelty animal product free hypoallergenic kirks natural original coco castile bar soap fragrance free 4 oz 3 ct,"personal, care, bath, body, bar, soap, kirk, kirks, exclusive, soap, making, process, produces, handfuls, creamy, lather, hardest, water, kirks, rinses, clean, ease, leaving, drying, residue, kirks, fragrance, free, contains, added, fragrance, irritate, sensitive, skin, 100, animal, cruelty, animal, product, free, hypoallergenic, kirks, natural, original, coco, castile, bar, soap, fragrance, free, 4, oz, 3, ct"
67.0,9.0,5.0,2,"premium, beauty, premium, facial, skincare, premium, face, masks",cosrx,cosrx ultimate moisturizing honey overnight face mask 202 oz,850,https://i5.walmartimages.com/asr/5b70eab0-99eb-471e-80cf-3abdd16a4b35_1.e4eeace458e5c641b7fe51f80d94e467.jpeg,,"premium, beauty, premium, facial, skincare, premium, face, masks, cosrx,"
5.0,70.0,5.0,1,"beauty, makeup, lip",new york color,new york color nyc ultra last lip wear,852,https://i5.walmartimages.com/asr/8ea8789d-641c-416c-ae67-02d203cb4ac0_1.843c6a1e220fc92388918a0cadabfe33.jpeg,new york color nyc ultra lip wear,"beauty, makeup, lip, new, york, color, new, york, color, nyc, ultra, lip, wear"
5.0,45.0,5.0,1,"premium, beauty, premium, men, grooming, premium, colognes",salvatore ferragamo,salvatore ferragamo f eau de toilette spray for men 34 oz,867,https://i5.walmartimages.com/asr/00980b88-b67b-4fdf-84af-72a76425752d_1.9ab75a168b4f19a44948d792e4e5d7df.jpeg,,"premium, beauty, premium, men, grooming, premium, colognes, salvatore, ferragamo,"
7.0,63.0,4.3,214,"beauty, makeup, lip, makeup, lipstick, liquid, lipstick",maybelline,maybelline superstay matte ink liquid lipstick coffee edition caramel collector 017 fl oz,881,https://i5.walmartimages.com/asr/57585e70-7047-47d0-b9a8-adb97927e54a.32e05a9a1dc43602ac3f9dbdd88f21a4.jpeg,intensely perfect perfectly intense fuel lips rich coffee colors transfer 16 hours saturated liquid matte maybelline new yorks superstay matte ink coffee edition liquid lipstick highly pigmented liquid matte lipstick features unique arrow applicator precise application formula long lasting gives flawless matte finish coffee inspired shades delectable coffee scents easy removal use maybellines superstay eraser lipstick remover 16 hours coffee inspired liquid matte lipstick delectable coffee scent long lasting saturated matte lip color matte ink coffee edition liquid lipstick available range richly blended coffee shades,"beauty, makeup, lip, makeup, lipstick, liquid, lipstick, maybelline, intensely, perfect, perfectly, intense, fuel, lips, rich, coffee, colors, transfer, 16, hours, saturated, liquid, matte, maybelline, new, yorks, superstay, matte, ink, coffee, edition, liquid, lipstick, highly, pigmented, liquid, matte, lipstick, features, unique, arrow, applicator, precise, application, formula, long, lasting, gives, flawless, matte, finish, coffee, inspired, shades, delectable, coffee, scents, easy, removal, use, maybellines, superstay, eraser, lipstick, remover, 16, hours, coffee, inspired, liquid, matte, lipstick, delectable, coffee, scent, long, lasting, saturated, matte, lip, color, matte, ink, coffee, edition, liquid, lipstick, available, range, richly, blended, coffee, shades"
38.0,63.0,4.4,259,"beauty, makeup, nails",sinful colors,sinfulcolors sinfulshine step 1 color nail color wisp 05 fl oz,901,https://i5.walmartimages.com/asr/66f67ca1-f24a-4f4b-b9da-02b0eb122f09_1.687d0e1f2e557775475d449e46d9ac4c.jpeg,sinful shine wisp sinful shine wisp bold vibrant color toluene formaldehyde dbp free,"beauty, makeup, nails, sinful, colors, sinful, shine, wisp, sinful, shine, wisp, bold, vibrant, color, toluene, formaldehyde, dbp, free"
2.0,4.0,5.0,1,"personal, care, shaving, trimmers, groomers, trimmers, groomers",docooler,hair cutting kit usb charging hair clipper hair trimmer 36912mm guide comb beard shaping  styling template,902,https://i5.walmartimages.com/asr/59946f4d-58b9-42c0-8743-04a3abf6fd88.efe69cd9d6412e03426aa50b98b8bfd7.jpeg,description kit allows trim shape beard hair home easy convenient buy features adjustable cutter head cutter head removable washable easy clean adjustment switch hair clipper allows crew cut thin thick hair ergonomic beard hair trimmer design non slip handle provides total comfort control usb charging convenient limit combs 3 mm 6 mm 9 mm 12 mm limit combs limit combs different lengths suitable different hair types family simply place shaping styling template comb face shave edge ensuring perfect lines symmetry time amazing facial hair template help shape cheek line neck line jaw line moustache goatee sideburns features different styles specifications hair cutting kit material abs color multi color 3w package size 21 16 5 cm package weight 328 g oz package list 1 hair clipper 4 guide combs 1 charging cord 1 beard shaping styling template 1 user manual 1 cleaning brush 1 hair clipper stand ergonomic beard hair trimmer design non slip handle provides total comfort control usb charging convenient limit combs 3 mm 6 mm 9 mm 12 mm limit combs limit combs different lengths suitable different hair types family simply place shaping styling template comb face shave edge ensuring perfect lines symmetry time,"personal, care, shaving, trimmers, groomers, trimmers, groomers, docooler, description, kit, allows, trim, shape, beard, hair, home, easy, convenient, buy, features, adjustable, cutter, head, cutter, head, removable, washable, easy, clean, adjustment, switch, hair, clipper, allows, crew, cut, thin, thick, hair, ergonomic, beard, hair, trimmer, design, non, slip, handle, provides, total, comfort, control, usb, charging, convenient, limit, combs, 3, mm, 6, mm, 9, mm, 12, mm, limit, combs, limit, combs, different, lengths, suitable, different, hair, types, family, simply, place, shaping, styling, template, comb, face, shave, edge, ensuring, perfect, lines, symmetry, time, amazing, facial, hair, template, help, shape, cheek, line, neck, line, jaw, line, moustache, goatee, sideburns, features, different, styles, specifications, hair, cutting, kit, material, abs, color, multi, color, 3w, package, size, 21, 16, 5, cm, package, weight, 328, g, oz, package, list, 1, hair, clipper, 4, guide, combs, 1, charging, cord, 1, beard, shaping, styling, template, 1, user, manual, 1, cleaning, brush, 1, hair, clipper, stand, ergonomic, beard, hair, trimmer, design, non, slip, handle, provides, total, comfort, control, usb, charging, convenient, limit, combs, 3, mm, 6, mm, 9, mm, 12, mm, limit, combs, limit, combs, different, lengths, suitable, different, hair, types, family, simply, place, shaping, styling, template, comb, face, shave, edge, ensuring, perfect, lines, symmetry, time"
62.0,5.0,4.9,100,"personal, care, oral, care, toothbrushes, manual, toothbrushes, oral, b, manual, toothbrushes",oral b,oralb kids manual toothbrush featuring disneys princess characters soft bristles for children and toddlers 3 1 count,905,https://i5.walmartimages.com/asr/ada5337f-c26b-4035-bb9e-c60fc0dbaf17_1.9db7548e9de5adce9e1b93de2cd899d1.jpeg,smile grow oral b manual toothbrush featuring princess characters perfect toothbrush little princess toothbrush sized surround clean pearly whites reach tricky teeth helping protect tender gums soft bristles best toothbrush compatible interactive disney magictimer app oral b help kids brush dentist recommended 2 minutes oral b brand dentists use worldwide dinsey princess vary oral b kids manual toothbrush featuring disneys princess characters soft bristles children toddlers 3 1 count toothbrush head designed fit small mouths kids ages 3 helps little hands learning brush cushioned brush head soft bristles designed help protect tender gums helps clean hard reach teeth use disney magic timer app oral b help kids brush 2x longer makes brushing fun featuring disney princess characters use crest kids toothpaste featuring disneys princesses,"personal, care, oral, care, toothbrushes, manual, toothbrushes, oral, b, manual, toothbrushes, oral, b, smile, grow, oral, b, manual, toothbrush, featuring, princess, characters, perfect, toothbrush, little, princess, toothbrush, sized, surround, clean, pearly, whites, reach, tricky, teeth, helping, protect, tender, gums, soft, bristles, best, toothbrush, compatible, interactive, disney, magictimer, app, oral, b, help, kids, brush, dentist, recommended, 2, minutes, oral, b, brand, dentists, use, worldwide, dinsey, princess, vary, oral, b, kids, manual, toothbrush, featuring, disneys, princess, characters, soft, bristles, children, toddlers, 3, 1, count, toothbrush, head, designed, fit, small, mouths, kids, ages, 3, helps, little, hands, learning, brush, cushioned, brush, head, soft, bristles, designed, help, protect, tender, gums, helps, clean, hard, reach, teeth, use, disney, magic, timer, app, oral, b, help, kids, brush, 2x, longer, makes, brushing, fun, featuring, disney, princess, characters, use, crest, kids, toothpaste, featuring, disneys, princesses"
8.0,5.0,3.8,73,"clothing, womens, clothing, womens, socks, hosiery, tights, womens, hosiery, tights",dr scholl,womens relaxed fit crew socks 4 pack,907,https://i5.walmartimages.com/asr/b2f8ba83-7de3-44a2-9ed8-53d4217062da_1.4dadb6a2f344d1c34d44556ab7f36ed6.jpeg,,"clothing, womens, clothing, womens, socks, hosiery, tights, womens, hosiery, tights, dr, scholl,"
5.0,6.0,3.5,22,"personal, care, shaving, electric, shavers",veet,veet 3in1 face cream kit hair remover,924,https://i5.walmartimages.com/asr/c66f2fb9-9c22-442c-a4ec-88b4be602c04_1.e4e8f2a16f50474de46abf5c25b84710.png,leave skin hair free smooth moisturized veet 3 face cream kit hair remover designed dermatologist tested sensitive formula combines aloe vitamin e condition moisturize skin hair removal veet face cream kit includes hair removal cream removes kind hair stubborn fine features gentle finishing cream leave skin feeling nourished smooth removal complete targeted applicator makes applying removing facial hair removal cream women breeze provides exact results veet 3 face cream kit hair remover provides silk fresh technology provide new improved scent veet 3 face cream kit hair remover hair removal cream removes kind hair gentle finishing cream leaves skin moisturized targeted applicator makes applying removing cream breeze formula contains aloe vera vitamin e fragrance technology designed ensure s lingering odor leave cream long needed exceeding 5 minutes total application time veet face cream kit dermatologist tested provides new improved scent veet offers personal grooming kits help achieve professional looking results sold separately var mtm mtm new event var d document g s text javascript true true s,"personal, care, shaving, electric, shavers, veet, leave, skin, hair, free, smooth, moisturized, veet, 3, face, cream, kit, hair, remover, designed, dermatologist, tested, sensitive, formula, combines, aloe, vitamin, e, condition, moisturize, skin, hair, removal, veet, face, cream, kit, includes, hair, removal, cream, removes, kind, hair, stubborn, fine, features, gentle, finishing, cream, leave, skin, feeling, nourished, smooth, removal, complete, targeted, applicator, makes, applying, removing, facial, hair, removal, cream, women, breeze, provides, exact, results, veet, 3, face, cream, kit, hair, remover, provides, silk, fresh, technology, provide, new, improved, scent, veet, 3, face, cream, kit, hair, remover, hair, removal, cream, removes, kind, hair, gentle, finishing, cream, leaves, skin, moisturized, targeted, applicator, makes, applying, removing, cream, breeze, formula, contains, aloe, vera, vitamin, e, fragrance, technology, designed, ensure, s, lingering, odor, leave, cream, long, needed, exceeding, 5, minutes, total, application, time, veet, face, cream, kit, dermatologist, tested, provides, new, improved, scent, veet, offers, personal, grooming, kits, help, achieve, professional, looking, results, sold, separately, var, mtm, mtm, new, event, var, d, document, g, s, text, javascript, true, true, s"
95.0,71.0,3.8,351,"household, essentials, household, essentials, brand, febreze, febreze, air, fresheners",febreze,febreze air freshener with gain island fresh scent,930,https://i5.walmartimages.com/asr/368c5ac2-8524-41a0-9486-873020837361_1.80b80f798a6cbd5721e33268fb96c459.jpeg,1 count 250,"household, essentials, household, essentials, brand, febreze, febreze, air, fresheners, febreze, 1, count, 250"
6.0,15.0,4.8,47,"beauty, hair, care, conditioner, conditioner",john frieda,john frieda frizz ease flawlessly straight conditioner for instantly easy straight styling keratin infused conditioner 845 fl oz,966,https://i5.walmartimages.com/asr/bf4ca117-d2f1-4c88-b185-98a2e1d7b30b_1.f83c01c0d95aa60eb3177aa045d3d060.jpeg,straight styles start shower john frieda frizz ease flawlessly straight conditioner helps control frizz improves manageability easier straight styling deep conditioning treatment ideal curly wavy hair types suitable frizzy hair leaves hair smooth soft frizz free best results use daily hair care products routine time wash john frieda frizz ease flawlessly straight shampoo blocks frizz improves manageability flawlessly straight conditioner formulated lock essential hydration soften disagreeable hair fight frizzy fibers straightening styling easier formulated keratin oil hair conditioner features keratin nourishes unruly textures softened shiny hair easy straight styling silky smooth finish ve looking stress unruly hair safe color treated hair flawlessly straight conditioner safe color treated hair new life hair enhance shine making hair healthy looking ensuring frizz humidity protection,"beauty, hair, care, conditioner, conditioner, john, frieda, straight, styles, start, shower, john, frieda, frizz, ease, flawlessly, straight, conditioner, helps, control, frizz, improves, manageability, easier, straight, styling, deep, conditioning, treatment, ideal, curly, wavy, hair, types, suitable, frizzy, hair, leaves, hair, smooth, soft, frizz, free, best, results, use, daily, hair, care, products, routine, time, wash, john, frieda, frizz, ease, flawlessly, straight, shampoo, blocks, frizz, improves, manageability, flawlessly, straight, conditioner, formulated, lock, essential, hydration, soften, disagreeable, hair, fight, frizzy, fibers, straightening, styling, easier, formulated, keratin, oil, hair, conditioner, features, keratin, nourishes, unruly, textures, softened, shiny, hair, easy, straight, styling, silky, smooth, finish, ve, looking, stress, unruly, hair, safe, color, treated, hair, flawlessly, straight, conditioner, safe, color, treated, hair, new, life, hair, enhance, shine, making, hair, healthy, looking, ensuring, frizz, humidity, protection"
8.0,6.0,4.5,4,"personal, care, men, essentials, men, bath, body",mitchum,mitchum women invisible solid antiperspirant deodorant shower fresh 27 ounce pack of 2 27 ounce pack of 2,973,https://i5.walmartimages.com/asr/32ea775e-4b07-449e-88d3-00d010592983.ddccc5d107050d3e77d0c8f0096e1952.jpeg,body font family quotsource sans sans margin img max height 520px max width 380px mitchum women invisible solid antiperspirant deodorant shower fresh ounce pack 2 product details style shower fresh size ounce pack 2 brand mitchum mpn parent upc 755332172269 ean 0755332172269 product dimensions x x inches ounces shipping weight ounces domestic shipping currently item shipped apo fpo addresses apo fpo shipments check manufacturer warranty support issues international shipping item eligible international shipping learn upc 755332172269 309974755955 item model number 13 antiperspirant deodorants maximum wetness protection highest level active ingredient keeps smelling great 48 hours goes clear alcohol free style shower fresh ounce pack 2 mitchums advancedformula odor wetness protection mitchum women invisible solid antiperspirant deodorant shower fresh ounce pack 2 ounce pack 2,"personal, care, men, essentials, men, bath, body, mitchum, body, font, family, quotsource, sans, sans, margin, img, max, height, 520px, max, width, 380px, mitchum, women, invisible, solid, antiperspirant, deodorant, shower, fresh, ounce, pack, 2, product, details, style, shower, fresh, size, ounce, pack, 2, brand, mitchum, mpn, parent, upc, 755332172269, ean, 0755332172269, product, dimensions, x, x, inches, ounces, shipping, weight, ounces, domestic, shipping, currently, item, shipped, apo, fpo, addresses, apo, fpo, shipments, check, manufacturer, warranty, support, issues, international, shipping, item, eligible, international, shipping, learn, upc, 755332172269, 309974755955, item, model, number, 13, antiperspirant, deodorants, maximum, wetness, protection, highest, level, active, ingredient, keeps, smelling, great, 48, hours, goes, clear, alcohol, free, style, shower, fresh, ounce, pack, 2, mitchums, advancedformula, odor, wetness, protection, mitchum, women, invisible, solid, antiperspirant, deodorant, shower, fresh, ounce, pack, 2, ounce, pack, 2"
4.0,78.0,4.3,9,"personal, care, bath, body, body, lotions, creams",heritage store,heritage store rosewater  glycerin  hydrating formula for skin  hair  no dyes or alcohol vegan  4oz,976,https://i5.walmartimages.com/asr/d7072d65-2633-47e6-aba2-bfd45805d375_1.ad496d8f969bc6141a8fc6eddfb90573.jpeg,looking skin care level hydration ve got cult classic rosewater comes moisture rich vegetable glycerin heritage store rosewater glycerin ultra hydrating formula ingredients skin want skin makeup routine rosewater glycerin hydrates soothes locks moisture helps set makeup leave dewy glow day long use skin needs refreshing hydration apply hair smooth frizz boost shine gently hydrate scalp heritage store high vibes positive energy s rosewater glycerin formula contains vor mag water water vortexed magnetized raise energy higher vibration proprietary process believed mimic energetics body making product compatible skin self care skin deep rosewater glycerin responsibly sourced vegan cruelty free contains dyes alcohol 1969 heritage store staple natural beauty space offering wide variety simple clean products including cult classic rosewater rosewater glycerin approach simple timeless draw natural wisdom mother nature heritage world healing traditions create best products skin smile soul try cult classic rosewater glycerin today vibrant skin hydrating damask rose refreshes skin calms redness radiant complexion turn moisture glycerin powerful humectant locks moisture dewy glowing skin minimal ingredients simple formula hydroessential rose vegetable glycerin vor mag water positive vibes dyes alcohol responsibly sourced vegan cruelty free customers absolutely love productso moisture skin week,"personal, care, bath, body, body, lotions, creams, heritage, store, looking, skin, care, level, hydration, ve, got, cult, classic, rosewater, comes, moisture, rich, vegetable, glycerin, heritage, store, rosewater, glycerin, ultra, hydrating, formula, ingredients, skin, want, skin, makeup, routine, rosewater, glycerin, hydrates, soothes, locks, moisture, helps, set, makeup, leave, dewy, glow, day, long, use, skin, needs, refreshing, hydration, apply, hair, smooth, frizz, boost, shine, gently, hydrate, scalp, heritage, store, high, vibes, positive, energy, s, rosewater, glycerin, formula, contains, vor, mag, water, water, vortexed, magnetized, raise, energy, higher, vibration, proprietary, process, believed, mimic, energetics, body, making, product, compatible, skin, self, care, skin, deep, rosewater, glycerin, responsibly, sourced, vegan, cruelty, free, contains, dyes, alcohol, 1969, heritage, store, staple, natural, beauty, space, offering, wide, variety, simple, clean, products, including, cult, classic, rosewater, rosewater, glycerin, approach, simple, timeless, draw, natural, wisdom, mother, nature, heritage, world, healing, traditions, create, best, products, skin, smile, soul, try, cult, classic, rosewater, glycerin, today, vibrant, skin, hydrating, damask, rose, refreshes, skin, calms, redness, radiant, complexion, turn, moisture, glycerin, powerful, humectant, locks, moisture, dewy, glowing, skin, minimal, ingredients, simple, formula, hydroessential, rose, vegetable, glycerin, vor, mag, water, positive, vibes, dyes, alcohol, responsibly, sourced, vegan, cruelty, free, customers, absolutely, love, productso, moisture, skin, week"
95.0,4.0,5.0,10,"personal, care, feminine, care, feminine, wipes",summer eve,summers eve individually wrapped cloths aloe love 16 ct,908,https://i5.walmartimages.com/asr/64f9e76d-373c-4860-bc8d-1e740712dc98_1.b071f59981adeaaef5fafe668e2b753f.jpeg,designed help wipe away odor causing bacteria summers eve simply cleansing cloths quick discreet way freshen probably time stash purse gym bag use pressed time nt time shower fragrance free cleansing cloths dermatologist gynecologist tested gentle hypoallergenic formula wo nt irritate skin help maintain healthy ph skin healthy free dyes alcohol parabens summers eve simply cleansing cloths available aloe love come individually wrapped secure soft pack discreet convenient use container includes 16 cloths summers eve simply cleansing cloths aloe love 16 count dermatologist gynecologist tested uses gentle hypoallergenic formula free dyes alcohol parabens cleansing cloths sensitive skin gently cleanse freshens wipes away bacteria cause odors ph balanced nt irritate skin safe gentle body cleansing cloths sensitive skin come individually wrapped,"personal, care, feminine, care, feminine, wipes, summer, eve, designed, help, wipe, away, odor, causing, bacteria, summers, eve, simply, cleansing, cloths, quick, discreet, way, freshen, probably, time, stash, purse, gym, bag, use, pressed, time, nt, time, shower, fragrance, free, cleansing, cloths, dermatologist, gynecologist, tested, gentle, hypoallergenic, formula, wo, nt, irritate, skin, help, maintain, healthy, ph, skin, healthy, free, dyes, alcohol, parabens, summers, eve, simply, cleansing, cloths, available, aloe, love, come, individually, wrapped, secure, soft, pack, discreet, convenient, use, container, includes, 16, cloths, summers, eve, simply, cleansing, cloths, aloe, love, 16, count, dermatologist, gynecologist, tested, uses, gentle, hypoallergenic, formula, free, dyes, alcohol, parabens, cleansing, cloths, sensitive, skin, gently, cleanse, freshens, wipes, away, bacteria, cause, odors, ph, balanced, nt, irritate, skin, safe, gentle, body, cleansing, cloths, sensitive, skin, come, individually, wrapped"
7.0,31.0,5.0,2,"household, essentials, cleaning, supplies, surface, care, protection",magic,magic stainless steel wipes 30 ct,939,https://i5.walmartimages.com/asr/c742b520-5deb-4ab3-86e9-fd774ee2d2ea_1.345accf928c71f72fb80519cf8389c3d.jpeg,magic stainless steel cleaner 30 wipesmagic stainless steel wipes 30 ct,"household, essentials, cleaning, supplies, surface, care, protection, magic, magic, stainless, steel, cleaner, 30, wipesmagic, stainless, steel, wipes, 30, ct"
8.0,35.0,4.8,9,"premium, beauty, premium, hair, care, hair, tools, premium, conditioners",brazilian blowout,brazilian blowout acai antifrizz conditioner 12 oz,959,https://i5.walmartimages.com/asr/2a7b9d32-bc13-49fa-b346-96917468ea71_1.54e0bcdce9ceecd3b8216b3916770084.jpeg,,"premium, beauty, premium, hair, care, hair, tools, premium, conditioners, brazilian, blowout,"
90.0,5.0,4.8,96,"personal, care, bath, body, body, lotions, creams",cetaphil,cetaphil restoring lotion with antioxidants for aging skin 16 oz bottle,971,https://i5.walmartimages.com/asr/a22c8a72-05ff-4976-bb3d-ed2b7ba65931_1.a334976398e5c619953c6d6b1ce1ddb0.png,restore dull tired skin healthy youthful hydration radiance cetaphils new restoring lotion antioxidants specially developed formula enriched potent antioxidants niacinamide visibly help skin look healthier radiant especially delicate chest neck areas designed sensitive skin mind dermatologist tested lotion free fragrance parabens non greasy non comedogenic avoid clogging pores nourishing moisturizer daily improve signs dullness healthier skin brighten skin radiant glow new cetaphil restoring lotion specially designed antioxidant formula visibly helps skin look healthier youthful looking nourishing skin hour hour improves skins radiance potent antioxidant niacinamide vitamin b3 formula restores skins natural healthy glow smoothes skins appearance tone texture nurture sensitive skin developed clinically tested sensitive skin lotion fragrance free paraben free non greasy especially delicate chest neck areas ideal use night non irritating lotion nourishes restore skin hydration morning restoring skin care trust cetaphil restoring lotion dermatologist tested like cetaphil moisturizers designed gentle sensitive skin,"personal, care, bath, body, body, lotions, creams, cetaphil, restore, dull, tired, skin, healthy, youthful, hydration, radiance, cetaphils, new, restoring, lotion, antioxidants, specially, developed, formula, enriched, potent, antioxidants, niacinamide, visibly, help, skin, look, healthier, radiant, especially, delicate, chest, neck, areas, designed, sensitive, skin, mind, dermatologist, tested, lotion, free, fragrance, parabens, non, greasy, non, comedogenic, avoid, clogging, pores, nourishing, moisturizer, daily, improve, signs, dullness, healthier, skin, brighten, skin, radiant, glow, new, cetaphil, restoring, lotion, specially, designed, antioxidant, formula, visibly, helps, skin, look, healthier, youthful, looking, nourishing, skin, hour, hour, improves, skins, radiance, potent, antioxidant, niacinamide, vitamin, b3, formula, restores, skins, natural, healthy, glow, smoothes, skins, appearance, tone, texture, nurture, sensitive, skin, developed, clinically, tested, sensitive, skin, lotion, fragrance, free, paraben, free, non, greasy, especially, delicate, chest, neck, areas, ideal, use, night, non, irritating, lotion, nourishes, restore, skin, hydration, morning, restoring, skin, care, trust, cetaphil, restoring, lotion, dermatologist, tested, like, cetaphil, moisturizers, designed, gentle, sensitive, skin"
82.0,61.0,3.5,19,"personal, care, bath, body, hand, soaps",dial,dial antibacterial liquid hand soap white tea 75 ounce,986,https://i5.walmartimages.com/asr/f6dc7727-5284-46d4-b67b-21ee7239a8d8_1.7df3afee4801fc81c44dd63012c78d19.png,cleansing conditioning blend beautifully dial hand wash cares skin wash nourish hands white tea antioxidants hand soap moisturizer rinses clean leaves hands feeling healthy gentle moisturizing moisturizing cleans soothing liquid keeps hard working hands soft delightfully scented protect bacteria kills percent bacteria bacteria encountered household settings tough gentle cleansing conditioning blend beautifully hand wash s mild family family pass dial heritage hands care formulated gentle skin smallest hands use 1 pump hands 2 lather vigorously hands 20 seconds 3 rinse clean water 4 enjoy soft healthy feeling hands,"personal, care, bath, body, hand, soaps, dial, cleansing, conditioning, blend, beautifully, dial, hand, wash, cares, skin, wash, nourish, hands, white, tea, antioxidants, hand, soap, moisturizer, rinses, clean, leaves, hands, feeling, healthy, gentle, moisturizing, moisturizing, cleans, soothing, liquid, keeps, hard, working, hands, soft, delightfully, scented, protect, bacteria, kills, percent, bacteria, bacteria, encountered, household, settings, tough, gentle, cleansing, conditioning, blend, beautifully, hand, wash, s, mild, family, family, pass, dial, heritage, hands, care, formulated, gentle, skin, smallest, hands, use, 1, pump, hands, 2, lather, vigorously, hands, 20, seconds, 3, rinse, clean, water, 4, enjoy, soft, healthy, feeling, hands"
8.0,41.0,4.4,451,"personal, care, deodorants, antiperspirants",tom maine,toms of maine 24hour longlasting mens antiperspirant and deodorant northwoods 225 oz,992,https://i5.walmartimages.com/asr/a7cbbc2b-2b16-49b1-9cb4-e25598c0a4bb_1.53358b4a600ef6d90570cc77735de66c.jpeg,48 hour odor protection eco friendly antiperspirant promise dry smelling fresh best new toms maine naturally dry north woods antiperspirant sustainably sourced aluminum leaves smaller carbon footprint mention non irritating free petrochemicals artificial fragrances said toms maine men antiperspirant deodorant north woods tomsâ maine men north woods antiperspirant deodorant new look 48hr odor wetness protection 1970 non irritating artificial fragrance petrochemicals net wt oz 64 g sustainably sourced aluminum lower carbon footprint recycled aluminum versus virgin aluminum uses reduces underarm wetness 48 hour protection questions 1 800 fortoms 1 800 367 8667 learn stewardship model mean,"personal, care, deodorants, antiperspirants, tom, maine, 48, hour, odor, protection, eco, friendly, antiperspirant, promise, dry, smelling, fresh, best, new, toms, maine, naturally, dry, north, woods, antiperspirant, sustainably, sourced, aluminum, leaves, smaller, carbon, footprint, mention, non, irritating, free, petrochemicals, artificial, fragrances, said, toms, maine, men, antiperspirant, deodorant, north, woods, tomsâ, maine, men, north, woods, antiperspirant, deodorant, new, look, 48hr, odor, wetness, protection, 1970, non, irritating, artificial, fragrance, petrochemicals, net, wt, oz, 64, g, sustainably, sourced, aluminum, lower, carbon, footprint, recycled, aluminum, versus, virgin, aluminum, uses, reduces, underarm, wetness, 48, hour, protection, questions, 1, 800, fortoms, 1, 800, 367, 8667, learn, stewardship, model, mean"
6.0,4.0,4.7,37,"beauty, makeup, face, makeup, foundation, foundation, spf",max factor,max factor ageless elixir 2in1 foundation  serum with spf 15 40 light ivory,913,https://i5.walmartimages.com/asr/0a815912-0dbd-4e6e-9fd7-ef5785047e5a_1.bb69f81ed68f08a687b9bbfdfd8a817e.jpeg,ageless elixir 2in1 foundation serum spf 15 flawless looking skin future 2 formula gives foundation serum spf 15 variety skin tones match natural colour max factor ageless elixir 2 1 foundation serum spf 15 40 light ivory oz covers appearance fine lines wrinkles instant younger look helps protect ageing signs like discoloration age spots daily use provides smooth instant flawless coverage silky soft creamy powder,"beauty, makeup, face, makeup, foundation, foundation, spf, max, factor, ageless, elixir, 2in1, foundation, serum, spf, 15, flawless, looking, skin, future, 2, formula, gives, foundation, serum, spf, 15, variety, skin, tones, match, natural, colour, max, factor, ageless, elixir, 2, 1, foundation, serum, spf, 15, 40, light, ivory, oz, covers, appearance, fine, lines, wrinkles, instant, younger, look, helps, protect, ageing, signs, like, discoloration, age, spots, daily, use, provides, smooth, instant, flawless, coverage, silky, soft, creamy, powder"
39.0,79.0,4.0,2,"sports, outdoors, exercise, fitness, yoga, yoga, socks",coxeer,womens yoga socks coxeer 6 pair multicolor non slip yoga sock toeless grip antislip pilates socks ballet dance socks,914,https://i5.walmartimages.com/asr/7bccbeb9-6098-42f6-b274-7688cc7f6e43_1.2d82c27916b428e09fc8499c3add26c2.jpeg,color multicolor material cotton size size fits package included 6 pair x socks note refer measurement tiny measuring error allowable normal range little color difference monitor camera factors refer physical item package including 6 pair x socks comfortable yoga socks soft comfortable cotton ensuring comfort anti slip grips prevent sliding smooth floor ideal yoga ballet dance pilates barre etc,"sports, outdoors, exercise, fitness, yoga, yoga, socks, coxeer, color, multicolor, material, cotton, size, size, fits, package, included, 6, pair, x, socks, note, refer, measurement, tiny, measuring, error, allowable, normal, range, little, color, difference, monitor, camera, factors, refer, physical, item, package, including, 6, pair, x, socks, comfortable, yoga, socks, soft, comfortable, cotton, ensuring, comfort, anti, slip, grips, prevent, sliding, smooth, floor, ideal, yoga, ballet, dance, pilates, barre, etc"
3.0,3.0,3.9,18,"premium, beauty, premium, makeup, premium, nail, polish, care, premium, nail, polish",opi,opi nail polish cajun shrimp 05 fl oz,916,https://i5.walmartimages.com/asr/9e572b52-4185-4f4f-8321-5dc86bcdfb8b.7dc1ca81a1e0b94e65b17423eb7cc560.jpeg,,"premium, beauty, premium, makeup, premium, nail, polish, care, premium, nail, polish, opi,"
1.0,98.0,3.9,7,"beauty, makeup, face, makeup, foundation, foundation, spf",almay,almay age essentials makeup foundation 120 light warm with broad spectrum spf 15 1 fl oz,925,https://i5.walmartimages.com/asr/385c6933-44bb-44f7-ab8f-5b23d5717832_1.f4da7df4c9f5ee4816889fe8fe804475.jpeg,almay age essentials makeup light warm multi benefit foundation love key benefits moisturizer anti aging spf 15 foundation gives luminous youthful looking skin instantly relaxing look lines smoothes skin boosts hydration skin looks lifted feels firm 4 weeks provides medium coverage lightweight feel covers flaws evens skin tone complexion looks flawless day available 9 shades dermatologist tested almay quality ingredients need 1 bottle almay age essentials makes morning beauty routine easier hydrating foundation provides medium coverage lightweight feel flawless complexion best results blend foundation skin starting center face moisturizer anti aging spf contains collagen peptides hyaluronic relaxes look expression lines smoothes skin boosts hydration immediately overtime revitalized look firms lifts improves skin appears radiant younger looking spf 15 broad spectrum,"beauty, makeup, face, makeup, foundation, foundation, spf, almay, almay, age, essentials, makeup, light, warm, multi, benefit, foundation, love, key, benefits, moisturizer, anti, aging, spf, 15, foundation, gives, luminous, youthful, looking, skin, instantly, relaxing, look, lines, smoothes, skin, boosts, hydration, skin, looks, lifted, feels, firm, 4, weeks, provides, medium, coverage, lightweight, feel, covers, flaws, evens, skin, tone, complexion, looks, flawless, day, available, 9, shades, dermatologist, tested, almay, quality, ingredients, need, 1, bottle, almay, age, essentials, makes, morning, beauty, routine, easier, hydrating, foundation, provides, medium, coverage, lightweight, feel, flawless, complexion, best, results, blend, foundation, skin, starting, center, face, moisturizer, anti, aging, spf, contains, collagen, peptides, hyaluronic, relaxes, look, expression, lines, smoothes, skin, boosts, hydration, immediately, overtime, revitalized, look, firms, lifts, improves, skin, appears, radiant, younger, looking, spf, 15, broad, spectrum"
4.0,5.0,4.4,7736,"beauty, beauty, brands, maybelline, new, york, maybelline, lipstick, beauty, beauty, brands, maybelline, new, york, maybelline, lipstick",maybelline,maybelline superstay matte ink city edition liquid lipstick makeup composer 017 fl oz,927,https://i5.walmartimages.com/asr/d84c31fd-063a-439f-9ace-389ec186203c.616e7c1b9d1371ed402eeabf856c6a32.jpeg,maybellines superstay matte ink city edition lipstick range inspired attitude nyc highly pigmented lip color features unique arrow tip precise application ink lips 16 hours liquid matte color available range shades saturated reds burnt siennas blues terracotta hues creates flawless matte finish 16 hours wear features highly pigmented color long lasting wear smooth matte finish features unique arrow tip provides precise application available range rich saturated shades maybellines superstay matte ink city edition lipstick range inspired attitude nyc highly pigmented lip color features unique arrow tip precise application ink lips 16 hours liquid matte color available range shades saturated reds burnt siennas blues terracotta hues creates flawless matte finish 16 hours wear features highly pigmented color long lasting wear smooth matte finish features unique arrow tip provides precise application available range rich saturated shades,"beauty, beauty, brands, maybelline, new, york, maybelline, lipstick, beauty, beauty, brands, maybelline, new, york, maybelline, lipstick, maybelline, maybellines, superstay, matte, ink, city, edition, lipstick, range, inspired, attitude, nyc, highly, pigmented, lip, color, features, unique, arrow, tip, precise, application, ink, lips, 16, hours, liquid, matte, color, available, range, shades, saturated, reds, burnt, siennas, blues, terracotta, hues, creates, flawless, matte, finish, 16, hours, wear, features, highly, pigmented, color, long, lasting, wear, smooth, matte, finish, features, unique, arrow, tip, provides, precise, application, available, range, rich, saturated, shades, maybellines, superstay, matte, ink, city, edition, lipstick, range, inspired, attitude, nyc, highly, pigmented, lip, color, features, unique, arrow, tip, precise, application, ink, lips, 16, hours, liquid, matte, color, available, range, shades, saturated, reds, burnt, siennas, blues, terracotta, hues, creates, flawless, matte, finish, 16, hours, wear, features, highly, pigmented, color, long, lasting, wear, smooth, matte, finish, features, unique, arrow, tip, provides, precise, application, available, range, rich, saturated, shades"
9.0,78.0,4.6,359,"beauty, hair, care, conditioner, dandruff, conditioner",head shoulders,head and shoulders dandruff shampoo classic clean 321 oz 2 pack,952,https://i5.walmartimages.com/asr/d6ccf540-20c6-4b58-9ce8-02046a0b7902.fe9f2bd4f25356aadb15ce087c17f0f3.jpeg,head shoulders classic clean shampoo provides proven protection flakes itch oil dryness regular use ensure scalp best locks 100 flake free visible flakes regular use featuring light clean scent powerful 3 action formula classic clean shampoo cleans protects moisturizes hair fresh feeling vibrant look ll love regular use head shoulders anti dandruff products nourish scalp surface layers deep prevent dryness flakes itch associated dandruff head shoulders collection includes clarifying shampoos volumizing conditioners 2 1 combos introduce dandruff treatment step hair care routine ph balanced formula count head shoulders combat seborrheic dermatitis irritable itchy scalp conditions associated dandruff head shoulders products come variety scents formulas include ingredients like almond oil tea tree oil lemon extract peppermint shampoo conditioner system safe use colour treated curly textured hair types compared non conditioning shampoo clinically proven 100 dandruff protection visible flakes regular use paraben free head shoulders classic clean shampoo paraben free trusted brand americas 1 dandruff shampoo based volume sales clinically proven protects flakes itch oil dryness regular use flakes itch associated dandruff washes away oil flakes triple action 3 action formula cleans protects moisturizes protect hair heat sweat pollution stress classic clean features light fresh scent classic clean,"beauty, hair, care, conditioner, dandruff, conditioner, head, shoulders, head, shoulders, classic, clean, shampoo, provides, proven, protection, flakes, itch, oil, dryness, regular, use, ensure, scalp, best, locks, 100, flake, free, visible, flakes, regular, use, featuring, light, clean, scent, powerful, 3, action, formula, classic, clean, shampoo, cleans, protects, moisturizes, hair, fresh, feeling, vibrant, look, ll, love, regular, use, head, shoulders, anti, dandruff, products, nourish, scalp, surface, layers, deep, prevent, dryness, flakes, itch, associated, dandruff, head, shoulders, collection, includes, clarifying, shampoos, volumizing, conditioners, 2, 1, combos, introduce, dandruff, treatment, step, hair, care, routine, ph, balanced, formula, count, head, shoulders, combat, seborrheic, dermatitis, irritable, itchy, scalp, conditions, associated, dandruff, head, shoulders, products, come, variety, scents, formulas, include, ingredients, like, almond, oil, tea, tree, oil, lemon, extract, peppermint, shampoo, conditioner, system, safe, use, colour, treated, curly, textured, hair, types, compared, non, conditioning, shampoo, clinically, proven, 100, dandruff, protection, visible, flakes, regular, use, paraben, free, head, shoulders, classic, clean, shampoo, paraben, free, trusted, brand, americas, 1, dandruff, shampoo, based, volume, sales, clinically, proven, protects, flakes, itch, oil, dryness, regular, use, flakes, itch, associated, dandruff, washes, away, oil, flakes, triple, action, 3, action, formula, cleans, protects, moisturizes, protect, hair, heat, sweat, pollution, stress, classic, clean, features, light, fresh, scent, classic, clean"
23.0,3.0,5.0,1,"household, essentials, air, fresheners, spray, air, fresheners, trigger, spray, trigger, spray",casablanca market,fresh wave  omi industries 240793 8 oz lavender fresh wave spray,955,https://i5.walmartimages.com/asr/78fbd0cd-3dc4-405f-93b0-f864c947192e_1.f9c613c1a47a91255dab0a90ee15d5cd.jpeg,features switch harmful air fresheners fresh wave odor removing spray odor removing power fresh wave infused light scent lavender oil removes odors completely safe natural ingredients toxic chemicals fake fragrances remove odors lasting lavender essence specifications scent lavender capacity 8 oz country origin usa weight lbs sku trval11502012 case directions shake spray stronger odors spritzes use clothing pet bedding backpacks sport gear shoes trash cans etc special materials test little area safe people pets planet ingredients water proprietary blend natural plant oils including lavender lime pine needle aniseed clove cedarwood non toxic non gmo non hazardous,"household, essentials, air, fresheners, spray, air, fresheners, trigger, spray, trigger, spray, casablanca, market, features, switch, harmful, air, fresheners, fresh, wave, odor, removing, spray, odor, removing, power, fresh, wave, infused, light, scent, lavender, oil, removes, odors, completely, safe, natural, ingredients, toxic, chemicals, fake, fragrances, remove, odors, lasting, lavender, essence, specifications, scent, lavender, capacity, 8, oz, country, origin, usa, weight, lbs, sku, trval11502012, case, directions, shake, spray, stronger, odors, spritzes, use, clothing, pet, bedding, backpacks, sport, gear, shoes, trash, cans, etc, special, materials, test, little, area, safe, people, pets, planet, ingredients, water, proprietary, blend, natural, plant, oils, including, lavender, lime, pine, needle, aniseed, clove, cedarwood, non, toxic, non, gmo, non, hazardous"
7.0,40.0,3.7,63,"beauty, makeup, face",elf,elf beautifully bare luminous matte makeup primer,975,https://i5.walmartimages.com/asr/7e8c534d-04dd-4428-9aca-8e7c076baf9f_1.c0cf1b9d6b74b8493a7aabbab4b3796e.jpeg,create fresh natural glow beautifully bare luminous matte makeup primer makeup base primes skin long wear helps moisturize brighten refine skin appearance silky formula leaves skin flawless natural looking infused acai vitamins c proud cruelty free worldwide kindness chic creates natural glow primes skin long wear makeup helps moisturize brighten refine skin infused acai vitamins c e 100 vegan cruelty free,"beauty, makeup, face, elf, create, fresh, natural, glow, beautifully, bare, luminous, matte, makeup, primer, makeup, base, primes, skin, long, wear, helps, moisturize, brighten, refine, skin, appearance, silky, formula, leaves, skin, flawless, natural, looking, infused, acai, vitamins, c, proud, cruelty, free, worldwide, kindness, chic, creates, natural, glow, primes, skin, long, wear, makeup, helps, moisturize, brighten, refine, skin, infused, acai, vitamins, c, e, 100, vegan, cruelty, free"
2.0,43.0,5.0,1,"personal, care, men, essentials, men, facial, care",man jack,every man jack face scrub  skin clearing  42 oz,981,https://i5.walmartimages.com/asr/9464811c-87b2-4ad5-948a-a4fd73f046da_1.a103d0bca6b0c221720485b08b0024e2.png,man jack charcoal blackhead eliminator face scrub fl oz 125 ml scrub helps unclog pores aims prevent breakouts start activated charcoal salicylic acid penetrate deep remove dirt oil eliminate blackheads jojoba beads gently exfoliate leaving skin smooth soft formula free oil added fragrances ideal skinevery man jack,"personal, care, men, essentials, men, facial, care, man, jack, man, jack, charcoal, blackhead, eliminator, face, scrub, fl, oz, 125, ml, scrub, helps, unclog, pores, aims, prevent, breakouts, start, activated, charcoal, salicylic, acid, penetrate, deep, remove, dirt, oil, eliminate, blackheads, jojoba, beads, gently, exfoliate, leaving, skin, smooth, soft, formula, free, oil, added, fragrances, ideal, skinevery, man, jack"
9.0,42.0,4.3,1171,"beauty, beauty, topic, mindful, beauty, mindful, beauty, cosmetics",revlon,revlon ultra hd metallic matte liquid lipcolor liquid lipstick 100 waxfree glam,820,https://i5.walmartimages.com/asr/9be4bbff-53a1-4d9f-8786-699c31c4bdb6_1.6c93f182862015f24edc00d93012f56e.png,matte metallic lip color thing ll love amazing shades wrapped incredibly lightweight moisturizing formula liquid lip color feels velvety plush applicator wanted liquid lipstick feel superslick going 100 wax free gel formula want little extra added touch creamy mango whipped vanilla scent pick 8 matte metallic liquid lipstick shades formulated sulfates parabens phthalates,"beauty, beauty, topic, mindful, beauty, mindful, beauty, cosmetics, revlon, matte, metallic, lip, color, thing, ll, love, amazing, shades, wrapped, incredibly, lightweight, moisturizing, formula, liquid, lip, color, feels, velvety, plush, applicator, wanted, liquid, lipstick, feel, superslick, going, 100, wax, free, gel, formula, want, little, extra, added, touch, creamy, mango, whipped, vanilla, scent, pick, 8, matte, metallic, liquid, lipstick, shades, formulated, sulfates, parabens, phthalates"
8.0,4.0,4.2,354,"personal, care, oral, care, water, flossers, waterpik, waterpik",waterpik,waterpik cordless express portable water flosser oral irrigator white,834,https://i5.walmartimages.com/asr/35b9aff3-5a5f-4ec3-b09c-4b1435f24e2c.79dbd03660dc79c97f98541c7c545a49.jpeg,battery operated portable waterproof waterpik cordless express portable water flosser oral irrigator designed travel use shower smaller bathrooms tested trusted product class accepted american dental association ada provides unique combination water pressure pulsations clean deep teeth gumline removing harmful bacteria debris traditional brushing flossing nt reach cordless express portable dental water flosser great solution want convenience water flossing shower includes 3 aa batteries easy fill water reservoir 2 water flossing tips waterpik cordless express portable water flosser oral irrigator white cordless portable waterproof water flosser oral irrigator designed travel use shower small bathrooms tested trusted accepted american dental association ada 1 minute day cleaner fresher healthier mouth 2 pressure settings 5 ounce water reservoir 2 flossing tips 3 aa batteries 1 year warranty battery operated charging required removes plaque treated areas 50 effective string floss improving gum health portable lightweight 1 year warranty model,"personal, care, oral, care, water, flossers, waterpik, waterpik, waterpik, battery, operated, portable, waterproof, waterpik, cordless, express, portable, water, flosser, oral, irrigator, designed, travel, use, shower, smaller, bathrooms, tested, trusted, product, class, accepted, american, dental, association, ada, provides, unique, combination, water, pressure, pulsations, clean, deep, teeth, gumline, removing, harmful, bacteria, debris, traditional, brushing, flossing, nt, reach, cordless, express, portable, dental, water, flosser, great, solution, want, convenience, water, flossing, shower, includes, 3, aa, batteries, easy, fill, water, reservoir, 2, water, flossing, tips, waterpik, cordless, express, portable, water, flosser, oral, irrigator, white, cordless, portable, waterproof, water, flosser, oral, irrigator, designed, travel, use, shower, small, bathrooms, tested, trusted, accepted, american, dental, association, ada, 1, minute, day, cleaner, fresher, healthier, mouth, 2, pressure, settings, 5, ounce, water, reservoir, 2, flossing, tips, 3, aa, batteries, 1, year, warranty, battery, operated, charging, required, removes, plaque, treated, areas, 50, effective, string, floss, improving, gum, health, portable, lightweight, 1, year, warranty, model"
94.0,4.0,3.7,64,"health, sleep, better, calm, mind",emori,citronella 100 pure essential oil therapeutic grade 10 ml,842,https://i5.walmartimages.com/asr/c41db2ae-9947-49a5-a2ff-0dd0da03fae5_1.d159ff9f0c7343a46b354fb12898cac4.jpeg,100 pure essential oil 10 ml citronella pet odors use purification uses aromatherapy custom massage body oils vaporizer diffusion oil burner inhalation compress perfume blends spa home care cleaning products external use purchase 3 emori essential oil 10 ml bottles 1 free qualify simply buy 3 essential oil email free oil like free oil equal highest price bottle purchase purchase 6 bottle qualify 2 free bottle purchase 9 bottle qualify 3 free bottle etc 100 pure essential oil 10 ml clear pet odors,"health, sleep, better, calm, mind, emori, 100, pure, essential, oil, 10, ml, citronella, pet, odors, use, purification, uses, aromatherapy, custom, massage, body, oils, vaporizer, diffusion, oil, burner, inhalation, compress, perfume, blends, spa, home, care, cleaning, products, external, use, purchase, 3, emori, essential, oil, 10, ml, bottles, 1, free, qualify, simply, buy, 3, essential, oil, email, free, oil, like, free, oil, equal, highest, price, bottle, purchase, purchase, 6, bottle, qualify, 2, free, bottle, purchase, 9, bottle, qualify, 3, free, bottle, etc, 100, pure, essential, oil, 10, ml, clear, pet, odors"
53.0,5.0,3.9,12,"beauty, makeup, face, makeup, face, makeup, brands, maybelline, face, makeup",maybelline,maybelline new york facestudio master camo color correcting pen yellow,846,https://i5.walmartimages.com/asr/581f8516-bbfa-472c-98b9-bb680abe546c_1.59f20ea8f74b1685335666bf1045c372.jpeg,maybelline master camo color correcting pen color correction gets precise coverage concealer targeted color correcting pen features precision applicator camouflage skin tone imperfections green cancels redness created skin tones blue neutralizes sallowness created fair light skin tones pink brightens dullness created light skin tones yellow brightens dullness created light medium skin tones apricot neutralizes dark circles created light medium skin tones red neutralizes dark circles created deep skin tones color correcting pens designed fix targeted skin tone issues shades skin tones powerful pure color pigments coverage features precise blender tip effortless application blending,"beauty, makeup, face, makeup, face, makeup, brands, maybelline, face, makeup, maybelline, maybelline, master, camo, color, correcting, pen, color, correction, gets, precise, coverage, concealer, targeted, color, correcting, pen, features, precision, applicator, camouflage, skin, tone, imperfections, green, cancels, redness, created, skin, tones, blue, neutralizes, sallowness, created, fair, light, skin, tones, pink, brightens, dullness, created, light, skin, tones, yellow, brightens, dullness, created, light, medium, skin, tones, apricot, neutralizes, dark, circles, created, light, medium, skin, tones, red, neutralizes, dark, circles, created, deep, skin, tones, color, correcting, pens, designed, fix, targeted, skin, tone, issues, shades, skin, tones, powerful, pure, color, pigments, coverage, features, precise, blender, tip, effortless, application, blending"
6.0,21.0,4.5,4,"personal, care, personal, care, brand, equate, oral, care",equate,2 pack equate fresh mint anticavity mouthwash 338 fl oz,849,https://i5.walmartimages.com/asr/8df8fe5b-5b8e-4113-a96c-7cb20b546ae6_1.fa5ab35442a09a7f2b9c76a53509cdb1.jpeg,equate anticavity mouthwash makes powerful addition daily oral care regimen helping teeth gums healthy alcohol burn free allow easier longer rinsing greater effectiveness contains sodium fluoride freshens breath strengthens teeth restores enamel helps prevent cavities germ killing properties fresh mint mouthwash work prevent gingivitis comes oz bottle includes cap rinse cup making right health decisions challenging complete range products simple solutions equate allows care family confidence equate alcohol free fresh mint anticavity mouthwash action burn free alcohol free mouthwash fl oz sodium fluoride phosphate topical solution multiple benefits helps prevent cavities restores enamel helps strengthen teeth helps kill bad breath germs leaves mouth feeling clean freshens breath,"personal, care, personal, care, brand, equate, oral, care, equate, equate, anticavity, mouthwash, makes, powerful, addition, daily, oral, care, regimen, helping, teeth, gums, healthy, alcohol, burn, free, allow, easier, longer, rinsing, greater, effectiveness, contains, sodium, fluoride, freshens, breath, strengthens, teeth, restores, enamel, helps, prevent, cavities, germ, killing, properties, fresh, mint, mouthwash, work, prevent, gingivitis, comes, oz, bottle, includes, cap, rinse, cup, making, right, health, decisions, challenging, complete, range, products, simple, solutions, equate, allows, care, family, confidence, equate, alcohol, free, fresh, mint, anticavity, mouthwash, action, burn, free, alcohol, free, mouthwash, fl, oz, sodium, fluoride, phosphate, topical, solution, multiple, benefits, helps, prevent, cavities, restores, enamel, helps, strengthen, teeth, helps, kill, bad, breath, germs, leaves, mouth, feeling, clean, freshens, breath"
3.0,16.0,4.4,683,"beauty, beauty, brands, maybelline, new, york, maybelline, lipstick",maybelline,maybelline color sensational the creams cream finish lipstick makeup on fire red 015 oz,854,https://i5.walmartimages.com/asr/962e95b9-e26e-4284-a568-b065e53a75b3.407229e790c7ece5f49b815b101ae069.jpeg,achieve crisp vibrant lip color creams sensational color takes new feeling smooth supple lips rich creamy formula leaves sensuous feeling creamy finish feathering bleeding lipstick available wide range nude pink red plum shades rich warm ultra flattering s packaging vary color crisp lips smooth hydrating lipstick pure color pigments infused shea butter sensational lip color glides smooth available ultra flattering shades luscious nudes head turning reds,"beauty, beauty, brands, maybelline, new, york, maybelline, lipstick, maybelline, achieve, crisp, vibrant, lip, color, creams, sensational, color, takes, new, feeling, smooth, supple, lips, rich, creamy, formula, leaves, sensuous, feeling, creamy, finish, feathering, bleeding, lipstick, available, wide, range, nude, pink, red, plum, shades, rich, warm, ultra, flattering, s, packaging, vary, color, crisp, lips, smooth, hydrating, lipstick, pure, color, pigments, infused, shea, butter, sensational, lip, color, glides, smooth, available, ultra, flattering, shades, luscious, nudes, head, turning, reds"
36.0,2.0,4.2,17,"beauty, hair, care, textured, hair, care, coily, hair, care",sheamoisture,sheamoisture coconut and hibiscus curl and shine conditioner 103 oz,869,https://i5.walmartimages.com/asr/b10560d8-2f17-4560-abe3-22e0cd350c6f_1.6ce2a7ecd0e99c19d793840716366632.jpeg,intense hydration hair treatment formulated natural ingredients like coconut neem oil deeply moisturize dry hair control frizz protecting waves curls smooth shiny finish,"beauty, hair, care, textured, hair, care, coily, hair, care, sheamoisture, intense, hydration, hair, treatment, formulated, natural, ingredients, like, coconut, neem, oil, deeply, moisturize, dry, hair, control, frizz, protecting, waves, curls, smooth, shiny, finish"
6.0,56.0,4.9,141,"household, essentials, cleaning, supplies, purpose, cleaners",sprayway,stainless steel polishcleaner 15 oz,882,https://i5.walmartimages.com/asr/32d4e045-b946-4a3d-932a-bc26b9e3365a_1.936d4154441283dfde9650df3be988d3.jpeg,maintain surfaces ease stainless steel polish cleaner highly effective formula nt contain acid abrasive substances ozone depleting chemicals sprayway stainless steel cleaner protects surfaces polishes leaving powder residue suitable use types stainless steel window frames elevator doors trim corridor guards kick plates autoclaves stainless steel polish cleaner suitable indoor outdoor use works home business stainless steel polish cleaner stainless steel cleaner cleans polishes protects acid abrasive substances ozone depleting chemicals wo nt leave powder residue indoor outdoor use suitable types stainless steel including window frames elevator doors trim corridor guards kick plates autoclaves home business net weight 15 oz,"household, essentials, cleaning, supplies, purpose, cleaners, sprayway, maintain, surfaces, ease, stainless, steel, polish, cleaner, highly, effective, formula, nt, contain, acid, abrasive, substances, ozone, depleting, chemicals, sprayway, stainless, steel, cleaner, protects, surfaces, polishes, leaving, powder, residue, suitable, use, types, stainless, steel, window, frames, elevator, doors, trim, corridor, guards, kick, plates, autoclaves, stainless, steel, polish, cleaner, suitable, indoor, outdoor, use, works, home, business, stainless, steel, polish, cleaner, stainless, steel, cleaner, cleans, polishes, protects, acid, abrasive, substances, ozone, depleting, chemicals, wo, nt, leave, powder, residue, indoor, outdoor, use, suitable, types, stainless, steel, including, window, frames, elevator, doors, trim, corridor, guards, kick, plates, autoclaves, home, business, net, weight, 15, oz"
3.0,36.0,5.0,2,"beauty, beauty, brands, chapstick",chapstick,015 oz cherry flavor skin protectant flavored lip balm tube,884,https://i5.walmartimages.com/asr/a5cff2ac-cdbb-4879-b344-2a561b801a20_1.c27f6b28cb705e1e621e52bbc9ac2fa6.png,comes caring lips nt wrong classic chapstick classic original know love lip protection grew trusted tube ve turned time time americas favorite lip balm chapstick classic original lips glides easily soften protect delicate skin use directed help heal prevent dry chapped lips apply daily help lips silky smooth season home trust chapstick classic original lip balm everyday comforting lip care chapstick skincare lips featuressmoothes softens ipshelps prevent heal dry chapped lipsspecificationssize ozflavor cherryweight oz cherry flavor skin protectant flavored lip balm tube,"beauty, beauty, brands, chapstick, chapstick, comes, caring, lips, nt, wrong, classic, chapstick, classic, original, know, love, lip, protection, grew, trusted, tube, ve, turned, time, time, americas, favorite, lip, balm, chapstick, classic, original, lips, glides, easily, soften, protect, delicate, skin, use, directed, help, heal, prevent, dry, chapped, lips, apply, daily, help, lips, silky, smooth, season, home, trust, chapstick, classic, original, lip, balm, everyday, comforting, lip, care, chapstick, skincare, lips, featuressmoothes, softens, ipshelps, prevent, heal, dry, chapped, lipsspecificationssize, ozflavor, cherryweight, oz, cherry, flavor, skin, protectant, flavored, lip, balm, tube"
8.0,56.0,4.8,14,"personal, care, incontinence, incontinence",platinum care pads,platinum care pads reusable  washable incontinence underpads 34quot x 36quot green pack of 5,890,https://i5.walmartimages.com/asr/dd8540f1-55f8-4255-99f6-93f9b8caf03c_1.fa33d50f4d1e7843d05047228fa77c38.jpeg,5 pack green bedpads protect lengthen life bedding mattress saving money reusable bed pads look high quality bed pads constructed healthcare industry durable vinyl knit backing providing protection bedding mattress soaker 8 ounce absorbing material ultra absorbent superior protection holding moisture away skin topped cotton poly twill longer life cycles face twill soaker sewn diamond pattern durability securely stitched perimeter backing construction pattern designed industry leading techniques save money bringing longer life cycles standing hundreds washings use reusable bed pads cloth bed pad underpads provide extra comfort protection cotton poly twill reusable underpads platinum care pads best selling line underpads durable comfortable twill facing underpad resists staining protects furniture incontinence continence management pet training vinyl knit barrier withstands heavy demands multiple washing drying cycles staying soft leak proof 5 pack large size x color green protects larger area pads,"personal, care, incontinence, incontinence, platinum, care, pads, 5, pack, green, bedpads, protect, lengthen, life, bedding, mattress, saving, money, reusable, bed, pads, look, high, quality, bed, pads, constructed, healthcare, industry, durable, vinyl, knit, backing, providing, protection, bedding, mattress, soaker, 8, ounce, absorbing, material, ultra, absorbent, superior, protection, holding, moisture, away, skin, topped, cotton, poly, twill, longer, life, cycles, face, twill, soaker, sewn, diamond, pattern, durability, securely, stitched, perimeter, backing, construction, pattern, designed, industry, leading, techniques, save, money, bringing, longer, life, cycles, standing, hundreds, washings, use, reusable, bed, pads, cloth, bed, pad, underpads, provide, extra, comfort, protection, cotton, poly, twill, reusable, underpads, platinum, care, pads, best, selling, line, underpads, durable, comfortable, twill, facing, underpad, resists, staining, protects, furniture, incontinence, continence, management, pet, training, vinyl, knit, barrier, withstands, heavy, demands, multiple, washing, drying, cycles, staying, soft, leak, proof, 5, pack, large, size, x, color, green, protects, larger, area, pads"
80.0,3.0,4.6,2081,"beauty, skin, care, anti, aging, skincare, shop, age, anti, aging, 50s",olay,olay regenerist retinol 24 night facial moisturizer fragrancefree 05 oz,902,https://i5.walmartimages.com/asr/1017b16d-eae8-45cf-9b87-170b083ec9b9.778cfb80daa4ff6a50271ecebcfff6f1.jpeg,olay regenerist retinol 24 facial moisturizer penetrates deep skins surface layers proprietary blend vitamin b3 retinoid complex hydrates skin 24 hours ll visible improvements fine lines wrinkles smoothness brightness firming dark spots pores formula fragrance free free dyes phthalates mineral oil absorbs quickly goes deep skins surface layers wake morning younger looking radiant skin use olay daily 28 days true skin transformation olay regenerist retinol 24 night facial moisturizer fragrance free oz overnight moisturizing magic indulge skin hydrating nighttime facial moisturizer featuring olays vitamin b3 retinoid complex work wonders sleep skin quenching moisture rich ultra hydrating formula absorbs quickly deliver anti aging ingredients deep skins surface overnight regeneration retinol revolution unique formula vitamin b3 retinol complex delivers remarkable skin benefits sleep overnight rejuvenation apply bedtime wake smooth brighter skin nightime beauty benefits hydrates skin 24 hours use 28 days visible improvements fine lines wrinkles smoothness brightness firming dark spots pores proven results hydrates better 100 retinol cream fragrance phthalates mineral oil synthetic dyes,"beauty, skin, care, anti, aging, skincare, shop, age, anti, aging, 50s, olay, olay, regenerist, retinol, 24, facial, moisturizer, penetrates, deep, skins, surface, layers, proprietary, blend, vitamin, b3, retinoid, complex, hydrates, skin, 24, hours, ll, visible, improvements, fine, lines, wrinkles, smoothness, brightness, firming, dark, spots, pores, formula, fragrance, free, free, dyes, phthalates, mineral, oil, absorbs, quickly, goes, deep, skins, surface, layers, wake, morning, younger, looking, radiant, skin, use, olay, daily, 28, days, true, skin, transformation, olay, regenerist, retinol, 24, night, facial, moisturizer, fragrance, free, oz, overnight, moisturizing, magic, indulge, skin, hydrating, nighttime, facial, moisturizer, featuring, olays, vitamin, b3, retinoid, complex, work, wonders, sleep, skin, quenching, moisture, rich, ultra, hydrating, formula, absorbs, quickly, deliver, anti, aging, ingredients, deep, skins, surface, overnight, regeneration, retinol, revolution, unique, formula, vitamin, b3, retinol, complex, delivers, remarkable, skin, benefits, sleep, overnight, rejuvenation, apply, bedtime, wake, smooth, brighter, skin, nightime, beauty, benefits, hydrates, skin, 24, hours, use, 28, days, visible, improvements, fine, lines, wrinkles, smoothness, brightness, firming, dark, spots, pores, proven, results, hydrates, better, 100, retinol, cream, fragrance, phthalates, mineral, oil, synthetic, dyes"
11.0,31.0,4.8,27,"health, sleep, better, calm, mind",plant therapy,plant therapy lemongrass essential oil  100 pure undiluted natural aromatherapy therapeutic grade  100 ml 33 oz,920,https://i5.walmartimages.com/asr/d1dcd982-1a5f-41e3-8475-441c5e039b9a_1.ff1d51061e8e2c8dfc0d79fe14e032b9.jpeg,plant therapy lemongrass essential oil inci ingredients cymbopogon flexuosus leaf oil s love lemongrass oil antibacterial anti fungal antimicrobial antioxidative properties making great choice use skin hair recommend maximum dilution diffuse premium aromatherapy oil inhale super fresh earthy citrusy aroma help bring stress level ease anxiety battle headaches ward annoying insects throw away chemical filled insect repellents turn natural lemongrass organic shield body mosquitoes fleas gnats dream oil diyers use lemongrass natural candles soaps perfumes crisp aroma terrific way refresh deodorize nearly room lemongrass blends eucalyptus globulus basil linalool bergamot carrot seed cedarwood virginian citronella fir needle geranium egyptian grapefruit pink jasmine absolute lavender lemon marjoram sweet nutmeg palmarosa pine scots spruce hemlock plant therapy difference 100 pure undiluted usda organic non gmo organoleptic gc ms testing batch codes bottle kidsafe formulations certified aromatherapists staff plant therapy offer vast selection oils blends variety sizes ml 5ml 10 ml sizes perfect test waters 30 ml bottle popular size know oils work routine going worrying running oil staple house 100 ml value size cost effective easy budget ultimate convenience try handy roll ons pre diluted fractionated coconut oil 100 pure essential oils ready use convenience plant therapy lemongrass essential oil 100 pure undiluted natural aromatherapy therapeutic grade 100 ml oz,"health, sleep, better, calm, mind, plant, therapy, plant, therapy, lemongrass, essential, oil, inci, ingredients, cymbopogon, flexuosus, leaf, oil, s, love, lemongrass, oil, antibacterial, anti, fungal, antimicrobial, antioxidative, properties, making, great, choice, use, skin, hair, recommend, maximum, dilution, diffuse, premium, aromatherapy, oil, inhale, super, fresh, earthy, citrusy, aroma, help, bring, stress, level, ease, anxiety, battle, headaches, ward, annoying, insects, throw, away, chemical, filled, insect, repellents, turn, natural, lemongrass, organic, shield, body, mosquitoes, fleas, gnats, dream, oil, diyers, use, lemongrass, natural, candles, soaps, perfumes, crisp, aroma, terrific, way, refresh, deodorize, nearly, room, lemongrass, blends, eucalyptus, globulus, basil, linalool, bergamot, carrot, seed, cedarwood, virginian, citronella, fir, needle, geranium, egyptian, grapefruit, pink, jasmine, absolute, lavender, lemon, marjoram, sweet, nutmeg, palmarosa, pine, scots, spruce, hemlock, plant, therapy, difference, 100, pure, undiluted, usda, organic, non, gmo, organoleptic, gc, ms, testing, batch, codes, bottle, kidsafe, formulations, certified, aromatherapists, staff, plant, therapy, offer, vast, selection, oils, blends, variety, sizes, ml, 5ml, 10, ml, sizes, perfect, test, waters, 30, ml, bottle, popular, size, know, oils, work, routine, going, worrying, running, oil, staple, house, 100, ml, value, size, cost, effective, easy, budget, ultimate, convenience, try, handy, roll, ons, pre, diluted, fractionated, coconut, oil, 100, pure, essential, oils, ready, use, convenience, plant, therapy, lemongrass, essential, oil, 100, pure, undiluted, natural, aromatherapy, therapeutic, grade, 100, ml, oz"
6.0,98.0,5.0,1,"premium, beauty, premium, makeup, premium, eyes, premium, eyeshadow",julep,42 value julep stars in your eyes eyeshadow 101 trio,922,https://i5.walmartimages.com/asr/71790424-b71a-40f2-9214-44b352f0d0f9_1.42a08686abb5d5da57e92bc72cdc49bc.jpeg,,"premium, beauty, premium, makeup, premium, eyes, premium, eyeshadow, julep,"
70.0,22.0,3.8,36,"beauty, makeup, nails",colors,la colors color craze nail polish lightning 044 fl oz,943,https://i5.walmartimages.com/asr/9d996fcd-cce2-4403-9e6f-556165a7c2a8_1.ed00561086c1345ef0d5e8db4bea3df0.jpeg,422 lightning colors color craze nail lacquer polish fl oz 13ml nail polish fl oz 13 ml 422 lightning colors color craze nail lacquer polish fl oz 13ml,"beauty, makeup, nails, colors, 422, lightning, colors, color, craze, nail, lacquer, polish, fl, oz, 13ml, nail, polish, fl, oz, 13, ml, 422, lightning, colors, color, craze, nail, lacquer, polish, fl, oz, 13ml"
6.0,6.0,3.2,2991,"beauty, hair, care, hair, color, permanent, hair, color",paris,loreal paris feria multifaceted shimmering permanent hair color 21 starry night bright black 1 kit,952,https://i5.walmartimages.com/asr/a6efff44-547f-49e2-838d-05e29e4d3db7.8974018e29ceff2ebfc6153cb0b474df.jpeg,loreal feria shimmer multi faceted shimmering color 3x highlights delivers intensified brilliant results inspired fashion feria offers twist traditional gives edgy hair color bright red platinum blonde rose gold metallic brown blue black hair color hair dye kits transform hair ferias prismatic color spectrum custom blended loreal master colorists bold head turning shades appointment necessary power shimmer conditioner seals smooths wo nt wreck ravage hair packaging vary receive reflected site oreal paris feria multi faceted shimmering color 3x highlights delivers intensified brilliant results leaves hair dull flat seals smooths hair wrecks ravages hair delivers trendy edgy shimmering fashionable multi tonal hair colors,"beauty, hair, care, hair, color, permanent, hair, color, paris, loreal, feria, shimmer, multi, faceted, shimmering, color, 3x, highlights, delivers, intensified, brilliant, results, inspired, fashion, feria, offers, twist, traditional, gives, edgy, hair, color, bright, red, platinum, blonde, rose, gold, metallic, brown, blue, black, hair, color, hair, dye, kits, transform, hair, ferias, prismatic, color, spectrum, custom, blended, loreal, master, colorists, bold, head, turning, shades, appointment, necessary, power, shimmer, conditioner, seals, smooths, wo, nt, wreck, ravage, hair, packaging, vary, receive, reflected, site, oreal, paris, feria, multi, faceted, shimmering, color, 3x, highlights, delivers, intensified, brilliant, results, leaves, hair, dull, flat, seals, smooths, hair, wrecks, ravages, hair, delivers, trendy, edgy, shimmering, fashionable, multi, tonal, hair, colors"
89.0,98.0,5.0,1,"health, superfoods, cleanses, superfoods, superfoods",vega,vega chlorella dietary supplement powder 53 oz bottle,963,https://i5.walmartimages.com/asr/e8ddd649-4959-4454-9798-cc185525baa6_1.c98f8adaf041556d63baadedf00316a9.jpeg,vega chlorella powder oz 150 g vega chlorella powder unique strain result 35 years research developed deliver chlorella growth factor vega chlorella processed state art facilities strictest quality standards vega chlorellas cell walls high pressure jet sprayed increase digestibility mg vega chlorella taken daily help vega chlorella dietary supplement 1 oz,"health, superfoods, cleanses, superfoods, superfoods, vega, vega, chlorella, powder, oz, 150, g, vega, chlorella, powder, unique, strain, result, 35, years, research, developed, deliver, chlorella, growth, factor, vega, chlorella, processed, state, art, facilities, strictest, quality, standards, vega, chlorellas, cell, walls, high, pressure, jet, sprayed, increase, digestibility, mg, vega, chlorella, taken, daily, help, vega, chlorella, dietary, supplement, 1, oz"
70.0,2.0,4.0,9,"beauty, beauty, brands, girl, girl, lip, makeup",girls,la girl matte flat velvet lipstick stick frisky,966,https://i5.walmartimages.com/asr/15c46d97-3348-449e-9e7a-0196f7d6396f_1.7d66df389eb746b1ce7fb3cfda128b04.jpeg,matte flat velvet lipstick comes 26 bold shades rich pigment filled moisture added shea butter hydrate lips soft smooth application lips feel gorgeous look girl matte flat velvet lipstick stick hottest new lip color added shea butter hydrate lips pigment filled moisture flat velvet finish cruelty free,"beauty, beauty, brands, girl, girl, lip, makeup, girls, matte, flat, velvet, lipstick, comes, 26, bold, shades, rich, pigment, filled, moisture, added, shea, butter, hydrate, lips, soft, smooth, application, lips, feel, gorgeous, look, girl, matte, flat, velvet, lipstick, stick, hottest, new, lip, color, added, shea, butter, hydrate, lips, pigment, filled, moisture, flat, velvet, finish, cruelty, free"
3.0,93.0,1.0,1,"sports, outdoors, exercise, fitness, yoga, yoga, mats",everyday yoga,everyday yoga mat 72 inch 3mm coral,1000,https://i5.walmartimages.com/asr/ac522b66-70e4-42a0-9834-3c771fbfa2ad.f3fd7bdbddf9606bcb6c9617e9703bd9.jpeg,lightweight yoga mat anti microbial closed cell construction non slip free 16 phthalates premium high quality material note mat slippery use allow week use break mats stickiness mat type closed cell grip type sticky use material 100 pvc free 16 phthalates dimensions x thickness 3 inch weight lbs care spray mat natural yoga mat cleanser air dry flat mat looking smelling fresh recommended clean mat week normal practice practice daily hot yoga prevent body oil build fold crease mat use roll mat loosely yoga mat 72 inch 3 mm coral,"sports, outdoors, exercise, fitness, yoga, yoga, mats, everyday, yoga, lightweight, yoga, mat, anti, microbial, closed, cell, construction, non, slip, free, 16, phthalates, premium, high, quality, material, note, mat, slippery, use, allow, week, use, break, mats, stickiness, mat, type, closed, cell, grip, type, sticky, use, material, 100, pvc, free, 16, phthalates, dimensions, x, thickness, 3, inch, weight, lbs, care, spray, mat, natural, yoga, mat, cleanser, air, dry, flat, mat, looking, smelling, fresh, recommended, clean, mat, week, normal, practice, practice, daily, hot, yoga, prevent, body, oil, build, fold, crease, mat, use, roll, mat, loosely, yoga, mat, 72, inch, 3, mm, coral"
5.0,90.0,4.5,37,"personal, care, oral, care, kids, oral, care",colgate,colgate kids toothpaste with anticavity fluoride minions 46 ounces,813,https://i5.walmartimages.com/asr/38951b29-3178-4c2f-b075-00e04e653f57_1.6282dc5f851016fd139b819c658fae5d.jpeg,colgate kids toothpaste anticavity fluoride minions contains enamel safe formula clinically proven fight cavities formula strengthens protects developing teeth designed kids ages 2 mild bubble fruit flavor sugar free colgate kids toothpaste designed fun minions characters convenient stand tube flip cap encourages kids brush fluoride toothpaste kids clinically proven fight cavities nice gentle tooth enamel bubble fruit flavor encourage regular brushing specially designed kids 2 fights cavities strengthens teeth sugar free gluten free,"personal, care, oral, care, kids, oral, care, colgate, colgate, kids, toothpaste, anticavity, fluoride, minions, contains, enamel, safe, formula, clinically, proven, fight, cavities, formula, strengthens, protects, developing, teeth, designed, kids, ages, 2, mild, bubble, fruit, flavor, sugar, free, colgate, kids, toothpaste, designed, fun, minions, characters, convenient, stand, tube, flip, cap, encourages, kids, brush, fluoride, toothpaste, kids, clinically, proven, fight, cavities, nice, gentle, tooth, enamel, bubble, fruit, flavor, encourage, regular, brushing, specially, designed, kids, 2, fights, cavities, strengthens, teeth, sugar, free, gluten, free"
33.0,6.0,3.7,1506,"beauty, hair, care, hair, color, permanent, hair, color",paris,loreal paris superior preference fadedefying shine permanent hair color 5cb medium chestnut brown 1 kit,821,https://i5.walmartimages.com/asr/826d9eed-5b6d-448d-a047-8965b6b22ca9_1.64323334d980fcdbca438c9d045409a5.jpeg,worth decadent chocolate collection fade defying color shine system 5cb medium brown shade warm chestnut tones enhance red orange tones hair optimal color results use dark blonde darkest brown hair creates rich long lasting color spectrum luminosity shine beautiful gray coverage care supreme conditioner helps lock day color vibrancy keeps hair silky resilient week week roots ends color wo nt fade turn dull brassy best results stay 2 shades lighter darker natural hair color pro precise applicator extended tip designed hair reach roots quickly precisely easily fade defying conditioner 6 weekly treatments color protective care supreme conditioner uv filter anti oxidant vitamin e help defy fad renew shine preference shade tips hesitate shades choose lighter 50 gray results slightly lighter looking results shown red hair color results reddish brown system includes mess fade defying color gel color optimizing creme care supreme multi dose conditioner superior colorist gloves pro precise applicator quantity 1 hair color targeted area hair,"beauty, hair, care, hair, color, permanent, hair, color, paris, worth, decadent, chocolate, collection, fade, defying, color, shine, system, 5cb, medium, brown, shade, warm, chestnut, tones, enhance, red, orange, tones, hair, optimal, color, results, use, dark, blonde, darkest, brown, hair, creates, rich, long, lasting, color, spectrum, luminosity, shine, beautiful, gray, coverage, care, supreme, conditioner, helps, lock, day, color, vibrancy, keeps, hair, silky, resilient, week, week, roots, ends, color, wo, nt, fade, turn, dull, brassy, best, results, stay, 2, shades, lighter, darker, natural, hair, color, pro, precise, applicator, extended, tip, designed, hair, reach, roots, quickly, precisely, easily, fade, defying, conditioner, 6, weekly, treatments, color, protective, care, supreme, conditioner, uv, filter, anti, oxidant, vitamin, e, help, defy, fad, renew, shine, preference, shade, tips, hesitate, shades, choose, lighter, 50, gray, results, slightly, lighter, looking, results, shown, red, hair, color, results, reddish, brown, system, includes, mess, fade, defying, color, gel, color, optimizing, creme, care, supreme, multi, dose, conditioner, superior, colorist, gloves, pro, precise, applicator, quantity, 1, hair, color, targeted, area, hair"
72.0,9.0,4.4,13,"premium, beauty, premium, hair, care, hair, tools, premium, styling, products, premium, hair, styling, products",aquage,aquage straightening ultrahair gel hair gel 7oz,827,https://i5.walmartimages.com/asr/3543c57f-6347-4729-874d-b36aba50401b.b175e151b41dbc10e820c48a71f0a61e.jpeg,,"premium, beauty, premium, hair, care, hair, tools, premium, styling, products, premium, hair, styling, products, aquage,"
19.0,6.0,4.7,178,"beauty, skin, care, moisturizers, oil, free, moisturizers",cerave,cerave pm facial moisturizing lotion face moisturizer for night use 3oz,836,https://i5.walmartimages.com/asr/3a12ce27-1b55-424b-ad75-f2d16c4e8753_1.39b2521f3dd1fb1acc99e169b88c4bb4.jpeg,developed dermatologists cerave pm facial moisturizing lotion ultra lightweight unique formula moisturizes night helps restore protective skin barrier essential ceramides ii formula contains hyaluronic acid help retain natural moisture niacinamide help calm skin ceramides 1 3 6 ii hyaluronic acid help retain skins moisture oil free non comedogenic fragrance free gentle non irritating formula,"beauty, skin, care, moisturizers, oil, free, moisturizers, cerave, developed, dermatologists, cerave, pm, facial, moisturizing, lotion, ultra, lightweight, unique, formula, moisturizes, night, helps, restore, protective, skin, barrier, essential, ceramides, ii, formula, contains, hyaluronic, acid, help, retain, natural, moisture, niacinamide, help, calm, skin, ceramides, 1, 3, 6, ii, hyaluronic, acid, help, retain, skins, moisture, oil, free, non, comedogenic, fragrance, free, gentle, non, irritating, formula"
6.0,22.0,4.5,17,"personal, care, incontinence, incontinence",platinum care pads,4 pack bed pad standard reusable underpad washable 34x36 pink,847,https://i5.walmartimages.com/asr/16cebf7a-3a86-4665-905e-cb5dca385d4c_1.e79007ce5f780dd7da949743774c2080.jpeg,platinum care pads best selling line underpads protect lengthen life bedding mattress saving money reusable bed pads look high quality bed pads constructed healthcare industry durable vinyl knit backing barrier providing protection bedding mattress soaker 8 ounce absorbing material ultra absorbent superior protection holding moisture away skin topped poly rayon twill longer life cycles face twill soaker sewn diamond pattern durability securely stitched perimeter backing construction pattern designed industry leading techniques save money bringing longer life cycles use reusable bed pads cloth bed pad underpads provide extra comfort protection earth friendly easier environment long life cycles reusables disposables 95 5 rayon soaker size x large bed pads pads protects larger area pads durable comfortable twill facing underpad resists staining protects furniture incontinence continence management pet training stays soft leak proof comes 4 pack color white pink backing woven vinyl backing bedding mattress protection washable reusable cost saving earth friendly reusable underpads platinum care pads best selling line underpads,"personal, care, incontinence, incontinence, platinum, care, pads, platinum, care, pads, best, selling, line, underpads, protect, lengthen, life, bedding, mattress, saving, money, reusable, bed, pads, look, high, quality, bed, pads, constructed, healthcare, industry, durable, vinyl, knit, backing, barrier, providing, protection, bedding, mattress, soaker, 8, ounce, absorbing, material, ultra, absorbent, superior, protection, holding, moisture, away, skin, topped, poly, rayon, twill, longer, life, cycles, face, twill, soaker, sewn, diamond, pattern, durability, securely, stitched, perimeter, backing, construction, pattern, designed, industry, leading, techniques, save, money, bringing, longer, life, cycles, use, reusable, bed, pads, cloth, bed, pad, underpads, provide, extra, comfort, protection, earth, friendly, easier, environment, long, life, cycles, reusables, disposables, 95, 5, rayon, soaker, size, x, large, bed, pads, pads, protects, larger, area, pads, durable, comfortable, twill, facing, underpad, resists, staining, protects, furniture, incontinence, continence, management, pet, training, stays, soft, leak, proof, comes, 4, pack, color, white, pink, backing, woven, vinyl, backing, bedding, mattress, protection, washable, reusable, cost, saving, earth, friendly, reusable, underpads, platinum, care, pads, best, selling, line, underpads"
60.0,5.0,5.0,3,"beauty, hair, care, conditioner, conditioner",finesse,finesse revitalize  strengthen color conditioner 13 oz bottle,858,https://i5.walmartimages.com/asr/d43f4342-035e-45ed-a8c1-fb75ff203978_1.cfe2ac72fb547fba7d5a9141640303b4.png,hair s dry stubborn frizzy color treatments hang vibrant new shade longer finesse revitalize strengthen color revitalizing hair care conditioner formula helps locks shape daily stresses styling 13 fl oz bottle finesse hair conditioner gives tresses healthier stronger alive infused active proteins penetrate deep shaft hair moisturizing conditioner keeps freshly colored strands vivid shiny weeks longer leaving look s visibly softer silky smooth easier style added bonus features signature clean fresh scent finesse revitalize strengthen color revitalizing hair care conditioner formulated daily use finesse revitalize strengthen color revitalizing conditioner 13 fl oz hair s healthier stronger alive finesse infused active proteins penetrate deep hair shaft leaving hair moisturized manageable helps revitalize strengthen color treated hair keeps freshly colored hair vibrant shiny weeks longer leaving hair silky soft easier style features signature finesse clean fresh scent,"beauty, hair, care, conditioner, conditioner, finesse, hair, s, dry, stubborn, frizzy, color, treatments, hang, vibrant, new, shade, longer, finesse, revitalize, strengthen, color, revitalizing, hair, care, conditioner, formula, helps, locks, shape, daily, stresses, styling, 13, fl, oz, bottle, finesse, hair, conditioner, gives, tresses, healthier, stronger, alive, infused, active, proteins, penetrate, deep, shaft, hair, moisturizing, conditioner, keeps, freshly, colored, strands, vivid, shiny, weeks, longer, leaving, look, s, visibly, softer, silky, smooth, easier, style, added, bonus, features, signature, clean, fresh, scent, finesse, revitalize, strengthen, color, revitalizing, hair, care, conditioner, formulated, daily, use, finesse, revitalize, strengthen, color, revitalizing, conditioner, 13, fl, oz, hair, s, healthier, stronger, alive, finesse, infused, active, proteins, penetrate, deep, hair, shaft, leaving, hair, moisturized, manageable, helps, revitalize, strengthen, color, treated, hair, keeps, freshly, colored, hair, vibrant, shiny, weeks, longer, leaving, hair, silky, soft, easier, style, features, signature, finesse, clean, fresh, scent"
61.0,1.0,3.3,9,"household, essentials, household, essentials, brand, great, value, great, value",great value,great value led light bulb 125w 90w equivalent par38 floodlight motion sensor lamp e26 medium base nondimmable soft white 1pack,866,https://i5.walmartimages.com/asr/96510293-7ce8-4e3a-8117-8556222509a7_1.4cdb4cfbaa3a53472a97705097c700d4.jpeg,great value led light bulbs great option cost energy efficiency built durability solid structure led bulbs outlast incandescent bulb 80 energy need help deciding daylight soft white led consider atmosphere hoping create new energy efficient led bulb daylight led light bulb creates crisp natural effect right choice display areas security lighting garages task lighting soft white led light bulb provide calming effect bulb generally chosen deliver cozy inviting ambiance recommended choice living room kitchen bedroom lighting great value led light bulb 90w equivalent par38 floodlight motion sensor lamp e26 medium base non dimmable soft white 1 pack 90w equivalent soft white non dimmable medium base lasts 13 years,"household, essentials, household, essentials, brand, great, value, great, value, great, value, great, value, led, light, bulbs, great, option, cost, energy, efficiency, built, durability, solid, structure, led, bulbs, outlast, incandescent, bulb, 80, energy, need, help, deciding, daylight, soft, white, led, consider, atmosphere, hoping, create, new, energy, efficient, led, bulb, daylight, led, light, bulb, creates, crisp, natural, effect, right, choice, display, areas, security, lighting, garages, task, lighting, soft, white, led, light, bulb, provide, calming, effect, bulb, generally, chosen, deliver, cozy, inviting, ambiance, recommended, choice, living, room, kitchen, bedroom, lighting, great, value, led, light, bulb, 90w, equivalent, par38, floodlight, motion, sensor, lamp, e26, medium, base, non, dimmable, soft, white, 1, pack, 90w, equivalent, soft, white, non, dimmable, medium, base, lasts, 13, years"
57.0,2.0,4.0,845,"personal, care, restock, save, hair, care, conditioner",pantene,pantene 2 in 1 shampoo and conditioner classic clean 25 fl oz,868,https://i5.walmartimages.com/asr/173caa54-3f81-41b0-8af0-ca5df3b91698_1.30c32b486f8385f8bbccea43f5059e5c.jpeg,simple solution moisturize hair type pantene pro v classic clean 2 1 shampoo conditioner gently hydrates shiny manageable hair simple step hair look dull lifeless 2 helps smooth soften strands increasing look healthy hair leaving hair feeling moisturized classic clean 2 1 shampoo conditioner delivers classically beautiful hair wash pantene pro v 2 1 shampoo conditioner classic clean 25 fl oz classic clean 2 1 shampoo conditioner delivers gentle cleansing conditioning perfect daily use hair type strengthens hair damage makes hair shiny manageable healthy looking nourishing formula antioxidants,"personal, care, restock, save, hair, care, conditioner, pantene, simple, solution, moisturize, hair, type, pantene, pro, v, classic, clean, 2, 1, shampoo, conditioner, gently, hydrates, shiny, manageable, hair, simple, step, hair, look, dull, lifeless, 2, helps, smooth, soften, strands, increasing, look, healthy, hair, leaving, hair, feeling, moisturized, classic, clean, 2, 1, shampoo, conditioner, delivers, classically, beautiful, hair, wash, pantene, pro, v, 2, 1, shampoo, conditioner, classic, clean, 25, fl, oz, classic, clean, 2, 1, shampoo, conditioner, delivers, gentle, cleansing, conditioning, perfect, daily, use, hair, type, strengthens, hair, damage, makes, hair, shiny, manageable, healthy, looking, nourishing, formula, antioxidants"
4.0,93.0,4.0,1,"personal, care, incontinence, women, incontinence",discreet,discreet incontinence liners very light long 44pack 3 packscarton,876,https://i5.walmartimages.com/asr/1ba0b59b-1deb-4ab9-b057-5e5cf7db8152_1.9c3bce337c1286641944fba8b06ffa56.jpeg,discreet incontinence liners light long 44 pack 3 packs carton,"personal, care, incontinence, women, incontinence, discreet, discreet, incontinence, liners, light, long, 44, pack, 3, packs, carton"
3.0,58.0,4.0,37,"personal, care, shaving, body, hair, removal, waxes, depilatory, cream",nair,nair hair remover nourish sprays away moroccan argan oil 75 oz,878,https://i5.walmartimages.com/asr/e6ce46c4-ebfe-4010-b06a-b0f619fe4e94_1.4867791e9f969347bd3a919f7a58e3fa.jpeg,spray away hair time hair removal spray infused moroccan argan oil orange blossom works little 4 minutes sprays upside lasts days longer shaving easy use rinses shower effective coarse hair,"personal, care, shaving, body, hair, removal, waxes, depilatory, cream, nair, spray, away, hair, time, hair, removal, spray, infused, moroccan, argan, oil, orange, blossom, works, little, 4, minutes, sprays, upside, lasts, days, longer, shaving, easy, use, rinses, shower, effective, coarse, hair"
97.0,1.0,4.4,453,"beauty, makeup, nails",p2 cosmetics,p2 volume gloss gel polish pure woman,879,https://i5.walmartimages.com/asr/157a9982-a320-4d9c-a05c-cc024626ef28_1.ccf445d075f886fd60990f56a1db8de5.jpeg,volume gloss gel polish superior plumping formula provides gel like finish moments need salon patented swipe brush gives professional results like finish high gloss color plumping formula,"beauty, makeup, nails, p2, cosmetics, volume, gloss, gel, polish, superior, plumping, formula, provides, gel, like, finish, moments, need, salon, patented, swipe, brush, gives, professional, results, like, finish, high, gloss, color, plumping, formula"
3.0,9.0,3.0,1,"household, essentials, air, fresheners, car, air, fresheners, car, air, fresheners",kudosale,510bags 044lbbags bamboo charcoal air purifying bagnatural air purifying bags with hooksactivated charcoal odor eliminators bags car air purifiercloset freshener,880,https://i5.walmartimages.com/asr/39c2d88e-6d9f-4327-bfbb-f6d7d34ffe52_1.02a09192a2a1e165f049e30c18716331.jpeg,specification color grey qty 5 bag set bag weight 200 g material polyester linen bamboo charcoal size 19 x 15 cm x appr package x air purifier bag 5 x s hooks come hooks easy hanging fragrance free chemical free non toxic perfect cars closets bathrooms pet areas polyester linen bag wear resistance good ventilation breathable inner sms non woven fabric better adsorbability easy convenient way maintain fresh dry odor free environment prevents mold mildew bacteria forming absorbing excess moisture natural bamboo charcoal effectively absorbs removes odors allergens harmful,"household, essentials, air, fresheners, car, air, fresheners, car, air, fresheners, kudosale, specification, color, grey, qty, 5, bag, set, bag, weight, 200, g, material, polyester, linen, bamboo, charcoal, size, 19, x, 15, cm, x, appr, package, x, air, purifier, bag, 5, x, s, hooks, come, hooks, easy, hanging, fragrance, free, chemical, free, non, toxic, perfect, cars, closets, bathrooms, pet, areas, polyester, linen, bag, wear, resistance, good, ventilation, breathable, inner, sms, non, woven, fabric, better, adsorbability, easy, convenient, way, maintain, fresh, dry, odor, free, environment, prevents, mold, mildew, bacteria, forming, absorbing, excess, moisture, natural, bamboo, charcoal, effectively, absorbs, removes, odors, allergens, harmful"
9.0,62.0,4.0,6669,"personal, care, men, essentials, men, body, lotions",aquaphor,aquaphor ointment body spray 37 oz spray can,887,https://i5.walmartimages.com/asr/af9d3c9b-10d1-4f5f-b191-1ded5cee360a_1.34b200aa19636c9e3deda752ea1848fd.jpeg,aquaphor ointment body spray breakthrough innovation ingredients aquaphor healing ointment ointment spray immediately soothes relieves dry rough skin day unlike spray lotion ointment spray water free locks moisture skin hydrated cooling spray easy apply leaves skin feeling soft smooth ideal hard reach areas legs sprays upside aquaphor healing ointment body spray preservative fragrance free hypoallergenic moisturizer use shake use hold 3 5 inches skin spray evenly apply gently rub skin needed avoid spraying directly near face breathe mist spray special precautions applying children leave skin radiant healthy looking glow intensively moisturizes help heal dry rough skin giving skin radiant healthy looking glow continuous spray ideal applying hard reach areas clinically proven relieve dry skin prevents dryness returning day preservative fragrance free hypoallergenic,"personal, care, men, essentials, men, body, lotions, aquaphor, aquaphor, ointment, body, spray, breakthrough, innovation, ingredients, aquaphor, healing, ointment, ointment, spray, immediately, soothes, relieves, dry, rough, skin, day, unlike, spray, lotion, ointment, spray, water, free, locks, moisture, skin, hydrated, cooling, spray, easy, apply, leaves, skin, feeling, soft, smooth, ideal, hard, reach, areas, legs, sprays, upside, aquaphor, healing, ointment, body, spray, preservative, fragrance, free, hypoallergenic, moisturizer, use, shake, use, hold, 3, 5, inches, skin, spray, evenly, apply, gently, rub, skin, needed, avoid, spraying, directly, near, face, breathe, mist, spray, special, precautions, applying, children, leave, skin, radiant, healthy, looking, glow, intensively, moisturizes, help, heal, dry, rough, skin, giving, skin, radiant, healthy, looking, glow, continuous, spray, ideal, applying, hard, reach, areas, clinically, proven, relieve, dry, skin, prevents, dryness, returning, day, preservative, fragrance, free, hypoallergenic"
92.0,11.0,4.4,59,"personal, care, personal, care, brand, crest",crest,crest 3d white brilliance mouthwash alcohol free mint 338 fl oz,888,https://i5.walmartimages.com/asr/1fcc5525-9ae3-4c3e-8df9-588d77a7191b_1.b0dba39000cbea3c6bff9ec679eac8c0.jpeg,crest makers whitestrips introduce 3d white brilliance mouthwash discover whitening mouthwash advanced whitening experience hydrogen peroxide alcohol free crest 3d white brilliance whiten teeth 7 days guaranteed brushing removing surface stains satisfied results crest 3d white refund purchase details pack crest 3d white brilliance alcohol free whitening mouthwash clean mint fl oz advanced whitening experience peroxide alcohol free whiter smile 7 days brushing removing surface stains makers whitestrips crest 3d white provides whiter smile guaranteed satisfied results crest 3d white refund purchase details pack,"personal, care, personal, care, brand, crest, crest, crest, makers, whitestrips, introduce, 3d, white, brilliance, mouthwash, discover, whitening, mouthwash, advanced, whitening, experience, hydrogen, peroxide, alcohol, free, crest, 3d, white, brilliance, whiten, teeth, 7, days, guaranteed, brushing, removing, surface, stains, satisfied, results, crest, 3d, white, refund, purchase, details, pack, crest, 3d, white, brilliance, alcohol, free, whitening, mouthwash, clean, mint, fl, oz, advanced, whitening, experience, peroxide, alcohol, free, whiter, smile, 7, days, brushing, removing, surface, stains, makers, whitestrips, crest, 3d, white, provides, whiter, smile, guaranteed, satisfied, results, crest, 3d, white, refund, purchase, details, pack"
6.0,78.0,4.5,27658,"beauty, hair, care, hair, color, permanent, hair, color",clairol,clairol nicen easy permanent hair color crème 10pb extra light pale blonde 1 application,922,https://i5.walmartimages.com/asr/677ef2c5-7f46-4a31-ba6a-6bc48ba4fa96_1.97f5de687ba29231743eb5df36e392f8.jpeg,living trying new experiences feeling best waste time bland flat hair color s clairol nicen easy permanent hair color gives 8 weeks true color salon tones blend highlights lowlights expertly designed work unique hair nice n easy offers salon quality permanent hair color cost color looking vibrant clairol colorseal conditioner locks softness shine cover grays colorings try nice n easy root touch blend seamlessly color natural looking color s real trust clairol nicen easy hair color permanent color crème brilliant natural looking color blend tones highlights,"beauty, hair, care, hair, color, permanent, hair, color, clairol, living, trying, new, experiences, feeling, best, waste, time, bland, flat, hair, color, s, clairol, nicen, easy, permanent, hair, color, gives, 8, weeks, true, color, salon, tones, blend, highlights, lowlights, expertly, designed, work, unique, hair, nice, n, easy, offers, salon, quality, permanent, hair, color, cost, color, looking, vibrant, clairol, colorseal, conditioner, locks, softness, shine, cover, grays, colorings, try, nice, n, easy, root, touch, blend, seamlessly, color, natural, looking, color, s, real, trust, clairol, nicen, easy, hair, color, permanent, color, crème, brilliant, natural, looking, color, blend, tones, highlights"
32.0,71.0,5.0,1,"beauty, makeup, nails",sensationail,sensationail color gel polish 71617 bubbly champagne 025 fl oz,925,https://i5.walmartimages.com/asr/106ae515-b972-49ca-bf42-3a8a8839b788_1.f2620ff897610027a6973761a80c0e50.jpeg,long lasting manicure sensationail color gel polish nailene love look polish discouraged quick chipping traditional lacquers sensationail color gel polish bubbly champagne solve problems resistant chip producing dangers typing key handling dish washing sensationally shiny sensationally stunning sensationally sturdy week manicure sensationail color gel polishes sensationail gel polish produces weeks dazzling damage proof wear want salon results achieve home buy sensationail color gel polishes today sensationail color gel polish invincible gel polish manicure stick 2 weeks dazzling damage proof wear super gloss shine 3 easy steps dry time,"beauty, makeup, nails, sensationail, long, lasting, manicure, sensationail, color, gel, polish, nailene, love, look, polish, discouraged, quick, chipping, traditional, lacquers, sensationail, color, gel, polish, bubbly, champagne, solve, problems, resistant, chip, producing, dangers, typing, key, handling, dish, washing, sensationally, shiny, sensationally, stunning, sensationally, sturdy, week, manicure, sensationail, color, gel, polishes, sensationail, gel, polish, produces, weeks, dazzling, damage, proof, wear, want, salon, results, achieve, home, buy, sensationail, color, gel, polishes, today, sensationail, color, gel, polish, invincible, gel, polish, manicure, stick, 2, weeks, dazzling, damage, proof, wear, super, gloss, shine, 3, easy, steps, dry, time"
5.0,51.0,3.2,95,"beauty, beauty, brands, makeup",paris,loreal paris voluminous extra volume collagen washable mascara black 034 fl oz,926,https://i5.walmartimages.com/asr/f8eea503-b6ec-4238-bf52-d9bbcad7c949.16919557c32587b7dc793ee49d675d85.jpeg,voluminousâ extra volume collagen mascara lash plumping technology delivers breathtaking volume incredible wear hydra collagen complex formula infused collagen enhance thickness lashes 12x impact clumps patented instant impact brush 50 bigger classic brush builds incredible volume fast lash plumping technology delivers breathtaking volume incredible wear hydra collagen complex formula enhances thickness lashes 12x mascara comes brush build volume suitable use sensitive eyes contact lens wearers allergy ophthalmologist tested,"beauty, beauty, brands, makeup, paris, voluminousâ, extra, volume, collagen, mascara, lash, plumping, technology, delivers, breathtaking, volume, incredible, wear, hydra, collagen, complex, formula, infused, collagen, enhance, thickness, lashes, 12x, impact, clumps, patented, instant, impact, brush, 50, bigger, classic, brush, builds, incredible, volume, fast, lash, plumping, technology, delivers, breathtaking, volume, incredible, wear, hydra, collagen, complex, formula, enhances, thickness, lashes, 12x, mascara, comes, brush, build, volume, suitable, use, sensitive, eyes, contact, lens, wearers, allergy, ophthalmologist, tested"
2.0,2.0,3.3,4,"personal, care, incontinence, incontinence, underwear",bargain 7000,period panties protective menstrual underwear leakproof easy clean 2 pack black  beige by bargain 7000 small s,927,https://i5.walmartimages.com/asr/ae02c66f-f9df-4d8f-ad44-b8273c4d178a_1.095fdcbc14fd38d7373679d61132652d.jpeg,set 2 high quality menstrual period panties protective period panties liquid resistant lining way waistline prevent unexpected leakage perfect menstrual period post partum bleeding ladies incontinence issue mess mattress embarrassing stains pants machine washable value pack 2 soft stretchy fiber blend offers day comfort inner leak proof lining layers fabric prevent leakage menstrual cycle menstrual cups post partum urinary incontinence leaks replacements pads tampons underwear protects leak briefs soft breathable lining soft flexible panties 84 nylon 16 spandex water resistant lining viscose cotton machine washable,"personal, care, incontinence, incontinence, underwear, bargain, 7000, set, 2, high, quality, menstrual, period, panties, protective, period, panties, liquid, resistant, lining, way, waistline, prevent, unexpected, leakage, perfect, menstrual, period, post, partum, bleeding, ladies, incontinence, issue, mess, mattress, embarrassing, stains, pants, machine, washable, value, pack, 2, soft, stretchy, fiber, blend, offers, day, comfort, inner, leak, proof, lining, layers, fabric, prevent, leakage, menstrual, cycle, menstrual, cups, post, partum, urinary, incontinence, leaks, replacements, pads, tampons, underwear, protects, leak, briefs, soft, breathable, lining, soft, flexible, panties, 84, nylon, 16, spandex, water, resistant, lining, viscose, cotton, machine, washable"
70.0,6.0,4.4,64,"beauty, beauty, topic, mindful, beauty, mindful, beauty, cosmetics",burt bees,burts bees 100 natural moisturizing lip crayon bordeaux vines 1 precision application crayon,943,https://i5.walmartimages.com/asr/55680eea-fbc4-4636-b02a-bc932979bb79_1.ad63f88b934e3e4b12c6ca38b3d2f9fb.jpeg,burts bees lip crayon glides smoothly deliver beautiful lush gloss color moisture rich chubby crayon comes variety shades provides medium coverage 8 hour moisture leaving lips soft hydrated bordeaux vines shade deep red color ranging plum burgundy glossy finish everyday wear formula infused natural kendi oil jojoba oil shea butter nourish protect lips sharpening precision tip makes easy apply creamy lip color crayon product 100 natural ingredients packaging 100 recyclable burts bees lip crayon makes lips look feel smooth beautiful lip gloss crayon bordeaux vines deep red color ranging plum burgundy glossy finish glossy lip color 8 hour lightweight moisture lush glossy finish creamy texture sharpening precision tip application enriched jojoba oil kendi oil shea butter moisturize nourish lips available creamy matte lush gloss colors natural makeup 100 natural ingredients,"beauty, beauty, topic, mindful, beauty, mindful, beauty, cosmetics, burt, bees, burts, bees, lip, crayon, glides, smoothly, deliver, beautiful, lush, gloss, color, moisture, rich, chubby, crayon, comes, variety, shades, provides, medium, coverage, 8, hour, moisture, leaving, lips, soft, hydrated, bordeaux, vines, shade, deep, red, color, ranging, plum, burgundy, glossy, finish, everyday, wear, formula, infused, natural, kendi, oil, jojoba, oil, shea, butter, nourish, protect, lips, sharpening, precision, tip, makes, easy, apply, creamy, lip, color, crayon, product, 100, natural, ingredients, packaging, 100, recyclable, burts, bees, lip, crayon, makes, lips, look, feel, smooth, beautiful, lip, gloss, crayon, bordeaux, vines, deep, red, color, ranging, plum, burgundy, glossy, finish, glossy, lip, color, 8, hour, lightweight, moisture, lush, glossy, finish, creamy, texture, sharpening, precision, tip, application, enriched, jojoba, oil, kendi, oil, shea, butter, moisturize, nourish, lips, available, creamy, matte, lush, gloss, colors, natural, makeup, 100, natural, ingredients"
70.0,7.0,4.2,11188,"beauty, nail, care, nail, polish, nail, polish",sally hansen,sally hansen miracle gel nail color polish pink tank 05 fl oz,964,https://i5.walmartimages.com/asr/eefd0744-2f86-46dd-b1a3-01d75fbef048_1.d2a9027e1ea451faf9145e0c5d547ed7.jpeg,achieve professional looking results comfort home sally hansen miracle gel high quality ingredients provide long lasting coverage s chip resistant long lasting nail gel easy apply requires uv lamp dry perfectly simply use included applicator brush apply strokes clean dry nails sally hansen miracle gel comes wide range colors match wardrobe mood available convenient fl oz bottle life proof polish ultimate chip resistant nail polish miracle gel original uv light home gel polish salon gel results provides longer lasting manicure 1 selling gel polish 1 nail color nielsen latest 52 weeks w e super high gloss shiny finish net weight fl oz,"beauty, nail, care, nail, polish, nail, polish, sally, hansen, achieve, professional, looking, results, comfort, home, sally, hansen, miracle, gel, high, quality, ingredients, provide, long, lasting, coverage, s, chip, resistant, long, lasting, nail, gel, easy, apply, requires, uv, lamp, dry, perfectly, simply, use, included, applicator, brush, apply, strokes, clean, dry, nails, sally, hansen, miracle, gel, comes, wide, range, colors, match, wardrobe, mood, available, convenient, fl, oz, bottle, life, proof, polish, ultimate, chip, resistant, nail, polish, miracle, gel, original, uv, light, home, gel, polish, salon, gel, results, provides, longer, lasting, manicure, 1, selling, gel, polish, 1, nail, color, nielsen, latest, 52, weeks, w, e, super, high, gloss, shiny, finish, net, weight, fl, oz"
61.0,12.0,4.6,5,"household, essentials, cleaning, supplies, purpose, cleaners",bruce,bruce hardwood and laminate floor cleaner 32 oz,966,https://i5.walmartimages.com/asr/64cac15d-d768-4ae5-b180-4c690479db02_1.bbd364162e91b27a0d11cf0b01b2fdbe.jpeg,bruce 32 oz wax floor cleaner urethane finished wood wax finish floors routine cleaning wax hardwood laminate floors unique cleaner lifts soil surface urethane finish leaving film ready use formula great spot routine cleaning rinsing dulling film ws109s size 32 oz type trigger spray fragrance n pkg qty 1 package type bottle ws109r size 64 oz type refill bottle fragrance n pkg qty 1 package type bottle,"household, essentials, cleaning, supplies, purpose, cleaners, bruce, bruce, 32, oz, wax, floor, cleaner, urethane, finished, wood, wax, finish, floors, routine, cleaning, wax, hardwood, laminate, floors, unique, cleaner, lifts, soil, surface, urethane, finish, leaving, film, ready, use, formula, great, spot, routine, cleaning, rinsing, dulling, film, ws109s, size, 32, oz, type, trigger, spray, fragrance, n, pkg, qty, 1, package, type, bottle, ws109r, size, 64, oz, type, refill, bottle, fragrance, n, pkg, qty, 1, package, type, bottle"
13.0,35.0,4.8,9,"premium, beauty, premium, hair, care, premium, conditioners",brazilian blowout,brazilian blowout acai antifrizz conditioner 12 oz,989,https://i5.walmartimages.com/asr/2a7b9d32-bc13-49fa-b346-96917468ea71_1.54e0bcdce9ceecd3b8216b3916770084.jpeg,,"premium, beauty, premium, hair, care, premium, conditioners, brazilian, blowout,"
3.0,5.0,4.5,18,"household, essentials, batteries, c, batteries",rayovac,rayovac high energy alkaline c batteries 12 count,992,https://i5.walmartimages.com/asr/b233c39d-5049-4a9f-8256-eb46cacccea7_2.780a7ed75648c2ab76508e78fbaae62f.jpeg,c alkaline batteries ideal high use devices including toys flashlights stereos plus designed prevent damaging battery leaks tested twice prior shipment ensure reliability rayovac high energy c alkaline batteries long lasting guaranteed plain simple money money performance guarantee visit details c batteries 12 pack high energy alkaline batteries ideal high use c battery devices toys flashlights stereos designed prevent damaging battery leaks tested twice prior shipment rayovac c batteries hold power 10 years storage,"household, essentials, batteries, c, batteries, rayovac, c, alkaline, batteries, ideal, high, use, devices, including, toys, flashlights, stereos, plus, designed, prevent, damaging, battery, leaks, tested, twice, prior, shipment, ensure, reliability, rayovac, high, energy, c, alkaline, batteries, long, lasting, guaranteed, plain, simple, money, money, performance, guarantee, visit, details, c, batteries, 12, pack, high, energy, alkaline, batteries, ideal, high, use, c, battery, devices, toys, flashlights, stereos, designed, prevent, damaging, battery, leaks, tested, twice, prior, shipment, rayovac, c, batteries, hold, power, 10, years, storage"
92.0,9.0,4.2,3239,"beauty, makeup, face, makeup, foundation, liquid, foundation",covergirl,covergirl trublend matte made liquid foundation t15 golden honey 1 oz,711,https://i5.walmartimages.com/asr/e8e74939-166c-4c45-b6df-49a72b731c5c_1.37009748e4d9db9cc046b9914b1650b8.jpeg,favorite covergirl foundation line comes matte formula nt drying cakey trublend matte mades formula developed flexi hold technology creates strong flexible film skin durability comfort mattifying powders absorb oil minimizes pores soft matte flawless finish 12 hours wear naturally matte flawless appearance broad palette 40 shades match skin tones flexible comfortable feel light nt realize wearing foundation transfer proof wear blurs pores minimizes imperfections day available range 40 shades find skins perfect blend comfortable matte finish oil free formula suitable normal oily skin,"beauty, makeup, face, makeup, foundation, liquid, foundation, covergirl, favorite, covergirl, foundation, line, comes, matte, formula, nt, drying, cakey, trublend, matte, mades, formula, developed, flexi, hold, technology, creates, strong, flexible, film, skin, durability, comfort, mattifying, powders, absorb, oil, minimizes, pores, soft, matte, flawless, finish, 12, hours, wear, naturally, matte, flawless, appearance, broad, palette, 40, shades, match, skin, tones, flexible, comfortable, feel, light, nt, realize, wearing, foundation, transfer, proof, wear, blurs, pores, minimizes, imperfections, day, available, range, 40, shades, find, skins, perfect, blend, comfortable, matte, finish, oil, free, formula, suitable, normal, oily, skin"
60.0,21.0,4.0,467,"household, essentials, laundry, laundry, detergents",tide,tide febreze sport he 59 loads liquid laundry detergent 92 fl oz,728,https://i5.walmartimages.com/asr/8afdeb2f-e260-4a9d-a617-44fa856b7811.f9d373b4e927b695809ebba23b4f87cc.jpeg,tide plus febreze sport odor defense turbo clean liquid laundry detergent offers excellent clean odor removal plus febreze freshness helps workout athletic gear stay fresh 3x longer thanks 10x cleaning power effectively targets tough stains removes week old sweat odors tides formula contains special scent renewal technology releases freshness helping fabrics smelling great day enjoy wonderful scent experience lasts benefit odor fighting power tide original based stain removal 1 dose tide quick wash cycle 10 doses leading bargain liquid detergent base variant normal wash cycle tide febreze sport 59 loads liquid laundry detergent 92 fl oz tides 1 odor remover reformulated remove week old sweat odors 10x cleaning power stain removal tide pods quick cycle 10 doses leading bargain liquid detergent base variant normal wash cycle cleans freshens whitens brightens odor fighting power works washing machines reach children,"household, essentials, laundry, laundry, detergents, tide, tide, plus, febreze, sport, odor, defense, turbo, clean, liquid, laundry, detergent, offers, excellent, clean, odor, removal, plus, febreze, freshness, helps, workout, athletic, gear, stay, fresh, 3x, longer, thanks, 10x, cleaning, power, effectively, targets, tough, stains, removes, week, old, sweat, odors, tides, formula, contains, special, scent, renewal, technology, releases, freshness, helping, fabrics, smelling, great, day, enjoy, wonderful, scent, experience, lasts, benefit, odor, fighting, power, tide, original, based, stain, removal, 1, dose, tide, quick, wash, cycle, 10, doses, leading, bargain, liquid, detergent, base, variant, normal, wash, cycle, tide, febreze, sport, 59, loads, liquid, laundry, detergent, 92, fl, oz, tides, 1, odor, remover, reformulated, remove, week, old, sweat, odors, 10x, cleaning, power, stain, removal, tide, pods, quick, cycle, 10, doses, leading, bargain, liquid, detergent, base, variant, normal, wash, cycle, cleans, freshens, whitens, brightens, odor, fighting, power, works, washing, machines, reach, children"
80.0,6.0,4.6,8,"premium, beauty, premium, makeup, premium, nail, polish, care, premium, nail, polish",karma organic,karma organic nonallergenic nail polish vegan and crueltyfree mary oh,731,https://i5.walmartimages.com/asr/a944277d-15d8-44b8-852e-b68c8a516142_1.c025e95b0966a37129553de420b2581b.jpeg,,"premium, beauty, premium, makeup, premium, nail, polish, care, premium, nail, polish, karma, organic,"
53.0,1.0,4.6,9,"premium, beauty, premium, hair, care, premium, styling, products, hair, styling, products",10,26 off deal its a 10 miracle styling cream 5 oz,741,https://i5.walmartimages.com/asr/987cc501-a4f8-4881-ad4a-315ab01c892d_1.de2702191c4db1d6fa30911b194c9832.jpeg,,"premium, beauty, premium, hair, care, premium, styling, products, hair, styling, products, 10,"
5.0,93.0,3.3,3,"personal, care, sun, care, sunscreen",zinka,zinka colored nosecoat zinc oxide sunblock multipack neon greenbluepink,757,https://i5.walmartimages.com/asr/97bbd07c-605c-4cc1-a162-f830e897b00c_1.778c0ca981366702c168a9221ae95555.jpeg,protect skin season long outdoors zinka colored nosecoat sunblock multipack formulated active ingredients zinc oxide titanium dioxide reflects sunlight provides ultimate protection harmful uva uvb rays zinka sunblock original colored nosecoat sun protection easy fun remains visible skin leaving bright neon green pink blue color clearly identifies area coverage know face getting proper protection zinka colored nosecoat sunblock multipack water resistant plus non stinging alcohol free formula safe children zinka colored nosecoat zinc oxide sunblock multipack neon green blue pink multipack includes neon green blue pink water resistant 25 zinc oxide zinkas original colored nosecoat best total block available remains visible skin rub reflects sunlight blocks uva uvb rays tube oz zinka sun care products endorsed dermatologists professional athletes outdoor enthusiasts worldwide safe children non sting formula alcohol free california zinc oxide sunblock 3 count pack,"personal, care, sun, care, sunscreen, zinka, protect, skin, season, long, outdoors, zinka, colored, nosecoat, sunblock, multipack, formulated, active, ingredients, zinc, oxide, titanium, dioxide, reflects, sunlight, provides, ultimate, protection, harmful, uva, uvb, rays, zinka, sunblock, original, colored, nosecoat, sun, protection, easy, fun, remains, visible, skin, leaving, bright, neon, green, pink, blue, color, clearly, identifies, area, coverage, know, face, getting, proper, protection, zinka, colored, nosecoat, sunblock, multipack, water, resistant, plus, non, stinging, alcohol, free, formula, safe, children, zinka, colored, nosecoat, zinc, oxide, sunblock, multipack, neon, green, blue, pink, multipack, includes, neon, green, blue, pink, water, resistant, 25, zinc, oxide, zinkas, original, colored, nosecoat, best, total, block, available, remains, visible, skin, rub, reflects, sunlight, blocks, uva, uvb, rays, tube, oz, zinka, sun, care, products, endorsed, dermatologists, professional, athletes, outdoor, enthusiasts, worldwide, safe, children, non, sting, formula, alcohol, free, california, zinc, oxide, sunblock, 3, count, pack"
47.0,5.0,4.1,19,"personal, care, oral, care, kids, oral, care",colgate,colgate my first baby and toddler toothbrush extra soft  2 count,770,https://i5.walmartimages.com/asr/8232c3ab-9c97-4153-870f-41d96525ba99_1.cbdcfac43b4bc293f5378055b0053dc8.jpeg,colgate baby toddler toothbrush makes easy started cleaning teeth uniquely designed children age 2 toothbrush features extra soft bristles clean effectively gentle small head brush fits easily childs small mouth non slip handle provides extra soft baby toothbrush comfortable grip parents kids hold tight toothbrush comes pack features fun animal designs engage kids interested brushing teeth colgate baby toddler toothbrush extra soft 2 count colgate toothbrushes value pack extra soft ages 0 2 years kids toothbrush animal designs non slip handle comfortable grip small head easy fit inside toddlers mouth helps teach good oral hygiene early,"personal, care, oral, care, kids, oral, care, colgate, colgate, baby, toddler, toothbrush, makes, easy, started, cleaning, teeth, uniquely, designed, children, age, 2, toothbrush, features, extra, soft, bristles, clean, effectively, gentle, small, head, brush, fits, easily, childs, small, mouth, non, slip, handle, provides, extra, soft, baby, toothbrush, comfortable, grip, parents, kids, hold, tight, toothbrush, comes, pack, features, fun, animal, designs, engage, kids, interested, brushing, teeth, colgate, baby, toddler, toothbrush, extra, soft, 2, count, colgate, toothbrushes, value, pack, extra, soft, ages, 0, 2, years, kids, toothbrush, animal, designs, non, slip, handle, comfortable, grip, small, head, easy, fit, inside, toddlers, mouth, helps, teach, good, oral, hygiene, early"
1.0,35.0,4.0,613,"beauty, makeup, face, makeup, face, makeup, brands, maybelline, face, makeup",maybelline,maybelline dream satin liquid foundation dream liquid mousse foundation cocoa 1 fl oz,773,https://i5.walmartimages.com/asr/89b5bb41-aa2f-477c-a986-16db9dce8647_1.b42d2bb302b479c5ae67158c2b0fd88d.jpeg,maybelline new york dream liquid mousse foundation achieve look completely poreless skin smooth airbrushed finish lightweight breathable 16 hour wear liquid foundation delivers cake free coverage moisturizes day dermatologist tested allergy tested non comedogenic suitable sensitive skin coverage foundation 16 hours wear ideal normal skin,"beauty, makeup, face, makeup, face, makeup, brands, maybelline, face, makeup, maybelline, maybelline, new, york, dream, liquid, mousse, foundation, achieve, look, completely, poreless, skin, smooth, airbrushed, finish, lightweight, breathable, 16, hour, wear, liquid, foundation, delivers, cake, free, coverage, moisturizes, day, dermatologist, tested, allergy, tested, non, comedogenic, suitable, sensitive, skin, coverage, foundation, 16, hours, wear, ideal, normal, skin"
10.0,45.0,4.5,14,"beauty, hair, care, conditioner, conditioner",alberto vo5,alberto vo5 herbal escapes pomegranate  grapeseed strengthening conditioner 125 fl oz,775,https://i5.walmartimages.com/asr/4868b99e-cebf-4729-8bac-3420d4e4ae3c_1.c0d89ab67eec21a8b78563801e9f74df.jpeg,treat dry damaged hair alberto vo5 herbal escapes conditioner powerful formula packed rich antioxidants essential vitamins help nourish moisturize hydrate hair alberto vo5 conditioner fl oz features distinct refreshing scent hints pomegranate grapeseed alberto vo5 herbal escapes pomegranate grapeseed strengthening conditioner grapeseed 5 essential vitamins healthy beautiful hair 5 essential vitamins vitamin vitamin vitamin vitamin b5 vitamin b3 vo5 unique formula 5 essential vitamins help nourish moisturize hydrate hair leaving looking feeling thicker fuller simply beautiful s secret vo5 recyclable facilities exist product tested animals alberto vo5 herbal escapes strengthening conditioner pomegranate,"beauty, hair, care, conditioner, conditioner, alberto, vo5, treat, dry, damaged, hair, alberto, vo5, herbal, escapes, conditioner, powerful, formula, packed, rich, antioxidants, essential, vitamins, help, nourish, moisturize, hydrate, hair, alberto, vo5, conditioner, fl, oz, features, distinct, refreshing, scent, hints, pomegranate, grapeseed, alberto, vo5, herbal, escapes, pomegranate, grapeseed, strengthening, conditioner, grapeseed, 5, essential, vitamins, healthy, beautiful, hair, 5, essential, vitamins, vitamin, vitamin, vitamin, vitamin, b5, vitamin, b3, vo5, unique, formula, 5, essential, vitamins, help, nourish, moisturize, hydrate, hair, leaving, looking, feeling, thicker, fuller, simply, beautiful, s, secret, vo5, recyclable, facilities, exist, product, tested, animals, alberto, vo5, herbal, escapes, strengthening, conditioner, pomegranate"
11.0,77.0,4.8,17,"beauty, hair, care, conditioner, ogx, conditioners",ogx,organix intensely invigorating plus conditioner eucalyptus mint 13 fluid ounce,788,https://i5.walmartimages.com/asr/a7326a76-2c71-4a5f-9372-d1cc9e791110_1.c461d3c3b183fc6db7d2356419d67fd2.jpeg,experience invigorating blend eucalyptus extract cooling mint therapeutic tea tree oil gently cleanses calming soothing scalp bring balance hair healthy soft clean root want bring scalp hair healthy balance weightless invigorating blend eucalyptus mint tea tree oil cleanses calming intensely invigorating eucalyptus mint conditioner 13 oz,"beauty, hair, care, conditioner, ogx, conditioners, ogx, experience, invigorating, blend, eucalyptus, extract, cooling, mint, therapeutic, tea, tree, oil, gently, cleanses, calming, soothing, scalp, bring, balance, hair, healthy, soft, clean, root, want, bring, scalp, hair, healthy, balance, weightless, invigorating, blend, eucalyptus, mint, tea, tree, oil, cleanses, calming, intensely, invigorating, eucalyptus, mint, conditioner, 13, oz"
19.0,2.0,4.5,125,"sports, outdoors, exercise, fitness, yoga, yoga, mats",gaiam,gaiam premium print reversible yoga mat vintage tapestry 6mm,789,https://i5.walmartimages.com/asr/37861ab1-8d26-44f5-b69a-b5c3094c9ddc_1.403d9a8f63649ab5084ebccb3dd68c7b.jpeg,resembles rich vintage lace reverse s like ripples pebble dropped pond choose kind vibe want practice gaiam premium print reversible yoga mat vintage tapestry 6 mm stay poised poses textured non slip surface 6 mm premium cushioning great use home studio 6 mm cushioning reversible prints let mix based mood textured non slip surface lightweight durable non toxic 6p free great types yoga pilates fitness floor exercises,"sports, outdoors, exercise, fitness, yoga, yoga, mats, gaiam, resembles, rich, vintage, lace, reverse, s, like, ripples, pebble, dropped, pond, choose, kind, vibe, want, practice, gaiam, premium, print, reversible, yoga, mat, vintage, tapestry, 6, mm, stay, poised, poses, textured, non, slip, surface, 6, mm, premium, cushioning, great, use, home, studio, 6, mm, cushioning, reversible, prints, let, mix, based, mood, textured, non, slip, surface, lightweight, durable, non, toxic, 6p, free, great, types, yoga, pilates, fitness, floor, exercises"
98.0,6.0,3.9,41,"beauty, makeup, face, makeup, foundation, liquid, foundation",hard candy,hard candy glamoflauge foundation medium tan,808,https://i5.walmartimages.com/asr/dffdb519-cf3e-4062-ae90-c349c0dc12f3_1.9cd80e8753d1aaf6a120883feeb17716.jpeg,let skin radiate seamless color hard candy glamoflauge foundation skin perfecting formula contains superfine pigments help camouflage dark circles blemishes uneven skin tone foundation provides coverage natural matte finish skin types glamoflauge foundation provides smooth soft finish available wide range shades match variety skin tones hard candy foundation comes oz pump delivers precise product use formula extremely blendable smooths skin flawless coverage ultimate application prime skin favorite hard candy primer use conjunction shade glamoflauge foundation ultimate coverage set favorite hard candy finishing powder extended wear hard candy glamoflauge coverage natural matte finish foundation coverage natural matte finish hard candy finishing powder extended wear,"beauty, makeup, face, makeup, foundation, liquid, foundation, hard, candy, let, skin, radiate, seamless, color, hard, candy, glamoflauge, foundation, skin, perfecting, formula, contains, superfine, pigments, help, camouflage, dark, circles, blemishes, uneven, skin, tone, foundation, provides, coverage, natural, matte, finish, skin, types, glamoflauge, foundation, provides, smooth, soft, finish, available, wide, range, shades, match, variety, skin, tones, hard, candy, foundation, comes, oz, pump, delivers, precise, product, use, formula, extremely, blendable, smooths, skin, flawless, coverage, ultimate, application, prime, skin, favorite, hard, candy, primer, use, conjunction, shade, glamoflauge, foundation, ultimate, coverage, set, favorite, hard, candy, finishing, powder, extended, wear, hard, candy, glamoflauge, coverage, natural, matte, finish, foundation, coverage, natural, matte, finish, hard, candy, finishing, powder, extended, wear"
735.0,9.0,4.6,1073,"beauty, nail, care, nail, polish, sally, hansen, nail, polish",sally hansen,sally hansen color therapy nail color blushed petal 05 oz,811,https://i5.walmartimages.com/asr/d4ae0fec-8106-49d9-9fd8-038366383f50_1.2a4876a8b982a7464aa9281701a9e7e9.jpeg,color cares wear intensive nourishment healthy looking nails 9 10 women experienced noticeable improvement natural nails 10 days wear coat extends shine wear cuticle oil nails cuticles instantly healthier 10 days fade proof chip resistant wear intensive nourishment healthy looking nails 9 10 women experienced noticeable improvement natural nails sally hansen color therapy nail polish fl oz 10 days fade proof chip resistant wear intensive nourishment healthy looking nails 9 10 women experienced noticeable improvement natural nails,"beauty, nail, care, nail, polish, sally, hansen, nail, polish, sally, hansen, color, cares, wear, intensive, nourishment, healthy, looking, nails, 9, 10, women, experienced, noticeable, improvement, natural, nails, 10, days, wear, coat, extends, shine, wear, cuticle, oil, nails, cuticles, instantly, healthier, 10, days, fade, proof, chip, resistant, wear, intensive, nourishment, healthy, looking, nails, 9, 10, women, experienced, noticeable, improvement, natural, nails, sally, hansen, color, therapy, nail, polish, fl, oz, 10, days, fade, proof, chip, resistant, wear, intensive, nourishment, healthy, looking, nails, 9, 10, women, experienced, noticeable, improvement, natural, nails"
3.0,81.0,4.7,98,"home, decor, candles, home, fragrance, oil, diffusers",air wick,air wick essential mist refill 1ct woodland pine fall scent essential oils diffuser refill air freshener fall decor,812,https://i5.walmartimages.com/asr/be645080-518e-4c7a-b5ba-9b5e9c9d3cf6.482236e9c16da1b7070d5c0bbf7a152d.jpeg,,"home, decor, candles, home, fragrance, oil, diffusers, air, wick,"
5.0,42.0,4.3,926,"beauty, skin, care, facial, cleansers, face, wash, neutrogena, face, wash",neutrogena,ultra gentle foaming facial cleanser dry skin moisturizing 16 fl oz,824,https://i5.walmartimages.com/asr/5ad847d3-5388-4d07-82dd-d9bb76c9f5fb_1.17bac00b4f7902d1ff66c72f317af9ca.jpeg,neutrogena ultra gentle daily cleanser dermatologist developed daily cleansing sensitive skin uses skin friendly technology remove excess oil dirt makeup protecting skins natural moisture barrier extra gentle facial cleanser combines superior cleansing neutrogena technology maximum gentleness sensitive skin cleanser patented technology effective gentle formula removes impurities protecting skins natural moisture leave feeling soft dry tight unlike gentle sensitive skin cleansers leave residue neutrogena ultra gentle foaming facial cleanser rinses completely clean leaving skin feeling refreshed oil free soap free hypoallergenic non comedogenic daily cleanser free allergens irritating essential oils clinically proven gentle sensitive skin neutrogena ultra gentle daily cleanser gentle daily facial cleansing sensitive skin face wash effectively cleanses skin protecting natural moisture barrier effective gentle face cleanser helps thoroughly remove excess oil dirt makeup gentle foaming cleanser designed specifically sensitive skin skin conditions unlike cleansers leave residue daily face wash rinses completely clean clinically proven gentle sensitive skin free allergens irritating essential oils featuring oil free soap free hypoallergenic non comedogenic formula sensitive skin care dermatologist recommended brand foaming daily face wash leaves skin feeling soft clean,"beauty, skin, care, facial, cleansers, face, wash, neutrogena, face, wash, neutrogena, neutrogena, ultra, gentle, daily, cleanser, dermatologist, developed, daily, cleansing, sensitive, skin, uses, skin, friendly, technology, remove, excess, oil, dirt, makeup, protecting, skins, natural, moisture, barrier, extra, gentle, facial, cleanser, combines, superior, cleansing, neutrogena, technology, maximum, gentleness, sensitive, skin, cleanser, patented, technology, effective, gentle, formula, removes, impurities, protecting, skins, natural, moisture, leave, feeling, soft, dry, tight, unlike, gentle, sensitive, skin, cleansers, leave, residue, neutrogena, ultra, gentle, foaming, facial, cleanser, rinses, completely, clean, leaving, skin, feeling, refreshed, oil, free, soap, free, hypoallergenic, non, comedogenic, daily, cleanser, free, allergens, irritating, essential, oils, clinically, proven, gentle, sensitive, skin, neutrogena, ultra, gentle, daily, cleanser, gentle, daily, facial, cleansing, sensitive, skin, face, wash, effectively, cleanses, skin, protecting, natural, moisture, barrier, effective, gentle, face, cleanser, helps, thoroughly, remove, excess, oil, dirt, makeup, gentle, foaming, cleanser, designed, specifically, sensitive, skin, skin, conditions, unlike, cleansers, leave, residue, daily, face, wash, rinses, completely, clean, clinically, proven, gentle, sensitive, skin, free, allergens, irritating, essential, oils, featuring, oil, free, soap, free, hypoallergenic, non, comedogenic, formula, sensitive, skin, care, dermatologist, recommended, brand, foaming, daily, face, wash, leaves, skin, feeling, soft, clean"
70.0,71.0,4.8,20,"beauty, makeup, face, makeup, foundation, deep, foundation, shades",honeybee gardens,honeybee garden pressed mineral powder foundation sundance,835,https://i5.walmartimages.com/asr/1eb0cb9b-debc-4170-998a-aff930bad4e3_1.8754bf15b64be3f5b8a3c1cbbb8b9a54.jpeg,pressed mineral powder foundation versatile ll know functioned evens skin tone leaving natural silky finish soothing vitamin e gentle botanical extracts calm skin adjustable coverage heavy cakey worn foundation directly bare skin radiant finish refines complexion reduces shine use cotton puff kabuki brush customize finish talc free paraben free fragrance free oil free certified gluten free vegan pan pressed powder silver compact purchased separately packaging happier deeper shade tan mocha adjustable coverage heavy cakey refines complexion reduces shine vegan gluten free paraben free pan pressed powder silver compact purchased separately packaging happier planet,"beauty, makeup, face, makeup, foundation, deep, foundation, shades, honeybee, gardens, pressed, mineral, powder, foundation, versatile, ll, know, functioned, evens, skin, tone, leaving, natural, silky, finish, soothing, vitamin, e, gentle, botanical, extracts, calm, skin, adjustable, coverage, heavy, cakey, worn, foundation, directly, bare, skin, radiant, finish, refines, complexion, reduces, shine, use, cotton, puff, kabuki, brush, customize, finish, talc, free, paraben, free, fragrance, free, oil, free, certified, gluten, free, vegan, pan, pressed, powder, silver, compact, purchased, separately, packaging, happier, deeper, shade, tan, mocha, adjustable, coverage, heavy, cakey, refines, complexion, reduces, shine, vegan, gluten, free, paraben, free, pan, pressed, powder, silver, compact, purchased, separately, packaging, happier, planet"
1.0,41.0,3.5,88,"beauty, makeup, nails",maybelline,punk rock pink nail lacquer 023 fl oz glass bottle,839,https://i5.walmartimages.com/asr/52942c7a-b6e1-4ca8-993b-8365f9c8c649_1.51b53f7448f53b134b18b3f714ed3042.jpeg,trending official nail color mercedes benz fashion week new york long lasting nail polish chip color nail laquer straight shows easy flow brush formaldehyde dbp toluene new york color nail lacquer provides chip nail color straight shows easy flow brush formaldehyde dbp toluene free,"beauty, makeup, nails, maybelline, trending, official, nail, color, mercedes, benz, fashion, week, new, york, long, lasting, nail, polish, chip, color, nail, laquer, straight, shows, easy, flow, brush, formaldehyde, dbp, toluene, new, york, color, nail, lacquer, provides, chip, nail, color, straight, shows, easy, flow, brush, formaldehyde, dbp, toluene, free"
4.0,45.0,5.0,2,"beauty, hair, care, hair, styling, products, hair, gel",american crew,american crew firm hold styling hair gel 131 fl oz,847,https://i5.walmartimages.com/asr/7339f9d4-52ec-4ee0-bc46-ae1957102ea4_1.0fc1a303dc79877f8a7203e65cb2289e.jpeg,american crew firm hold styling gel provides long lasting hold style alcohol free gel dry hair feel stiff flaky hair look thicker enjoy soft natural shine makes styling easy firm hold crunch controls frizz adds shineamerican crew firm hold styling hair gel fl oz,"beauty, hair, care, hair, styling, products, hair, gel, american, crew, american, crew, firm, hold, styling, gel, provides, long, lasting, hold, style, alcohol, free, gel, dry, hair, feel, stiff, flaky, hair, look, thicker, enjoy, soft, natural, shine, makes, styling, easy, firm, hold, crunch, controls, frizz, adds, shineamerican, crew, firm, hold, styling, hair, gel, fl, oz"
37.0,8.0,3.7,31,"beauty, beauty, topic, mindful, beauty, mindful, beauty, cosmetics",burt bees,burts bees 100  natural moisturizing tinted lip oil caramel cloud 1 pen,855,https://i5.walmartimages.com/asr/de967a97-fcc6-4824-958c-ebcbcffa7d18_1.73a385678fa6559fcec20874ea7f665e.jpeg,burts bees tinted lip oil gives lips natural kiss color hydrating smoothing lips non sticky formula leaves subtle glossy finish sheer coral shade lightweight texture nourishes lips coconut meadowfoam seed oils lips moist soft smooth apply lip tint oil bare lips lipstick click twist pen soft brush applicator making application easy dazzling shine hint gorgeous color product 100 natural ingredients packaging 100 recyclable burts bees tinted lip oil pampers lips luminous shine hint tint tinted lip color twist click tinted lip oil pen hint color glossy finish splash moisture moisturizing lip color non sticky formula glides smooth soften lips hydrating formula reduces appearance lines wrinkles sheer color use shiny lip gloss bare lips fabulous layered effect apply burts bees lip shimmers lipsticks natural makeup lip oil 100 natural ingredients including meadowfoam coconut oils strengthens lips moisture barrier 6 shades pucker find perfect hue skin tone burts bees lip oil comes 6 flattering sheer coverage shades ranging pinks nudes reds plums,"beauty, beauty, topic, mindful, beauty, mindful, beauty, cosmetics, burt, bees, burts, bees, tinted, lip, oil, gives, lips, natural, kiss, color, hydrating, smoothing, lips, non, sticky, formula, leaves, subtle, glossy, finish, sheer, coral, shade, lightweight, texture, nourishes, lips, coconut, meadowfoam, seed, oils, lips, moist, soft, smooth, apply, lip, tint, oil, bare, lips, lipstick, click, twist, pen, soft, brush, applicator, making, application, easy, dazzling, shine, hint, gorgeous, color, product, 100, natural, ingredients, packaging, 100, recyclable, burts, bees, tinted, lip, oil, pampers, lips, luminous, shine, hint, tint, tinted, lip, color, twist, click, tinted, lip, oil, pen, hint, color, glossy, finish, splash, moisture, moisturizing, lip, color, non, sticky, formula, glides, smooth, soften, lips, hydrating, formula, reduces, appearance, lines, wrinkles, sheer, color, use, shiny, lip, gloss, bare, lips, fabulous, layered, effect, apply, burts, bees, lip, shimmers, lipsticks, natural, makeup, lip, oil, 100, natural, ingredients, including, meadowfoam, coconut, oils, strengthens, lips, moisture, barrier, 6, shades, pucker, find, perfect, hue, skin, tone, burts, bees, lip, oil, comes, 6, flattering, sheer, coverage, shades, ranging, pinks, nudes, reds, plums"
7.0,6.0,3.6,19,"personal, care, incontinence, incontinence",fox valley traders,waterproof incontinence underpants 3 pair,862,https://i5.walmartimages.com/asr/7710ea2c-362b-4531-b31c-13f50f1efada_1.d18a78fdaf12361e634a0d02e7389e51.jpeg,add extra layer bladder control protection underwear clothing wearing pair vinyl incontinence underpants hand washable incontinence underwear feature generous size meant fit easily absorbent bladder control underpants feature non irritating elastic bands waist legs comfortable use alternative plastic underpants rubber underwear incontinence shop vinyl incontinence products pack contains pair set 3 pairs waterproof underwear designed provide leak protection incontinence issues comfortably worn briefs adult diapers features non binding waist leg openings worn day nighttime set 3 pairs waterproof underwear designed provide leak protection incontinence issues comfortably worn briefs adult diapers features non binding waist leg openings worn day nighttime,"personal, care, incontinence, incontinence, fox, valley, traders, add, extra, layer, bladder, control, protection, underwear, clothing, wearing, pair, vinyl, incontinence, underpants, hand, washable, incontinence, underwear, feature, generous, size, meant, fit, easily, absorbent, bladder, control, underpants, feature, non, irritating, elastic, bands, waist, legs, comfortable, use, alternative, plastic, underpants, rubber, underwear, incontinence, shop, vinyl, incontinence, products, pack, contains, pair, set, 3, pairs, waterproof, underwear, designed, provide, leak, protection, incontinence, issues, comfortably, worn, briefs, adult, diapers, features, non, binding, waist, leg, openings, worn, day, nighttime, set, 3, pairs, waterproof, underwear, designed, provide, leak, protection, incontinence, issues, comfortably, worn, briefs, adult, diapers, features, non, binding, waist, leg, openings, worn, day, nighttime"
80.0,1.0,1.0,1,"premium, beauty, premium, bath, body, premium, sun, care, sunscreens",nature republic,nature republic real squeeze aloe vera peeling foot maskx2,872,https://i5.walmartimages.com/asr/6f223972-c1ec-481f-8da4-7ee82d27c333.72b7f9bdd8d71d564ba34e15049288cd.jpeg,,"premium, beauty, premium, bath, body, premium, sun, care, sunscreens, nature, republic,"
98.0,96.0,3.0,5,"beauty, makeup, face, makeup, face, makeup, brands, hard, candy, face, makeup",hard candy,hard candy just face it one step foundation porcelain 11 fl oz,884,https://i5.walmartimages.com/asr/bda5e3be-8e27-41cd-b3b9-9055be9ace6e_1.4feaa016d7a71990f22fcb091d368ba2.jpeg,perfect skin step hard candy face step foundation makeup maven need bottle functions primer concealer foundation dries powdery finish long wearing formula delivers beautifully smooth flawless look blendable buildable coverage minimizes pores regulates oil reduces appearance fine lines hard candy face step foundation perfect skin step formula long wearing,"beauty, makeup, face, makeup, face, makeup, brands, hard, candy, face, makeup, hard, candy, perfect, skin, step, hard, candy, face, step, foundation, makeup, maven, need, bottle, functions, primer, concealer, foundation, dries, powdery, finish, long, wearing, formula, delivers, beautifully, smooth, flawless, look, blendable, buildable, coverage, minimizes, pores, regulates, oil, reduces, appearance, fine, lines, hard, candy, face, step, foundation, perfect, skin, step, formula, long, wearing"
5.0,84.0,3.8,132,"personal, care, shaving, body, hair, removal, waxes, depilatory, cream",nair,nair hair remover moisturizing face cream with sweet almond oil 2oz,887,https://i5.walmartimages.com/asr/607d2b5a-de83-408f-a247-f162046ba792_1.939f32a494bd705023073e01495e1772.jpeg,exudes confidence natural beauty like face saying nair face cream 1 depilatory face cream gentle moisturizing removes facial hair skins surface plus gently exfoliates leaving skin smooth radiant thorough hair removal smooth radiant skin long lasting visible smoothness easy fast pain free 1 hair removal brand,"personal, care, shaving, body, hair, removal, waxes, depilatory, cream, nair, exudes, confidence, natural, beauty, like, face, saying, nair, face, cream, 1, depilatory, face, cream, gentle, moisturizing, removes, facial, hair, skins, surface, plus, gently, exfoliates, leaving, skin, smooth, radiant, thorough, hair, removal, smooth, radiant, skin, long, lasting, visible, smoothness, easy, fast, pain, free, 1, hair, removal, brand"
3.0,97.0,4.6,175,"beauty, skin, care, moisturizers, facial, moisturizers",olay,olay regenerist duo pack cleanser 50 fl oz moisturizer 17 oz,889,https://i5.walmartimages.com/asr/517ddd0a-37de-4e6b-b31b-e55ae0985925.90d859f8330d2bf6af42fca3ce95216a.jpeg,ready gift treat rejuvenating spa like treatment home duo pack invigorated anti aging powerhouses set olay regenerist detoxifying pore scrub cleanser olay regenerist micro sculpting cream help provide visible results brighter skin reduced appearance wrinkles starting day 1 anti aging face cleanser exfoliants deep cleans gently exfoliates dead skin cells spa like prep daily skincare skin immediately smooth refreshed micro sculpting cream completes treatment unique moisture binding formula amino peptide complex ii instantly plumps lifts skin cells advanced formula delivers anti aging ingredients 10 layers deep skins surface correct look deep wrinkles improve skins texture elasticity perfect way achieve fully hydrated ageless skin olay regenerist advanced anti aging cleanser moisturizer duo pack detoxify restore skin olay regenerist advanced anti aging duo pack anti aging benefits olay regenerist system convenient set size products deep clean detoxify reveal smooth skin olay regenerist detoxifying pore scrub cleanser charge olay regenerist micro sculpting face moisturizer cream visible wrinkle results day 1 luxurious skincare infused hyaluronic acid amino peptide complex ii niacinamide vitamin b3,"beauty, skin, care, moisturizers, facial, moisturizers, olay, ready, gift, treat, rejuvenating, spa, like, treatment, home, duo, pack, invigorated, anti, aging, powerhouses, set, olay, regenerist, detoxifying, pore, scrub, cleanser, olay, regenerist, micro, sculpting, cream, help, provide, visible, results, brighter, skin, reduced, appearance, wrinkles, starting, day, 1, anti, aging, face, cleanser, exfoliants, deep, cleans, gently, exfoliates, dead, skin, cells, spa, like, prep, daily, skincare, skin, immediately, smooth, refreshed, micro, sculpting, cream, completes, treatment, unique, moisture, binding, formula, amino, peptide, complex, ii, instantly, plumps, lifts, skin, cells, advanced, formula, delivers, anti, aging, ingredients, 10, layers, deep, skins, surface, correct, look, deep, wrinkles, improve, skins, texture, elasticity, perfect, way, achieve, fully, hydrated, ageless, skin, olay, regenerist, advanced, anti, aging, cleanser, moisturizer, duo, pack, detoxify, restore, skin, olay, regenerist, advanced, anti, aging, duo, pack, anti, aging, benefits, olay, regenerist, system, convenient, set, size, products, deep, clean, detoxify, reveal, smooth, skin, olay, regenerist, detoxifying, pore, scrub, cleanser, charge, olay, regenerist, micro, sculpting, face, moisturizer, cream, visible, wrinkle, results, day, 1, luxurious, skincare, infused, hyaluronic, acid, amino, peptide, complex, ii, niacinamide, vitamin, b3"
4.0,62.0,5.0,2,"personal, care, feminine, care, feminine, care",unknown,5 pcsset bamboo charcoal heavy flow menstrual sanitary pads set reusable cloth feminine menstrual pads  1 pc washable wet bag,904,https://i5.walmartimages.com/asr/03d7e80a-2389-4575-be18-ed027e1c7ebb_1.f23580eeeae40abdf8b6aadedd1f51ab.jpeg,package included 5 x menstrual panty random 1 x bag condition brand new item type sanitary pad material cotton bamboo charcoal fiber ultrafine fiber size x color multi randomly optional type black bamboo charcoal red bamboo charcoal white bamboo charcoal features washable reusable cost effective practical quality soft absorbent micro fiber stay dry feel soft fabric outer layer comfortable skin disposable pads middle layer adopt microfiber reusable sanitary pad super absorbent inner layer skin adopt bamboo charcoal fiber soak liquid neutralize smells comes wings snap design better fasten pads underwear security feel embarrassing sanitary pad reduce number womens gynecological diseases let comfortable physiological experience notes package included 5 x menstrual panty random 1 x bag washable reusable cost effective practical optional type black bamboo charcoal red bamboo charcoal white bamboo charcoal,"personal, care, feminine, care, feminine, care, , package, included, 5, x, menstrual, panty, random, 1, x, bag, condition, brand, new, item, type, sanitary, pad, material, cotton, bamboo, charcoal, fiber, ultrafine, fiber, size, x, color, multi, randomly, optional, type, black, bamboo, charcoal, red, bamboo, charcoal, white, bamboo, charcoal, features, washable, reusable, cost, effective, practical, quality, soft, absorbent, micro, fiber, stay, dry, feel, soft, fabric, outer, layer, comfortable, skin, disposable, pads, middle, layer, adopt, microfiber, reusable, sanitary, pad, super, absorbent, inner, layer, skin, adopt, bamboo, charcoal, fiber, soak, liquid, neutralize, smells, comes, wings, snap, design, better, fasten, pads, underwear, security, feel, embarrassing, sanitary, pad, reduce, number, womens, gynecological, diseases, let, comfortable, physiological, experience, notes, package, included, 5, x, menstrual, panty, random, 1, x, bag, washable, reusable, cost, effective, practical, optional, type, black, bamboo, charcoal, red, bamboo, charcoal, white, bamboo, charcoal"
1.0,56.0,4.5,54,"household, essentials, air, fresheners, spray, air, fresheners, trigger, spray, trigger, spray",good air,yankee candle co 15oz goodair room spray 1348276,923,https://i5.walmartimages.com/asr/f5d6bd7a-a8f8-4c10-a61a-4cad4d5740c2_1.f4285774882b188f71791ad77e37db0d.jpeg,freshen air yankee candle room spray oz goodair 1348276 contains odor eliminating compounds delivers consistent concentrated fragrance yankee air freshener spray ideal use home car rv office lockers diaper pails pet areas bathrooms closets works fast remove odors leaves fresh scent yankee candle co oz good air room spray 1348276 contains odor eliminating neutralizing compounds fill room scent 4 hours instant acting spray immediate freshness size oz fragrance plain clean container type aerosol package quantity 1 package type press deliver metered consistent concentrated fragrance time good air concentrated spray air freshener removes strong odors,"household, essentials, air, fresheners, spray, air, fresheners, trigger, spray, trigger, spray, good, air, freshen, air, yankee, candle, room, spray, oz, goodair, 1348276, contains, odor, eliminating, compounds, delivers, consistent, concentrated, fragrance, yankee, air, freshener, spray, ideal, use, home, car, rv, office, lockers, diaper, pails, pet, areas, bathrooms, closets, works, fast, remove, odors, leaves, fresh, scent, yankee, candle, co, oz, good, air, room, spray, 1348276, contains, odor, eliminating, neutralizing, compounds, fill, room, scent, 4, hours, instant, acting, spray, immediate, freshness, size, oz, fragrance, plain, clean, container, type, aerosol, package, quantity, 1, package, type, press, deliver, metered, consistent, concentrated, fragrance, time, good, air, concentrated, spray, air, freshener, removes, strong, odors"
19.0,9.0,4.1,445,"beauty, beauty, brands, covergirl, covergirl, lipstick",covergirl,covergirl outlast allday custom reds lip color 860 unique burgundy 013 oz,948,https://i5.walmartimages.com/asr/a77513a2-3dc9-4a51-8544-943a5ca81500_1.6ad73110d39d2cfa888c62b74f026ba5.jpeg,need long wear lip color lasts advanced formula lip color topcoat boasts resilient brilliant coverage color shine gives 24 hours color stays true best 2 steps outlasts long lasting lipstick color topcoat kiss proof food proof transfer resistant color lip stick lasts 24 hours provides instant moisture long wear lip color lasts advanced formula lip color topcoat boasts resilient brilliant coverage color shine gives 24 hours color stays true best 2 steps outlasts long lasting lip color topcoat kiss proof food proof transfer resistant color lasts 24 hours provides instant moisture lip,"beauty, beauty, brands, covergirl, covergirl, lipstick, covergirl, need, long, wear, lip, color, lasts, advanced, formula, lip, color, topcoat, boasts, resilient, brilliant, coverage, color, shine, gives, 24, hours, color, stays, true, best, 2, steps, outlasts, long, lasting, lipstick, color, topcoat, kiss, proof, food, proof, transfer, resistant, color, lip, stick, lasts, 24, hours, provides, instant, moisture, long, wear, lip, color, lasts, advanced, formula, lip, color, topcoat, boasts, resilient, brilliant, coverage, color, shine, gives, 24, hours, color, stays, true, best, 2, steps, outlasts, long, lasting, lip, color, topcoat, kiss, proof, food, proof, transfer, resistant, color, lasts, 24, hours, provides, instant, moisture, lip"
63.0,55.0,4.7,7,"health, aromatherapy, essential, oils, essential, oils",homedics,homedics lavender essential oil 15 ml armheo15lavwm,975,https://i5.walmartimages.com/asr/058c56c0-6fbd-4632-b5d1-d96b72c84c85_1.1bac60e63029d6ac28307916df799982.jpeg,100 pure lavender lavandula angustifolia essential oil calming soothing relaxing comforting herbaceous perfect diffusers topically carrier oil premium dark violet bottle child safe cap suggested use place 5 7 drops diffuser topical use dilute carrier oil sealed premium dark violet glass bottle protect essential oils precious qualities includes childproof cap safety bottled usa lavender 100 pure essential oil calming soothing relaxing making great use bedtime comforting scent wonderful diffusing applied topically blended carrier oil lavender classic staple essential oil enthusiasts collection addition blends essential oils like peppermint sage relax relaxing lavender perfect diffuse bedtime mix try blending lavender essential oils like peppermint,"health, aromatherapy, essential, oils, essential, oils, homedics, 100, pure, lavender, lavandula, angustifolia, essential, oil, calming, soothing, relaxing, comforting, herbaceous, perfect, diffusers, topically, carrier, oil, premium, dark, violet, bottle, child, safe, cap, suggested, use, place, 5, 7, drops, diffuser, topical, use, dilute, carrier, oil, sealed, premium, dark, violet, glass, bottle, protect, essential, oils, precious, qualities, includes, childproof, cap, safety, bottled, usa, lavender, 100, pure, essential, oil, calming, soothing, relaxing, making, great, use, bedtime, comforting, scent, wonderful, diffusing, applied, topically, blended, carrier, oil, lavender, classic, staple, essential, oil, enthusiasts, collection, addition, blends, essential, oils, like, peppermint, sage, relax, relaxing, lavender, perfect, diffuse, bedtime, mix, try, blending, lavender, essential, oils, like, peppermint"
2.0,71.0,4.3,141,"beauty, makeup, eye",elf,elf beautifully bare cheeky glow soft rose,801,https://i5.walmartimages.com/asr/24bb0557-8650-4d6a-8f84-00ea2b3504a2_1.7c5067755c7f10f5fede91e2c58f24f3.jpeg,beautifully bare cheeky glow weightless cream powder blush creates fresh natural glow nourishing argan oil vitamin e infused formula lip tint eyeshadow proud cruelty free worldwide kindness chic cream powder blush creates natural glow infused argan oil vitamin e 100 vegan cruelty free,"beauty, makeup, eye, elf, beautifully, bare, cheeky, glow, weightless, cream, powder, blush, creates, fresh, natural, glow, nourishing, argan, oil, vitamin, e, infused, formula, lip, tint, eyeshadow, proud, cruelty, free, worldwide, kindness, chic, cream, powder, blush, creates, natural, glow, infused, argan, oil, vitamin, e, 100, vegan, cruelty, free"
99.0,96.0,4.2,10,"home, improvement, safety, equipment, gear",odor eaters,odor eaters ultra durable odor wetness insoles 1 pair,802,https://i5.walmartimages.com/asr/c2a22fce-989d-4053-af63-8cd0801aa896_1.92085d8e8dfb584a15064327aedbdc74.jpeg,odor eaters ultra durable insoles heavy duty cushioning destroy foot odor super activated charcoal baking soda zinc oxide powerful odor blockers insoles draw perspiration feet stay drier feel comfortable ultra durables heavy duty extra sturdy construction designed longer wear outstanding cushioning hard working feet product size trim fit destroys odor super activated charcoal baking soda zinc oxide powerful odor blockers controls wetness draws perspiration feet stay drier feel comfortable durable heavy duty construction longer wear outstanding cushioning day effectiveness size trim fit,"home, improvement, safety, equipment, gear, odor, eaters, odor, eaters, ultra, durable, insoles, heavy, duty, cushioning, destroy, foot, odor, super, activated, charcoal, baking, soda, zinc, oxide, powerful, odor, blockers, insoles, draw, perspiration, feet, stay, drier, feel, comfortable, ultra, durables, heavy, duty, extra, sturdy, construction, designed, longer, wear, outstanding, cushioning, hard, working, feet, product, size, trim, fit, destroys, odor, super, activated, charcoal, baking, soda, zinc, oxide, powerful, odor, blockers, controls, wetness, draws, perspiration, feet, stay, drier, feel, comfortable, durable, heavy, duty, construction, longer, wear, outstanding, cushioning, day, effectiveness, size, trim, fit"
97.0,8.0,4.4,17,"health, vitamins, supplements, energy, support, supplements, b, complex, vitamins",sundown naturals,sundown naturals vitamin b12 complex sublingual liquid 2 ounces,816,https://i5.walmartimages.com/asr/ea2ee7cc-24a5-425d-9d01-5f6c2c2a5e72_1.cc8931834dd94384c6c9f2ccda8300af.jpeg,sundown naturals sublingual liquid b complex natural flavors tastes great nt easier simply hold tongue dissolve swallow fast acting support easy tasty way help body convert food energy feel great day ahead sublingual liquid b complex helps support nervous system health sundown naturals vitamin complex sublingual liquid 2 ounces easy tasty way help body convert food energy dropperful supplies excellent source b vitamins supports nervous system health non gmo certified gluten free statements evaluated food drug administration product intended diagnose treat cure prevent disease,"health, vitamins, supplements, energy, support, supplements, b, complex, vitamins, sundown, naturals, sundown, naturals, sublingual, liquid, b, complex, natural, flavors, tastes, great, nt, easier, simply, hold, tongue, dissolve, swallow, fast, acting, support, easy, tasty, way, help, body, convert, food, energy, feel, great, day, ahead, sublingual, liquid, b, complex, helps, support, nervous, system, health, sundown, naturals, vitamin, complex, sublingual, liquid, 2, ounces, easy, tasty, way, help, body, convert, food, energy, dropperful, supplies, excellent, source, b, vitamins, supports, nervous, system, health, non, gmo, certified, gluten, free, statements, evaluated, food, drug, administration, product, intended, diagnose, treat, cure, prevent, disease"
2.0,40.0,4.7,407,"personal, care, bath, body, body, lotions, creams",lubriderm,lubriderm daily moisture body lotion for sensitive skin 16 fl oz,820,https://i5.walmartimages.com/asr/4216c3d2-cb40-431d-97f0-5d40bb9486e5.78056a6a30449682491b9bffca4a77f9.jpeg,lubriderm daily moisture lotion sensitive skin specially formulated hydrate sensitive skin dermatologist developed brand daily body lotion clinically shown moisturize skin 24 hours sensitive skin feels comfortable day lotion unscented enriched vitamin b5 skin essential moisturizers naturally found healthy skin help improve skins moisture barrier non greasy formula fragrance free contains dyes lanolin 16 fl oz pump bottle lubriderm daily moisture body lotion sensitive skin helps hydrate sensitive skin body lotion clinically shown moisturize skin 24 hours enriched vitamin b5 skin essential moisturizers naturally found healthy skin helps improve skins moisture barrier specially developed sensitive skin feels comfortable day non greasy lotion unscented free dyes lanolin lubriderm dermatologist developed brand,"personal, care, bath, body, body, lotions, creams, lubriderm, lubriderm, daily, moisture, lotion, sensitive, skin, specially, formulated, hydrate, sensitive, skin, dermatologist, developed, brand, daily, body, lotion, clinically, shown, moisturize, skin, 24, hours, sensitive, skin, feels, comfortable, day, lotion, unscented, enriched, vitamin, b5, skin, essential, moisturizers, naturally, found, healthy, skin, help, improve, skins, moisture, barrier, non, greasy, formula, fragrance, free, contains, dyes, lanolin, 16, fl, oz, pump, bottle, lubriderm, daily, moisture, body, lotion, sensitive, skin, helps, hydrate, sensitive, skin, body, lotion, clinically, shown, moisturize, skin, 24, hours, enriched, vitamin, b5, skin, essential, moisturizers, naturally, found, healthy, skin, helps, improve, skins, moisture, barrier, specially, developed, sensitive, skin, feels, comfortable, day, non, greasy, lotion, unscented, free, dyes, lanolin, lubriderm, dermatologist, developed, brand"
33.0,12.0,5.0,2,"personal, care, bath, body, body, lotions, creams",alaffia,alaffia body lotion vanilla 32 oz,830,https://i5.walmartimages.com/asr/2988c323-cb6f-4a45-9bd7-9029d981630c_1.d65b6410f1b5a72233cdab07e25e153b.jpeg,alaffia skin care formulated balance science tradition holistically benefit skin communities environment everyday shea vanilla body lotion prepared fair trade shea butter calming lemongrass antioxidant rich shea leaf soothing pure vanilla body lotion vanilla 32 oz,"personal, care, bath, body, body, lotions, creams, alaffia, alaffia, skin, care, formulated, balance, science, tradition, holistically, benefit, skin, communities, environment, everyday, shea, vanilla, body, lotion, prepared, fair, trade, shea, butter, calming, lemongrass, antioxidant, rich, shea, leaf, soothing, pure, vanilla, body, lotion, vanilla, 32, oz"
73.0,83.0,4.0,2,"premium, beauty, premium, makeup, premium, face, premium, foundation",dermacol,dermacol makeup cover full coverage foundation  100 original guaranteed,849,https://i5.walmartimages.com/asr/930f172e-f886-469a-a42f-b5495d6387bb_1.be46685582a00a5755a311445edc1fc2.jpeg,,"premium, beauty, premium, makeup, premium, face, premium, foundation, dermacol,"
1.0,55.0,1.8,5,"premium, beauty, premium, facial, skincare, premium, eye, cream, treatments",elizabeth arden,elizabeth arden ceramide capsules daily youth restoring eye serum 60 ct,875,https://i5.walmartimages.com/asr/ae5a5f74-d8b9-4af4-bd67-89c74cac9e3c_1.608bd130136e3c07748291a697345d13.png,,"premium, beauty, premium, facial, skincare, premium, eye, cream, treatments, elizabeth, arden,"
94.0,61.0,5.0,1,"beauty, skin, care, facial, cleansers, facial, wipes",olay,olay wet cleansing cloths sensitive skin 30 ea pack of 2,887,https://i5.walmartimages.com/asr/f6fd390f-7fc6-4fb1-ac04-7a16e044a0f9_1.fd5b010c26046c6d2e4f0143f69bc7c2.jpeg,free shipping pack 2 pack 2 upc 075609041211 heading manufacturer p g beauty,"beauty, skin, care, facial, cleansers, facial, wipes, olay, free, shipping, pack, 2, pack, 2, upc, 075609041211, heading, manufacturer, p, g, beauty"
89.0,52.0,4.1,38,"beauty, beauty, brands, makeup",paris,loreal colour riche lipstick 183 pink vinyl,888,https://i5.walmartimages.com/asr/43ed681e-d913-4750-9d73-57a70be64be7_1.3721ecb8921886e3741db604ce6b2aa5.jpeg,183 pink vinyllp generic loreal paris colou,"beauty, beauty, brands, makeup, paris, 183, pink, vinyllp, generic, loreal, paris, colou"
1.0,70.0,5.0,2,"personal, care, bath, body, body, lotions, creams",medline,remedy olivamine dimethicone skin protectant  msc094514,907,https://i5.walmartimages.com/asr/22ead7ad-6d23-4b51-b524-bbd146f965ed_1.57895074b817955e3018d6714a7bf229.jpeg,remedy dimethicone skin protectant provides breathable barrier protects moisture helps treat effects associated diaper rash protects helps relieve chapped cracked skin medline remedy olivamine dimethicone skin protectant 4 oz offers breathable protection protects chapped cracked skin helps relieve itching protects moisture treats effects diaper rash non cytotoxic non sensitizing non allergenic non irritating dermatologist tested,"personal, care, bath, body, body, lotions, creams, medline, remedy, dimethicone, skin, protectant, provides, breathable, barrier, protects, moisture, helps, treat, effects, associated, diaper, rash, protects, helps, relieve, chapped, cracked, skin, medline, remedy, olivamine, dimethicone, skin, protectant, 4, oz, offers, breathable, protection, protects, chapped, cracked, skin, helps, relieve, itching, protects, moisture, treats, effects, diaper, rash, non, cytotoxic, non, sensitizing, non, allergenic, non, irritating, dermatologist, tested"
67.0,7.0,3.5,87,"beauty, makeup, nails",maybelline,maybelline color show nail lacquer rose rapture,908,https://i5.walmartimages.com/asr/59907b68-5216-42f9-ae4a-0182cf5d5624_1.d14e7f500fc86cd58ae0ef4837c66788.jpeg,best results apply clear base coat prevent nails yellowing help nail color longer sweep paint line nail polish center nail starting base tip cleanest look sure leave small space base nail apply nail color rest nail nail lacquer rose rapture 105 usa,"beauty, makeup, nails, maybelline, best, results, apply, clear, base, coat, prevent, nails, yellowing, help, nail, color, longer, sweep, paint, line, nail, polish, center, nail, starting, base, tip, cleanest, look, sure, leave, small, space, base, nail, apply, nail, color, rest, nail, nail, lacquer, rose, rapture, 105, usa"
13.0,6.0,5.0,1,"personal, care, incontinence, incontinence, underwear",livdry,livdry adult xl incontinence underwear ultimate comfort absorbency leak protection xlarge 48pack,936,https://i5.walmartimages.com/asr/2d8b326b-5ada-4f3c-93b7-c8190189736f_1.e26c3dadf6178306c8636d66b114fb23.jpeg,dear customers caregivers thank interest inlivdry easy find good adult incontinence product fits person care feel responsibility choose good especially taking care loved case read better choice person care easy pick product brand result series uncomfortable experiences person uses day addition poor quality product requires lot attention leakages changes clean ups associated product livdry offers highest protection leakage comfortable fit superior absorbency comes cost effectiveness incontinence products wrong pick cheap product requires lot changes results consuming pieces day better quality product requires change clean ups creates waste required spend lot time money high quality incontinence product poor quality products like try product livdry wise decision product selection caring people care loved ones sincerely livdry product development team cases important features incontinence products leak protection comfortable fit absorbency try new livdry incontinence products offer highest protection leakage superior absorbency comfortable fit mess stress incontinence products perfect individuals looking best overall fit loved ones looking aging family members adult caregivers assisted living facilities livdry offers wide variations size absorbency levels sizes xs s m l xl xxl absorbency types regular day overnight higher absorption ultimate ultimate absorption livdry comes discrete boxes livdry products leakage barrier cuffs proudly manufactured adult protective livdry offers overnight protective underwear women men youth need experiencing bladder leaks loss control super absorbent incontinence products available sizes small xxlarge designed maximum comfort ultimate protection mind count items case varies according size ordered incontinence times life bodies need little extra care consideration need incontinence underwear live active life desire wearing protection underwear youth adults aging surgery childbirth experience loss bladder control eliminate leaks added convenience disposable underwear leakage barrier designed protective underwear women men youth extra absorbency power special leakage barrier cuff gathered bands guard leaks embarrassing accidents cut changing extra clothes washing endless sheets livdry underpants work like adult pull ups men women better super absorbent adult livdry protective underwear men women absorbent need use bed pads use livdry urinary incontinence products women men time disposable underwear trust adult underpants protection comfort super absorbent gel core quickly locks fluid away helps eliminate odors keeps feeling dry extra soft soft latex free cloth like material features stretch panels contour body customized fit tear away sides allow easy removal colored stitching identifies offer types adult incontinence relief products overnight long lasting absorption regular daytime use ultimate maximum absorption,"personal, care, incontinence, incontinence, underwear, livdry, dear, customers, caregivers, thank, interest, inlivdry, easy, find, good, adult, incontinence, product, fits, person, care, feel, responsibility, choose, good, especially, taking, care, loved, case, read, better, choice, person, care, easy, pick, product, brand, result, series, uncomfortable, experiences, person, uses, day, addition, poor, quality, product, requires, lot, attention, leakages, changes, clean, ups, associated, product, livdry, offers, highest, protection, leakage, comfortable, fit, superior, absorbency, comes, cost, effectiveness, incontinence, products, wrong, pick, cheap, product, requires, lot, changes, results, consuming, pieces, day, better, quality, product, requires, change, clean, ups, creates, waste, required, spend, lot, time, money, high, quality, incontinence, product, poor, quality, products, like, try, product, livdry, wise, decision, product, selection, caring, people, care, loved, ones, sincerely, livdry, product, development, team, cases, important, features, incontinence, products, leak, protection, comfortable, fit, absorbency, try, new, livdry, incontinence, products, offer, highest, protection, leakage, superior, absorbency, comfortable, fit, mess, stress, incontinence, products, perfect, individuals, looking, best, overall, fit, loved, ones, looking, aging, family, members, adult, caregivers, assisted, living, facilities, livdry, offers, wide, variations, size, absorbency, levels, sizes, xs, s, m, l, xl, xxl, absorbency, types, regular, day, overnight, higher, absorption, ultimate, ultimate, absorption, livdry, comes, discrete, boxes, livdry, products, leakage, barrier, cuffs, proudly, manufactured, adult, protective, livdry, offers, overnight, protective, underwear, women, men, youth, need, experiencing, bladder, leaks, loss, control, super, absorbent, incontinence, products, available, sizes, small, xxlarge, designed, maximum, comfort, ultimate, protection, mind, count, items, case, varies, according, size, ordered, incontinence, times, life, bodies, need, little, extra, care, consideration, need, incontinence, underwear, live, active, life, desire, wearing, protection, underwear, youth, adults, aging, surgery, childbirth, experience, loss, bladder, control, eliminate, leaks, added, convenience, disposable, underwear, leakage, barrier, designed, protective, underwear, women, men, youth, extra, absorbency, power, special, leakage, barrier, cuff, gathered, bands, guard, leaks, embarrassing, accidents, cut, changing, extra, clothes, washing, endless, sheets, livdry, underpants, work, like, adult, pull, ups, men, women, better, super, absorbent, adult, livdry, protective, underwear, men, women, absorbent, need, use, bed, pads, use, livdry, urinary, incontinence, products, women, men, time, disposable, underwear, trust, adult, underpants, protection, comfort, super, absorbent, gel, core, quickly, locks, fluid, away, helps, eliminate, odors, keeps, feeling, dry, extra, soft, soft, latex, free, cloth, like, material, features, stretch, panels, contour, body, customized, fit, tear, away, sides, allow, easy, removal, colored, stitching, identifies, offer, types, adult, incontinence, relief, products, overnight, long, lasting, absorption, regular, daytime, use, ultimate, maximum, absorption"
2.0,7.0,4.0,5,"personal, care, bath, body, body, wash, shower, gel",dial,dial body wash spring water 21 ounce pack of 4,942,https://i5.walmartimages.com/asr/b8235f16-c430-4cae-858b-6404e41cf0c6.38521c29680748ec79e5b6abbfb3db41.jpeg,brace crystal clear body wash infused freshness brisk scent feather light moisturizers leaves skin feeling healthy rejuvenated dial brand body wash formulated wash away bacteria keeping feeling fresh clean day brisk clean scent fresh spring beautifully soft moisturizers advanced formula keeps skin feeling clean healthy hydrated hydrating body wash awaken senses wash nature inspired refreshing scent spring water moisture balance technology moisturizing clean rinsing rich lather leaves skin feeling nourished silky clean rinsing formulas developed rinse clean leaving skin feeling hydrated filmy residue washes away bacteria dial body wash good everyday washing formulated wash away bacteria keeping feeling fresh clean entire family bundle includes 4 bottles 21 fluid ounces body wash total 84 ounces great women men,"personal, care, bath, body, body, wash, shower, gel, dial, brace, crystal, clear, body, wash, infused, freshness, brisk, scent, feather, light, moisturizers, leaves, skin, feeling, healthy, rejuvenated, dial, brand, body, wash, formulated, wash, away, bacteria, keeping, feeling, fresh, clean, day, brisk, clean, scent, fresh, spring, beautifully, soft, moisturizers, advanced, formula, keeps, skin, feeling, clean, healthy, hydrated, hydrating, body, wash, awaken, senses, wash, nature, inspired, refreshing, scent, spring, water, moisture, balance, technology, moisturizing, clean, rinsing, rich, lather, leaves, skin, feeling, nourished, silky, clean, rinsing, formulas, developed, rinse, clean, leaving, skin, feeling, hydrated, filmy, residue, washes, away, bacteria, dial, body, wash, good, everyday, washing, formulated, wash, away, bacteria, keeping, feeling, fresh, clean, entire, family, bundle, includes, 4, bottles, 21, fluid, ounces, body, wash, total, 84, ounces, great, women, men"
81.0,2.0,4.4,22,"personal, care, bath, body, body, wash, shower, gel",dr teal,dr teals sea kelp body wash 24 floz,951,https://i5.walmartimages.com/asr/5e5fc210-9130-4c2a-8d48-5d773ccbbc43_1.8814ffdb77995f7c100683fa38b38d9a.jpeg,dr ultra moisturizing body wash hydrates conditions skin restoring original softness aloe vera shea butter vitamin e moisturize pure epsom salt magnesium sulfate usp helps revitalize tired achy muscles nutrient rich sea kelp helps purify hydrate uplifting lemongrass orange essential oils soothe senses,"personal, care, bath, body, body, wash, shower, gel, dr, teal, dr, ultra, moisturizing, body, wash, hydrates, conditions, skin, restoring, original, softness, aloe, vera, shea, butter, vitamin, e, moisturize, pure, epsom, salt, magnesium, sulfate, usp, helps, revitalize, tired, achy, muscles, nutrient, rich, sea, kelp, helps, purify, hydrate, uplifting, lemongrass, orange, essential, oils, soothe, senses"
82.0,81.0,4.4,107,"seasonal, clean, living, shop, personal, care, clean, living, shop, clean, living, bath, body, clean, living, deodorants, antiperspirants",tom maine,toms of maine natural long lasting womens deodorant beautiful earth 225 oz  pack of 2,975,https://i5.walmartimages.com/asr/12b99a81-1849-461b-8317-e9f40eb7f272_1.2450fe8c358439c7c276054700e2288e.jpeg,pack 2 upc 077326665251 heading naturally works purpose deodorant manufacturer tom maine active ingredients propanediol 100 vegetable derived water glycerin sodium stearate organic aloe barbadensis leaf juice zinc ricinoleate glyceryl laurate natural fragrance humulus lupulus hops co2 extract tocopheryl acetate vitamin e acetate organic helianthus annuus sunflower seed oil ascorbic acid directions store room temperature uses confidently fresh day odor fighting hops odor trapping zinc salts 100 natural fragrance conditioning vitamin soothing aloe animal testing animal ingredients artificial colors flavors fragrance preservatives aluminum pg free,"seasonal, clean, living, shop, personal, care, clean, living, shop, clean, living, bath, body, clean, living, deodorants, antiperspirants, tom, maine, pack, 2, upc, 077326665251, heading, naturally, works, purpose, deodorant, manufacturer, tom, maine, active, ingredients, propanediol, 100, vegetable, derived, water, glycerin, sodium, stearate, organic, aloe, barbadensis, leaf, juice, zinc, ricinoleate, glyceryl, laurate, natural, fragrance, humulus, lupulus, hops, co2, extract, tocopheryl, acetate, vitamin, e, acetate, organic, helianthus, annuus, sunflower, seed, oil, ascorbic, acid, directions, store, room, temperature, uses, confidently, fresh, day, odor, fighting, hops, odor, trapping, zinc, salts, 100, natural, fragrance, conditioning, vitamin, soothing, aloe, animal, testing, animal, ingredients, artificial, colors, flavors, fragrance, preservatives, aluminum, pg, free"
47.0,3.0,3.5,2,"personal, care, shaving, women, shaving",gliving,gliving facial hair remover replacement blade heads for electrical shaver 18k gold plated replacement heads count 5,999,https://i5.walmartimages.com/asr/f18428a8-729b-4cf0-9e38-2e04801023b5_1.54e6a1aa6ca2d7def1a0fa0e7136b8e8.jpeg,1 18k gold plated replacement head hair remover 2 order contains 4 hypoallergenic replacement heads 1 cleansing brush 3 360 degrees dead ends small discreet like original removes facial hair smoother 4 recommended replace hair remover replacement heads 2 5 months optimal performance facial hair remover replacement heads hair remover 18k rose gold plated rose gold,"personal, care, shaving, women, shaving, gliving, 1, 18k, gold, plated, replacement, head, hair, remover, 2, order, contains, 4, hypoallergenic, replacement, heads, 1, cleansing, brush, 3, 360, degrees, dead, ends, small, discreet, like, original, removes, facial, hair, smoother, 4, recommended, replace, hair, remover, replacement, heads, 2, 5, months, optimal, performance, facial, hair, remover, replacement, heads, hair, remover, 18k, rose, gold, plated, rose, gold"
2.0,16.0,4.6,455,"household, essentials, cleaning, supplies, dishwashing, dish, soap",palmolive,palmolive ultra liquid dish soap antibacterial  10 fluid ounce,326,https://i5.walmartimages.com/asr/ce3e2656-84fc-46c9-803f-b6fda9786892_1.acfaea47e88fe08edd3c02e8643cc867.png,ultra palmolive antibacterial dish liquid approved kill 99 coli salmonella staph salmonella enterica coli 0157 h7 staph auresus dishes 30 seconds directed allowing wash away baked grease giving peace mind dishes clean palmolive ultra liquid dish soap antibacterial 10 fluid ounce kills coli salmonella staph dishes enteric coli 157 h7 staph aureus dishes 30 seconds directed powerful grease cleaning agents break tough baked grease concentrated dish liquid formula phosphate free kosher,"household, essentials, cleaning, supplies, dishwashing, dish, soap, palmolive, ultra, palmolive, antibacterial, dish, liquid, approved, kill, 99, coli, salmonella, staph, salmonella, enterica, coli, 0157, h7, staph, auresus, dishes, 30, seconds, directed, allowing, wash, away, baked, grease, giving, peace, mind, dishes, clean, palmolive, ultra, liquid, dish, soap, antibacterial, 10, fluid, ounce, kills, coli, salmonella, staph, dishes, enteric, coli, 157, h7, staph, aureus, dishes, 30, seconds, directed, powerful, grease, cleaning, agents, break, tough, baked, grease, concentrated, dish, liquid, formula, phosphate, free, kosher"
67.0,8.0,4.6,96,"beauty, hair, care, shampoo, pantene, shampoo",pantene,pantene nutrient blends shampoo damage repair 96 oz,336,https://i5.walmartimages.com/asr/74e506f4-8667-4ae5-9177-eb7ba25873ef_1.7241e3c80bf82d8a9b277d1bb5345e9f.jpeg,hair lot day feel damaged lifeless pantene nutrientblends fortifying damage repair shampoo intensely strengthens hair leaving resilient hair feel shampoo damaged hair restorative protective trust hair enjoy uplifting fragrance rich lather nutrient infused sulfate free castor oil hair care blend pro vitamin b5 antioxidants plus gentle permed color treated hair pantene nutrient blends fortifying damage repair shampoo sulfate free fl oz fortifying shampoo designed help strengthen protect repair damaged overworked hair strengthens protect healthy resilient hair restorative shampoo free sulfates parabens dyes mineral oil hair care formulated castor oil seeds ricinus communis plant color safe formula safe chemically treated hair,"beauty, hair, care, shampoo, pantene, shampoo, pantene, hair, lot, day, feel, damaged, lifeless, pantene, nutrientblends, fortifying, damage, repair, shampoo, intensely, strengthens, hair, leaving, resilient, hair, feel, shampoo, damaged, hair, restorative, protective, trust, hair, enjoy, uplifting, fragrance, rich, lather, nutrient, infused, sulfate, free, castor, oil, hair, care, blend, pro, vitamin, b5, antioxidants, plus, gentle, permed, color, treated, hair, pantene, nutrient, blends, fortifying, damage, repair, shampoo, sulfate, free, fl, oz, fortifying, shampoo, designed, help, strengthen, protect, repair, damaged, overworked, hair, strengthens, protect, healthy, resilient, hair, restorative, shampoo, free, sulfates, parabens, dyes, mineral, oil, hair, care, formulated, castor, oil, seeds, ricinus, communis, plant, color, safe, formula, safe, chemically, treated, hair"
6.0,97.0,4.6,2881,"personal, care, deodorants, antiperspirants",secret,secret clinical strength antiperspirant deodorant soft solid waterproof 16 oz,347,https://i5.walmartimages.com/asr/c8d1d9cd-ac21-4c8d-9b8a-78eed3b9a2c6_1.0206e23a75c9973a1cb1ad70dc08ec75.jpeg,let sweat know heat activity stress cause sweat stress sweat smells worst s stress sweat comes different gland causing bacteria odor s secret clinical strength clinically stress tested fomulated 4x stress sweat protection help stop sweat odor start secret clinical strength 2x better sweat protection giving clinically proven prescription strength protection secret clinical strength soft solid formulated skin soothing conditioners minimize irritation soothe dry tender underam skin waterproof scent delivers revitalizing aroma day long secret clinical strength offers wetness protection prescription strength product irritation making perfect everyday use secret clinical strength soft solid superior protection stressful days protection required ordinary antiperspirant secret clinical strength antiperspirant deodorant soft solid waterproof oz clinical strength gives 2x better sweat protection protection required ordinary antiperspirant sweat odor match clinical strength 48 hours prescription strength odor control wetness protection soothe protect underarms secret clinical strength soft solid formulated skin soothing conditioners minimize irritation soothe dry tender underarm skin stress sweat check 4x stress sweat protection protection required ordinary antiperspirant secret clinical strength 1 selling clinical antiperspirant brand enjoy reliable protection revitalizing aroma waterproof scent secret clinical strength soft solid antiperspirant deodorant waterproof scent,"personal, care, deodorants, antiperspirants, secret, let, sweat, know, heat, activity, stress, cause, sweat, stress, sweat, smells, worst, s, stress, sweat, comes, different, gland, causing, bacteria, odor, s, secret, clinical, strength, clinically, stress, tested, fomulated, 4x, stress, sweat, protection, help, stop, sweat, odor, start, secret, clinical, strength, 2x, better, sweat, protection, giving, clinically, proven, prescription, strength, protection, secret, clinical, strength, soft, solid, formulated, skin, soothing, conditioners, minimize, irritation, soothe, dry, tender, underam, skin, waterproof, scent, delivers, revitalizing, aroma, day, long, secret, clinical, strength, offers, wetness, protection, prescription, strength, product, irritation, making, perfect, everyday, use, secret, clinical, strength, soft, solid, superior, protection, stressful, days, protection, required, ordinary, antiperspirant, secret, clinical, strength, antiperspirant, deodorant, soft, solid, waterproof, oz, clinical, strength, gives, 2x, better, sweat, protection, protection, required, ordinary, antiperspirant, sweat, odor, match, clinical, strength, 48, hours, prescription, strength, odor, control, wetness, protection, soothe, protect, underarms, secret, clinical, strength, soft, solid, formulated, skin, soothing, conditioners, minimize, irritation, soothe, dry, tender, underarm, skin, stress, sweat, check, 4x, stress, sweat, protection, protection, required, ordinary, antiperspirant, secret, clinical, strength, 1, selling, clinical, antiperspirant, brand, enjoy, reliable, protection, revitalizing, aroma, waterproof, scent, secret, clinical, strength, soft, solid, antiperspirant, deodorant, waterproof, scent"
5.0,21.0,3.0,33,"beauty, makeup, nails",reddonut,sally hansen fuzzy coat textured nail color polish choose ur color  300 peach fuzz,349,https://i5.walmartimages.com/asr/cc58d91f-8fec-4670-b29d-b2a51f8177cc_1.03b7dda7301122c51eb976ecdc9deb37.jpeg,sally hansen fuzzy coat textured nail color polish choose ur color 300 peach fuzzsally hansen fuzzy coat textured nail color polish choose ur color 300 peach fuzz,"beauty, makeup, nails, reddonut, sally, hansen, fuzzy, coat, textured, nail, color, polish, choose, ur, color, 300, peach, fuzzsally, hansen, fuzzy, coat, textured, nail, color, polish, choose, ur, color, 300, peach, fuzz"
8.0,62.0,3.6,243,"beauty, beauty, brands, makeup, beauty, beauty, brands, makeup",paris,loreal paris infallible 8 hr pro gloss fiery 021 fl oz,361,https://i5.walmartimages.com/asr/a719c466-947b-4832-afbf-da2ab9fba29b.e26665d9caa8e21bcfa377f229936a48.jpeg,infallible 8hr le gloss hydrating lip gloss keeps lips soft smooth colorful glossy hours patented applicator contours lips precisely giving smooth flawless finish time long lasting lip gloss available wide range sheer shades stay true changing fading dulling use infallible makeup perfectly polished long lasting lip gloss look coats feathering fading infallible proof fix complex 8 hours color 8hr continuous wear longest lasting lip gloss smooth finish infallible 8hr le gloss hydrating lip gloss keeps lips soft smooth colorful glossy hours patented applicator contours lips precisely giving smooth flawless finish time long lasting lip gloss available wide range sheer shades stay true changing fading dulling use infallible makeup perfectly polished long lasting lip gloss look coats feathering fading infallible proof fix complex 8 hours color 8hr continuous wear longest lasting lip gloss smooth finish,"beauty, beauty, brands, makeup, beauty, beauty, brands, makeup, paris, infallible, 8hr, le, gloss, hydrating, lip, gloss, keeps, lips, soft, smooth, colorful, glossy, hours, patented, applicator, contours, lips, precisely, giving, smooth, flawless, finish, time, long, lasting, lip, gloss, available, wide, range, sheer, shades, stay, true, changing, fading, dulling, use, infallible, makeup, perfectly, polished, long, lasting, lip, gloss, look, coats, feathering, fading, infallible, proof, fix, complex, 8, hours, color, 8hr, continuous, wear, longest, lasting, lip, gloss, smooth, finish, infallible, 8hr, le, gloss, hydrating, lip, gloss, keeps, lips, soft, smooth, colorful, glossy, hours, patented, applicator, contours, lips, precisely, giving, smooth, flawless, finish, time, long, lasting, lip, gloss, available, wide, range, sheer, shades, stay, true, changing, fading, dulling, use, infallible, makeup, perfectly, polished, long, lasting, lip, gloss, look, coats, feathering, fading, infallible, proof, fix, complex, 8, hours, color, 8hr, continuous, wear, longest, lasting, lip, gloss, smooth, finish"
67.0,5.0,4.1,48,"beauty, makeup, eye, makeup, eyeliner, pencil, eyeliner",colors,la colors auto eyeliner pencil navy,364,https://i5.walmartimages.com/asr/b97ab133-b6de-4f65-87c0-c7452565b4b3_1.7c5a3488afa47a5288dffef2cd527038.jpeg,ae664 navy auto,"beauty, makeup, eye, makeup, eyeliner, pencil, eyeliner, colors, ae664, navy, auto"
3.0,32.0,4.5,552,"household, essentials, laundry, stain, removers, best, stain, remover",oxiclean,oxiclean white revive liquid laundry whitener  stain remover 66oz,369,https://i5.walmartimages.com/asr/904ff095-44a0-459c-a13e-cfb54c90b969_1.b426dfbab400c86080ca514cb3d2924f.jpeg,discover better brighter alternative chlorine bleach oxiclean white revive laundry whitener stain remover whitens 40 better load chlorine bleach safe colors plus powerful stainfighters remove toughest stains sparkling whites brighten outfit favorite whites grow dingy time happens use reach color safe chlorine free oxiclean white revive laundry whitener stain remover liquid works detergent removing stains keeping colors looking bright reviving whites use pre treat laundry stains add little load ll fresh looking whites love 40 whitening power load chlorine bleach safe colors gently lifts away stains brightens whites restoress dingy whites contain chlorine bleach chlorine smell worry spills splatters colored clothes equals number laundry uses 208 ounces chlorine bleach measured directed regular loads,"household, essentials, laundry, stain, removers, best, stain, remover, oxiclean, discover, better, brighter, alternative, chlorine, bleach, oxiclean, white, revive, laundry, whitener, stain, remover, whitens, 40, better, load, chlorine, bleach, safe, colors, plus, powerful, stainfighters, remove, toughest, stains, sparkling, whites, brighten, outfit, favorite, whites, grow, dingy, time, happens, use, reach, color, safe, chlorine, free, oxiclean, white, revive, laundry, whitener, stain, remover, liquid, works, detergent, removing, stains, keeping, colors, looking, bright, reviving, whites, use, pre, treat, laundry, stains, add, little, load, ll, fresh, looking, whites, love, 40, whitening, power, load, chlorine, bleach, safe, colors, gently, lifts, away, stains, brightens, whites, restoress, dingy, whites, contain, chlorine, bleach, chlorine, smell, worry, spills, splatters, colored, clothes, equals, number, laundry, uses, 208, ounces, chlorine, bleach, measured, directed, regular, loads"
72.0,1.0,4.4,61,"premium, beauty, premium, makeup, premium, nail, polish, care, premium, nail, polish",opi,opi nail polish hotter than you pink 05 fl oz,444,https://i5.walmartimages.com/asr/8feef376-77ea-406d-b2e4-3762c1f54dc4_1.25b3adb6e0d71274efc201297c4fd8ba.jpeg,,"premium, beauty, premium, makeup, premium, nail, polish, care, premium, nail, polish, opi,"
57.0,5.0,3.6,5,"household, essentials, bathroom, bathroom, cleaners",interdesign,interdesign una slim toilet bowl brush and plunger set for bathroom storage white,451,https://i5.walmartimages.com/asr/0c082545-1c0d-4348-b27a-fb69e96ad99c_1.407d2b6d48c1f39c8ef9785f445ba6eb.jpeg,toilet clean style interdesign una slim toilet bowl brush plunger set special set features unique caddy stores toilet bowl brushes plungers unit interdesign toilet brush plunger storage includes plunger bristle scrubber brush storage caddy caddy handles glossy white finish caddy base cover help floors dry nylon brush fits easily inside holder concealed storage compact white toilet brush storage set design allows easy storage near latrine effortless idlivesimplyinterdesign una slim toilet bowl brush plunger set bathroom storage white glossy white plastic finish discreet storage use includes base cover floors dry stores bowl brush plunger unit near toilet bowl nylon bristle brush slides holder sight x x includes caddy plunger bristle scrubber brush,"household, essentials, bathroom, bathroom, cleaners, interdesign, toilet, clean, style, interdesign, una, slim, toilet, bowl, brush, plunger, set, special, set, features, unique, caddy, stores, toilet, bowl, brushes, plungers, unit, interdesign, toilet, brush, plunger, storage, includes, plunger, bristle, scrubber, brush, storage, caddy, caddy, handles, glossy, white, finish, caddy, base, cover, help, floors, dry, nylon, brush, fits, easily, inside, holder, concealed, storage, compact, white, toilet, brush, storage, set, design, allows, easy, storage, near, latrine, effortless, idlivesimplyinterdesign, una, slim, toilet, bowl, brush, plunger, set, bathroom, storage, white, glossy, white, plastic, finish, discreet, storage, use, includes, base, cover, floors, dry, stores, bowl, brush, plunger, unit, near, toilet, bowl, nylon, bristle, brush, slides, holder, sight, x, x, includes, caddy, plunger, bristle, scrubber, brush"
5.0,79.0,4.8,1446,"household, essentials, paper, plastic, disposable, tabletop, paper, plates",dixie,dixie everyday paper snack or dessert plates 7quot 50 count,481,https://i5.walmartimages.com/asr/f5cf70ac-0954-4b20-a201-e5a5f9e8e7d9_1.3b36affc6958576b563e09f3df5f445a.jpeg,meals easy convenient dixie everyday paper plates times stronger leading comparable store brand paper plate double servings dixie paper plates soak proof shield handle salad dressing burger grease cut resistant microwavable reheating leftovers breeze perfect quick snacks togethers family friends ll love having disposable plates hand dixie products offer hassle free convenience attractive designs affordable price dixie everyday disposable dinner plates versatile affordable focus day dishes spend time sink time table dixie everyday paper meals easy convenient dixie everyday paper plates times stronger leading comparable store brand paper plate double servings dixie paper plates soak proof shield handle salad dressing burger grease cut resistant microwavable reheating leftovers breeze perfect quick snacks togethers family friends ll love having disposable plates hand dixie products offer hassle free convenience attractive designs affordable price dixie everyday disposable dinner plates versatile affordable focus day dishes spend time sink time table dixie everyday paper plates 50 plates pack paper plate microwavable cut resistant soak proof shield ideal size snacks desserts,"household, essentials, paper, plastic, disposable, tabletop, paper, plates, dixie, meals, easy, convenient, dixie, everyday, paper, plates, times, stronger, leading, comparable, store, brand, paper, plate, double, servings, dixie, paper, plates, soak, proof, shield, handle, salad, dressing, burger, grease, cut, resistant, microwavable, reheating, leftovers, breeze, perfect, quick, snacks, togethers, family, friends, ll, love, having, disposable, plates, hand, dixie, products, offer, hassle, free, convenience, attractive, designs, affordable, price, dixie, everyday, disposable, dinner, plates, versatile, affordable, focus, day, dishes, spend, time, sink, time, table, dixie, everyday, paper, meals, easy, convenient, dixie, everyday, paper, plates, times, stronger, leading, comparable, store, brand, paper, plate, double, servings, dixie, paper, plates, soak, proof, shield, handle, salad, dressing, burger, grease, cut, resistant, microwavable, reheating, leftovers, breeze, perfect, quick, snacks, togethers, family, friends, ll, love, having, disposable, plates, hand, dixie, products, offer, hassle, free, convenience, attractive, designs, affordable, price, dixie, everyday, disposable, dinner, plates, versatile, affordable, focus, day, dishes, spend, time, sink, time, table, dixie, everyday, paper, plates, 50, plates, pack, paper, plate, microwavable, cut, resistant, soak, proof, shield, ideal, size, snacks, desserts"
2.0,22.0,4.6,602,"beauty, beauty, brands, nyx, professional, makeup, nyx, professional, lip, makeup",nyx professional makeup,nyx professional makeup butter gloss cranberry pie 027 oz,482,https://i5.walmartimages.com/asr/00d06645-230d-4c04-80be-c6d2c142324e_1.aa9e11779419a4b37e7bf677dc308c38.jpeg,ready pouty celebrate nyx professional makeups 21st birthday style available 10 trendy tones super iconic nyx professional makeup butter gloss silky smooth satisfying hot pink lilac peachy nude modern newbies inspired things los angeles glistening glossy shade serves sheer medium coverage melts lips non tacky leaving lips soft supple kissable lips melting fan fave glosses deliver dash glistening color glossy lips sticky sensation butter lip gloss works soften condition lips giving hint color gloss turn hydration soothing lip moisturizer lips look plump shimmery simply swipe smack gorgeous glossy lips perfect sweet tooth nyx professional makeup products proudly cruelty free peta certified bestselling lip gloss 10 new shades bit honey sorbet orangesicle summer fruit rocky road apple crisp cranberry pie cinnamon roll marshmallow blueberry tart comfortable non tacky feel sheer medium coverage glides silky smooth softens conditions lips giving hint color gloss cruelty free,"beauty, beauty, brands, nyx, professional, makeup, nyx, professional, lip, makeup, nyx, professional, makeup, ready, pouty, celebrate, nyx, professional, makeups, 21st, birthday, style, available, 10, trendy, tones, super, iconic, nyx, professional, makeup, butter, gloss, silky, smooth, satisfying, hot, pink, lilac, peachy, nude, modern, newbies, inspired, things, los, angeles, glistening, glossy, shade, serves, sheer, medium, coverage, melts, lips, non, tacky, leaving, lips, soft, supple, kissable, lips, melting, fan, fave, glosses, deliver, dash, glistening, color, glossy, lips, sticky, sensation, butter, lip, gloss, works, soften, condition, lips, giving, hint, color, gloss, turn, hydration, soothing, lip, moisturizer, lips, look, plump, shimmery, simply, swipe, smack, gorgeous, glossy, lips, perfect, sweet, tooth, nyx, professional, makeup, products, proudly, cruelty, free, peta, certified, bestselling, lip, gloss, 10, new, shades, bit, honey, sorbet, orangesicle, summer, fruit, rocky, road, apple, crisp, cranberry, pie, cinnamon, roll, marshmallow, blueberry, tart, comfortable, non, tacky, feel, sheer, medium, coverage, glides, silky, smooth, softens, conditions, lips, giving, hint, color, gloss, cruelty, free"
39.0,2.0,5.0,1,"beauty, makeup, lip",rk kiss,rk by kiss creamlicious triple butter matte cream u make me happy,496,https://i5.walmartimages.com/asr/6867b89c-9b2e-49c9-983c-e8f5ec67c43c_1.ce8b79476b64fbf48255724c721ae351.jpeg,rk kiss creamlicious triple butter matte cream soft gloss infused super rich coconut shea mango butter goes creamy sets long wearing matte finish heart shaped applicator ensures perfect coverage vibrant matte cream matte finish long wearing lightweight formula non drying intense pigmentation vivid color matte finish comfortable wear,"beauty, makeup, lip, rk, kiss, rk, kiss, creamlicious, triple, butter, matte, cream, soft, gloss, infused, super, rich, coconut, shea, mango, butter, goes, creamy, sets, long, wearing, matte, finish, heart, shaped, applicator, ensures, perfect, coverage, vibrant, matte, cream, matte, finish, long, wearing, lightweight, formula, non, drying, intense, pigmentation, vivid, color, matte, finish, comfortable, wear"
1.0,82.0,3.9,13,"personal, care, shaving, body, hair, removal",veet,veet readytousewaxstrips hair remover face 12 ea,512,https://i5.walmartimages.com/asr/eb1124ee-3879-416c-bdad-c256bf81f044_1.e0e12cb1e6c28c334cb1cbd187e69766.jpeg,veet face wax strips ready use hair remover system removes super short hair root 28 days smoothness sensitive formula vitamine e almond oil veet wax strips hair coating technology perfect results ready use hair remover removes super short hair root 28 days smoothness veet rdy use rmvs frm rt wth almnd oil fc snstv frml hr rmvr wax strp kit box depilatory product,"personal, care, shaving, body, hair, removal, veet, veet, face, wax, strips, ready, use, hair, remover, system, removes, super, short, hair, root, 28, days, smoothness, sensitive, formula, vitamine, e, almond, oil, veet, wax, strips, hair, coating, technology, perfect, results, ready, use, hair, remover, removes, super, short, hair, root, 28, days, smoothness, veet, rdy, use, rmvs, frm, rt, wth, almnd, oil, fc, snstv, frml, hr, rmvr, wax, strp, kit, box, depilatory, product"
28.0,7.0,5.0,1,"personal, care, men, essentials, men, bath, body",brut,brut antiperspirant  deodorant for men original fragrance 6 ounce,551,https://i5.walmartimages.com/asr/7f03fa0b-7c65-491b-be3a-b565280deb5f_1.52bfcc9b07526e9e38c2d856bcad37cb.jpeg,brut antiperspirant deodorant men original fragrance 6 ouncebrut aerosol antiperspirant deodorant spray 6 oz24 hour protection trimax formulated trimax 24 hour odor protection need eliminates odor long lasting wetness protection fresh brut scent,"personal, care, men, essentials, men, bath, body, brut, brut, antiperspirant, deodorant, men, original, fragrance, 6, ouncebrut, aerosol, antiperspirant, deodorant, spray, 6, oz24, hour, protection, trimax, formulated, trimax, 24, hour, odor, protection, need, eliminates, odor, long, lasting, wetness, protection, fresh, brut, scent"
45.0,3.0,4.6,50,"personal, care, oral, care, toothbrushes, electric, toothbrushes, oral, b, electric, toothbrushes",oral b,oralb pro 3500 smartseries healthy whitening rechargeable toothbrush 5 pc box,568,https://i5.walmartimages.com/asr/1681d069-6839-4c21-b39b-90d13d12c6a3.f2d3de161ecfd615a8a6d3fa8a05d963.jpeg,oral b 10000 genius x helps brush like dentist recommends revolutionary artificial intelligence technology enables recognize brushing style coaches best results everyday bluetooth smartphone allows improve daily brushing habits provide real time feedback brushing habits oral b app seamlessly pairs oral b genius x toothbrush smartphone way brushing like dentist recommends 360 smartring led lights allows personalize brushing experience choice 12 colors smartring works integrated timer pressure sensor provide visual feedback brushing time brushing pressure help ensure brush recommended 2 minutes making sure brush appropriate pressure protect gums brushing oral b genius x features 6 brushing modes customize brushing experience based specific oral care goals comes rechargeable handle 7 brush heads charger travel case charge toothbrush smartphone best s brought oral b 1 brand dentists worldwide oral b genius x luxe rechargeable electric toothbrush artificial intelligence 7 brush heads 1 travel case anthracite black oral b genius x artificial intelligence learned thousands human brushing behaviors instantly recognizes brushing style gives daily personal coaching cover areas evenly right pressure right time bluetooth technology connect smartphone includes rechargeable handle 7 brush heads charger travel case charge toothbrush smartphone oral b 1 dentist recommended toothbrush brand worldwide,"personal, care, oral, care, toothbrushes, electric, toothbrushes, oral, b, electric, toothbrushes, oral, b, oral, b, 10000, genius, x, helps, brush, like, dentist, recommends, revolutionary, artificial, intelligence, technology, enables, recognize, brushing, style, coaches, best, results, everyday, bluetooth, smartphone, allows, improve, daily, brushing, habits, provide, real, time, feedback, brushing, habits, oral, b, app, seamlessly, pairs, oral, b, genius, x, toothbrush, smartphone, way, brushing, like, dentist, recommends, 360, smartring, led, lights, allows, personalize, brushing, experience, choice, 12, colors, smartring, works, integrated, timer, pressure, sensor, provide, visual, feedback, brushing, time, brushing, pressure, help, ensure, brush, recommended, 2, minutes, making, sure, brush, appropriate, pressure, protect, gums, brushing, oral, b, genius, x, features, 6, brushing, modes, customize, brushing, experience, based, specific, oral, care, goals, comes, rechargeable, handle, 7, brush, heads, charger, travel, case, charge, toothbrush, smartphone, best, s, brought, oral, b, 1, brand, dentists, worldwide, oral, b, genius, x, luxe, rechargeable, electric, toothbrush, artificial, intelligence, 7, brush, heads, 1, travel, case, anthracite, black, oral, b, genius, x, artificial, intelligence, learned, thousands, human, brushing, behaviors, instantly, recognizes, brushing, style, gives, daily, personal, coaching, cover, areas, evenly, right, pressure, right, time, bluetooth, technology, connect, smartphone, includes, rechargeable, handle, 7, brush, heads, charger, travel, case, charge, toothbrush, smartphone, oral, b, 1, dentist, recommended, toothbrush, brand, worldwide"
1.0,71.0,1.0,2,"personal, care, shaving, body, hair, removal, waxes, depilatory, cream",walfront,walfront body hair removal wax beans hard wax beans brazilian pearl depilatory wax european 10 styles women men wax hair removal beans beads,584,https://i5.walmartimages.com/asr/00d1e0d0-e09f-461d-ba09-565f10eade64_1.a79a793a5ae98605275f53429ab436ba.jpeg,walfront body hair removal wax beans hard wax beans brazilian pearl depilatory wax european 10 styles women men wax hair removal beans beads specification item type hard wax beans main ingredients natural rosin mineral oil function removing unwanted hairs armpit arm legs body parts optional types chocolate lavender strawberry honey green tea rose cream tea tree chamomile black color quantity 1 x bag 100 g hard wax beans package weight approx g description worry unwanted hairs depilatory wax bean good choice mild ingredient remove unwanted hairs comfortably nourish smooth tighten skin hair removal armpit arm leg body parts good product bring home features adopting natural pure ingredients ensure harmless stimulation skin hair removal add soothing ingredients natural care basis pure physical hair removal different skin types reduce skin irritation strengthen hair removal effect special produced based human body hair structure like hair length hardness better removing hair delay growth excellent grip strong stubborn hairs areas body like face arm legs underarm etc depilatory paper required heating wax bean spatula apply wax skin directly convenient use available 10 flavors choose favor use 1 heat wax pellets wax heater choice heat working temperature 2 apply thin layer wax depilated area direction hair growth 3 remove wax firm action direction hair growth wax hard package include 1 x bag wax beans note 1 depilatory paper required heating wax spatula apply skin 2 black color flavour special designed men adopting natural pure ingredients ensure harmless stimulation skin hair removal excellent grip strong stubborn hairs areas body like face arm legs underarm etc depilatory paper required heating wax bean spatula apply wax skin directly convenient use,"personal, care, shaving, body, hair, removal, waxes, depilatory, cream, walfront, walfront, body, hair, removal, wax, beans, hard, wax, beans, brazilian, pearl, depilatory, wax, european, 10, styles, women, men, wax, hair, removal, beans, beads, specification, item, type, hard, wax, beans, main, ingredients, natural, rosin, mineral, oil, function, removing, unwanted, hairs, armpit, arm, legs, body, parts, optional, types, chocolate, lavender, strawberry, honey, green, tea, rose, cream, tea, tree, chamomile, black, color, quantity, 1, x, bag, 100, g, hard, wax, beans, package, weight, approx, g, description, worry, unwanted, hairs, depilatory, wax, bean, good, choice, mild, ingredient, remove, unwanted, hairs, comfortably, nourish, smooth, tighten, skin, hair, removal, armpit, arm, leg, body, parts, good, product, bring, home, features, adopting, natural, pure, ingredients, ensure, harmless, stimulation, skin, hair, removal, add, soothing, ingredients, natural, care, basis, pure, physical, hair, removal, different, skin, types, reduce, skin, irritation, strengthen, hair, removal, effect, special, produced, based, human, body, hair, structure, like, hair, length, hardness, better, removing, hair, delay, growth, excellent, grip, strong, stubborn, hairs, areas, body, like, face, arm, legs, underarm, etc, depilatory, paper, required, heating, wax, bean, spatula, apply, wax, skin, directly, convenient, use, available, 10, flavors, choose, favor, use, 1, heat, wax, pellets, wax, heater, choice, heat, working, temperature, 2, apply, thin, layer, wax, depilated, area, direction, hair, growth, 3, remove, wax, firm, action, direction, hair, growth, wax, hard, package, include, 1, x, bag, wax, beans, note, 1, depilatory, paper, required, heating, wax, spatula, apply, skin, 2, black, color, flavour, special, designed, men, adopting, natural, pure, ingredients, ensure, harmless, stimulation, skin, hair, removal, excellent, grip, strong, stubborn, hairs, areas, body, like, face, arm, legs, underarm, etc, depilatory, paper, required, heating, wax, bean, spatula, apply, wax, skin, directly, convenient, use"
63.0,32.0,5.0,5,"premium, beauty, premium, hair, care, premium, styling, products, hair, styling, products",sebastian professional,twisted curl magnifier styling cream by sebastian professional  49 oz cream,589,https://i5.walmartimages.com/asr/9232a734-df57-4a83-a7ff-dfdb25b6f43d_1.dc16f28c38b1cfc36afb3d3fb21ac8ea.jpeg,,"premium, beauty, premium, hair, care, premium, styling, products, hair, styling, products, sebastian, professional,"
37.0,7.0,4.4,2350,"beauty, beauty, topic, mindful, beauty, mindful, beauty, cosmetics",revlon,revlon super lustrous lipstick with vitamin e and avocado oil cream lipstick in coral 677 siren 015 oz,604,https://i5.walmartimages.com/asr/6fc02c79-4c4d-4f6e-8c89-e5a9b6b181ff_1.d52b01c5c24232f0a26d9573ba7070d3.jpeg,super vibrant super lush super creamy cult classic lipstick perfect combination high impact color super moisturizing formula 82 amazing ways play cool classic trendy lipstick shades ranging nudes pinks reds corals browns purples 4 finishes cream pearl sheer matte super vibrant super lush super creamy cult classic lipstick perfect combination high impact color super moisturizing formula lipstick uses microfine pigments shades vibrant feeling lightweight formula infused vitamin e avocado oil buttery better non caking lightweight formula superior comfort 82 amazing ways play cool classic trendy lipstick shades ranging nudes pinks reds corals browns purples 4 finishes cream pearl sheer matte formulated sulfates parabens phthalates,"beauty, beauty, topic, mindful, beauty, mindful, beauty, cosmetics, revlon, super, vibrant, super, lush, super, creamy, cult, classic, lipstick, perfect, combination, high, impact, color, super, moisturizing, formula, 82, amazing, ways, play, cool, classic, trendy, lipstick, shades, ranging, nudes, pinks, reds, corals, browns, purples, 4, finishes, cream, pearl, sheer, matte, super, vibrant, super, lush, super, creamy, cult, classic, lipstick, perfect, combination, high, impact, color, super, moisturizing, formula, lipstick, uses, microfine, pigments, shades, vibrant, feeling, lightweight, formula, infused, vitamin, e, avocado, oil, buttery, better, non, caking, lightweight, formula, superior, comfort, 82, amazing, ways, play, cool, classic, trendy, lipstick, shades, ranging, nudes, pinks, reds, corals, browns, purples, 4, finishes, cream, pearl, sheer, matte, formulated, sulfates, parabens, phthalates"
84.0,2.0,4.0,698,"beauty, makeup, face, makeup, concealer, deep, concealer",covergirl,covergirl clean matte concealer 220 deep,675,https://i5.walmartimages.com/asr/53fab0d5-6030-41fa-896c-8706eba184d7_1.9f2f1e93184c4add9aabcdea4e4f3ae8.jpeg,favorite ready set gorgeous concealer adopted clean family new packaging new covergirl clean matte concealer conceals dark circles imperfections instant concealer contains skin brightening pigments help diffuse light lightweight day formula glides smoothly blends easily day natural coverage available 6 shades dermatologically tested,"beauty, makeup, face, makeup, concealer, deep, concealer, covergirl, favorite, ready, set, gorgeous, concealer, adopted, clean, family, new, packaging, new, covergirl, clean, matte, concealer, conceals, dark, circles, imperfections, instant, concealer, contains, skin, brightening, pigments, help, diffuse, light, lightweight, day, formula, glides, smoothly, blends, easily, day, natural, coverage, available, 6, shades, dermatologically, tested"
7.0,46.0,4.0,30,"home, bedding, basic, bedding, pillow, cases",piccocasa,silkysoft pillow cover soft 1800 series microfiber long pillowcases gold 20quotx72quot,704,https://i5.walmartimages.com/asr/b469fd40-7206-488c-b28e-f80a9aa1f4fa_1.03e57a32641e0ace8df06d5a705c842a.jpeg,,"home, bedding, basic, bedding, pillow, cases, piccocasa,"
61.0,7.0,3.0,2,"health, aromatherapy, aromatherapy",oils center,onion seed oil organic premium cold pressed 100 pure all natural 4 oz,724,https://i5.walmartimages.com/asr/4c37a7ae-2b0f-4a24-bc8f-492c18f8863c_1.c48578f8698bcb0437d8e02985d36a06.jpeg,organic onion seed oil cold pressed 100 pure botanical allium cepa extraction method cold pressed obtained seeds organic pesticides gmos hexane ingredients onion seed oil 100 pure additives carriers added description historical times onion popular vegetable ancient egypt middle ages onion strong smell charm plague sulfur compounds onions sharp aroma flavor folk healers think indications onion juice prevent infection color pale yellow liquid aromatic description slight oily scent characteristic carrier oils common uses onion carrier oil distinct onion aroma known anti bacterial antiseptic aphrodisiac hypnotic assets modern herbal practitioners believe applications onion kill warts prevent acne onion oil basically superlative tonic rich vitamins including b2 riboflavin b1 thiamine consistency typical characteristics carrier oils absorption light absorbs quickly skin oily feel shelf life users expect shelf life 2 years proper storage conditions cool direct sunlight refrigeration opening recommended buying product organically certified supplier organic ingredient donot breathe dust store cool dry free tracking number items shipped business day businessday confirmation payment received pm pst notincluding weekends holidays whenyou receive item pleased transaction pleaselet know leaving positive feedback youin return lookforward business center,"health, aromatherapy, aromatherapy, oils, center, organic, onion, seed, oil, cold, pressed, 100, pure, botanical, allium, cepa, extraction, method, cold, pressed, obtained, seeds, organic, pesticides, gmos, hexane, ingredients, onion, seed, oil, 100, pure, additives, carriers, added, description, historical, times, onion, popular, vegetable, ancient, egypt, middle, ages, onion, strong, smell, charm, plague, sulfur, compounds, onions, sharp, aroma, flavor, folk, healers, think, indications, onion, juice, prevent, infection, color, pale, yellow, liquid, aromatic, description, slight, oily, scent, characteristic, carrier, oils, common, uses, onion, carrier, oil, distinct, onion, aroma, known, anti, bacterial, antiseptic, aphrodisiac, hypnotic, assets, modern, herbal, practitioners, believe, applications, onion, kill, warts, prevent, acne, onion, oil, basically, superlative, tonic, rich, vitamins, including, b2, riboflavin, b1, thiamine, consistency, typical, characteristics, carrier, oils, absorption, light, absorbs, quickly, skin, oily, feel, shelf, life, users, expect, shelf, life, 2, years, proper, storage, conditions, cool, direct, sunlight, refrigeration, opening, recommended, buying, product, organically, certified, supplier, organic, ingredient, donot, breathe, dust, store, cool, dry, free, tracking, number, items, shipped, business, day, businessday, confirmation, payment, received, pm, pst, notincluding, weekends, holidays, whenyou, receive, item, pleased, transaction, pleaselet, know, leaving, positive, feedback, youin, return, lookforward, business, center"
82.0,8.0,3.0,2,"household, essentials, air, fresheners, car, air, fresheners, car, air, fresheners",unknown,5pack bamboo charcoal air purifier bag natural air freshener activated carbon bag car eliminator  deodorizer removes moistureallergens in your bathroom kitchen car rv closet,732,https://i5.walmartimages.com/asr/3c9cdc3a-50d8-49d4-8555-ad2c8ccd1c3d_1.b409b23d6aeeab28284415281b76bfd5.jpeg,g air purifier bag hooks car home shoes bamboo charcoal dehumidifier odor remover hook feature come hooks easy hanging fragrance free chemical free non toxic perfect cars closets bathrooms pet areas polyester linen bag wear resistance good ventilation breathable inner sms non woven fabric better adsorbability easy convenient way maintain fresh dry odor free environment prevents mold mildew bacteria forming absorbing excess moisture natural bamboo charcoal effectively absorbs removes odors allergens harmful pollutant specification color grey beige material polyester linen bamboo charcoal bag weight g package included x air purifier bag x s hooks warm tip reuse years rejuvenate activate place bags outside sun month hour notice allow slight deviation measurement manual measurement different producing batches product details little different different monitors different light picture reflect actual color item come hooks easy hanging fragrance free chemical free non toxic perfect cars closets bathrooms pet areas polyester linen bag wear resistance good ventilation,"household, essentials, air, fresheners, car, air, fresheners, car, air, fresheners, , g, air, purifier, bag, hooks, car, home, shoes, bamboo, charcoal, dehumidifier, odor, remover, hook, feature, come, hooks, easy, hanging, fragrance, free, chemical, free, non, toxic, perfect, cars, closets, bathrooms, pet, areas, polyester, linen, bag, wear, resistance, good, ventilation, breathable, inner, sms, non, woven, fabric, better, adsorbability, easy, convenient, way, maintain, fresh, dry, odor, free, environment, prevents, mold, mildew, bacteria, forming, absorbing, excess, moisture, natural, bamboo, charcoal, effectively, absorbs, removes, odors, allergens, harmful, pollutant, specification, color, grey, beige, material, polyester, linen, bamboo, charcoal, bag, weight, g, package, included, x, air, purifier, bag, x, s, hooks, warm, tip, reuse, years, rejuvenate, activate, place, bags, outside, sun, month, hour, notice, allow, slight, deviation, measurement, manual, measurement, different, producing, batches, product, details, little, different, different, monitors, different, light, picture, reflect, actual, color, item, come, hooks, easy, hanging, fragrance, free, chemical, free, non, toxic, perfect, cars, closets, bathrooms, pet, areas, polyester, linen, bag, wear, resistance, good, ventilation"
62.0,28.0,5.0,2,"beauty, hair, care, hair, color, permanent, hair, color",colorsilk luminista,revlon colorsilk hair color 50 light ash brown 1 ea pack of 6,752,https://i5.walmartimages.com/asr/e765e2a5-b223-46ab-ac07-790c6cbd5ac8_1.a6fd7aabd7a43b363a440c4f0020812b.jpeg,free shipping pack 6 pack 6 upc 309978695509 ammonia free permanent haircolor active ingredients colorant aqua water oleic acid isopropyl alcohol ethanolamine soyamine lauramide mea lauryl pyrrolidone sodium laureth sulfate sodium sulfite parfum fragrance potassium cocoyl hydrolyzed collagen wheat amino acids sodium benzotriazolyl butylphenol sulfonate tributyl citrate erythorbic acid tetrasodium edta p phenylenediamine resorcinol diaminophenoxyethanol hcl m aminophenol p aminophenol linalool citronellol geraniol coumarin amyl cinnamal creme developer aqua water hydrogen peroxide cetearyl alcohol allyl ether acrylates copolymer amodimethicone sodium lauryl sulfate c11 15 glycerin disodium phosphate phosphoric acid methylparaben edta color conditioner aqua water cetearyl alcohol behentrimonium chloride linoleamidopropyl dimethylamine dimer dilinoleate stearyl alcohol cetyl alcohol methoxypropylgluconamide silk amino acids hydrolyzed silk panthenol panthenyl ethyl ether dimethicone meadowfoamate amodimethicone triisostearyl citrate isostearyl glycolate isostearyl lactate diisostearyl malate diisostearoyl trimethylolpropane siloxy silicate hydroxyethylcellulose cocamidopropyl betaine stearamidopropyl dimethylamine cetrimonium chloride isopropyl alcohol parfum fragrance benzyl salicylate hexyl cinnamal citric acid methylparaben propylparaben methylchloroisothiazolinone methylisothiazolinone uses radiant long lasting rich color leaves hair better condition gives natural looking color root tip stays beautiful colorings plus formulated penetrate strand gentle ammonia free formula color conditioner infused nourishing silk proteins hair looks silkier shinier healthier colored 100 gray coverage 50 light ash brown soft easy wear brown brassiness current hair colors dark blonde light brown medium brown dark brown black contains ammonia free colorant 2 fl oz cream color developer 2 fl oz nourishing color conditioner fl oz application instructions gloves,"beauty, hair, care, hair, color, permanent, hair, color, colorsilk, luminista, free, shipping, pack, 6, pack, 6, upc, 309978695509, ammonia, free, permanent, haircolor, active, ingredients, colorant, aqua, water, oleic, acid, isopropyl, alcohol, ethanolamine, soyamine, lauramide, mea, lauryl, pyrrolidone, sodium, laureth, sulfate, sodium, sulfite, parfum, fragrance, potassium, cocoyl, hydrolyzed, collagen, wheat, amino, acids, sodium, benzotriazolyl, butylphenol, sulfonate, tributyl, citrate, erythorbic, acid, tetrasodium, edta, p, phenylenediamine, resorcinol, diaminophenoxyethanol, hcl, m, aminophenol, p, aminophenol, linalool, citronellol, geraniol, coumarin, amyl, cinnamal, creme, developer, aqua, water, hydrogen, peroxide, cetearyl, alcohol, allyl, ether, acrylates, copolymer, amodimethicone, sodium, lauryl, sulfate, c11, 15, glycerin, disodium, phosphate, phosphoric, acid, methylparaben, edta, color, conditioner, aqua, water, cetearyl, alcohol, behentrimonium, chloride, linoleamidopropyl, dimethylamine, dimer, dilinoleate, stearyl, alcohol, cetyl, alcohol, methoxypropylgluconamide, silk, amino, acids, hydrolyzed, silk, panthenol, panthenyl, ethyl, ether, dimethicone, meadowfoamate, amodimethicone, triisostearyl, citrate, isostearyl, glycolate, isostearyl, lactate, diisostearyl, malate, diisostearoyl, trimethylolpropane, siloxy, silicate, hydroxyethylcellulose, cocamidopropyl, betaine, stearamidopropyl, dimethylamine, cetrimonium, chloride, isopropyl, alcohol, parfum, fragrance, benzyl, salicylate, hexyl, cinnamal, citric, acid, methylparaben, propylparaben, methylchloroisothiazolinone, methylisothiazolinone, uses, radiant, long, lasting, rich, color, leaves, hair, better, condition, gives, natural, looking, color, root, tip, stays, beautiful, colorings, plus, formulated, penetrate, strand, gentle, ammonia, free, formula, color, conditioner, infused, nourishing, silk, proteins, hair, looks, silkier, shinier, healthier, colored, 100, gray, coverage, 50, light, ash, brown, soft, easy, wear, brown, brassiness, current, hair, colors, dark, blonde, light, brown, medium, brown, dark, brown, black, contains, ammonia, free, colorant, 2, fl, oz, cream, color, developer, 2, fl, oz, nourishing, color, conditioner, fl, oz, application, instructions, gloves"
10.0,8.0,3.0,4,"premium, beauty, premium, makeup, premium, nail, polish, care, premium, nail, polish",zoya,zoya natural nail polish zooey 05 fl oz,775,https://i5.walmartimages.com/asr/54730c15-fbf5-4a9e-aa32-590e19af06c6_1.1d5916a2cb29bea3a096d78a012103c2.jpeg,,"premium, beauty, premium, makeup, premium, nail, polish, care, premium, nail, polish, zoya,"
38.0,7.0,3.8,8,"industrial, scientific, janitorial, sanitation, supplies, floor, care, commercial, mopping, supplies",boardwalk,boardwalk screw clamp metal head wooden mop handle junior stick handler,784,https://i5.walmartimages.com/asr/23de7b40-6923-440d-b7bd-b2fee5115768_1.73963c89d88260bba9dcc745bad796c7.jpeg,screw clamp metal head double riveted strength sturdy lacquered wood handle wing nut screw clamp metal head wooden mop handle junior stick handler screw clamp metal head double riveted sturdy lacquered wood handle extra strengthmop handle wing nut stylehandle length diameter material woodmodel number bwk606,"industrial, scientific, janitorial, sanitation, supplies, floor, care, commercial, mopping, supplies, boardwalk, screw, clamp, metal, head, double, riveted, strength, sturdy, lacquered, wood, handle, wing, nut, screw, clamp, metal, head, wooden, mop, handle, junior, stick, handler, screw, clamp, metal, head, double, riveted, sturdy, lacquered, wood, handle, extra, strengthmop, handle, wing, nut, stylehandle, length, diameter, material, woodmodel, number, bwk606"
37.0,98.0,5.0,4,"personal, care, bath, body, bar, soap",christopher original formulas,pine tar soap,830,https://i5.walmartimages.com/asr/02c6d278-14c9-4961-b2c7-77b22e1f3f59_1.373f257aa2ceb5053b4855a9e67f5f96.jpeg,glycerine soap black ointment formula help draw toxins skin sku adib00475myikpine tar soap,"personal, care, bath, body, bar, soap, christopher, original, formulas, glycerine, soap, black, ointment, formula, help, draw, toxins, skin, sku, adib00475myikpine, tar, soap"
28.0,5.0,4.3,716,"beauty, travel, size, beauty, travel, size, makeup, travel, size, eye, makeup",rimmel,rimmel exaggerate eye definer blackest black 0009 oz,850,https://i5.walmartimages.com/asr/da2fe178-584f-4f4e-961e-dd8455fcb49c_1.fd7264366e1d22f9734d95772f28ed54.jpeg,color definition retractable tip built smudger creates smokey eye built sharpener creates smooth clean lines waterproof 10hr exaggerate waterproof eye definer eyeliner blackest black,"beauty, travel, size, beauty, travel, size, makeup, travel, size, eye, makeup, rimmel, color, definition, retractable, tip, built, smudger, creates, smokey, eye, built, sharpener, creates, smooth, clean, lines, waterproof, 10hr, exaggerate, waterproof, eye, definer, eyeliner, blackest, black"
61.0,8.0,4.5,956,"personal, care, feminine, care, feminine, care",kotex,u by kotex cleanwear ultra thin pads with wings heavy flow unscented 16 ct,857,https://i5.walmartimages.com/asr/820e7506-c903-42e3-abd0-e15754fb97ff.47ac16bde589ca1136089ca15cd6559d.jpeg,stay secure comfortable u kotex cleanwear features memory flex core allows wings bunching suitable heavy flows kotex pads come ultra flexible layer absorbency system u kotex cleanwear unscented 16 count pack ultra thin heavy flow pads memory flex core moves ultra flexible 4 layer absorbency system wings,"personal, care, feminine, care, feminine, care, kotex, stay, secure, comfortable, u, kotex, cleanwear, features, memory, flex, core, allows, wings, bunching, suitable, heavy, flows, kotex, pads, come, ultra, flexible, layer, absorbency, system, u, kotex, cleanwear, unscented, 16, count, pack, ultra, thin, heavy, flow, pads, memory, flex, core, moves, ultra, flexible, 4, layer, absorbency, system, wings"
62.0,92.0,4.2,1701,"beauty, makeup, face, makeup, foundation, covergirl, foundation, fair, shades",covergirl,covergirl  olay simply ageless 3in1 liquid foundation 205 ivory,882,https://i5.walmartimages.com/asr/5f2c98e0-6355-4694-a71c-98dd5cd193eb.0060d6cdbf5eaf3ff8a5ffc9605317e3.jpeg,covergirl meets olay science product instantly reduces wrinkles evens skin tone delivers firming hydration simply ageless 3 foundation instantly reduces look wrinkles delivers firming moisture improves tone reduces wrinkles anti aging foundation instantly reduces look wrinkles smoother youthful appearance improves tone evens skin tone blurs appearance dark circles perfect areas hydrating formula contains hyaluronic complex vitamin c firmer healthier looking skin find shade available multiple shades find right match skin tone cruelty free covergirl products leaping bunny certified cruelty free international meaning tested animals,"beauty, makeup, face, makeup, foundation, covergirl, foundation, fair, shades, covergirl, covergirl, meets, olay, science, product, instantly, reduces, wrinkles, evens, skin, tone, delivers, firming, hydration, simply, ageless, 3, foundation, instantly, reduces, look, wrinkles, delivers, firming, moisture, improves, tone, reduces, wrinkles, anti, aging, foundation, instantly, reduces, look, wrinkles, smoother, youthful, appearance, improves, tone, evens, skin, tone, blurs, appearance, dark, circles, perfect, areas, hydrating, formula, contains, hyaluronic, complex, vitamin, c, firmer, healthier, looking, skin, find, shade, available, multiple, shades, find, right, match, skin, tone, cruelty, free, covergirl, products, leaping, bunny, certified, cruelty, free, international, meaning, tested, animals"
10.0,5.0,3.9,336,"beauty, hair, care, shampoo, conditioner, pantene, 2, shampoo, conditioner",pantene,pantene prov classic clean 2 in 1 shampoo  conditioner 2540 oz pack of 4,893,https://i5.walmartimages.com/asr/846e55e8-aade-4328-92f1-5705b006e601_1.56fac5130f7979a68c9d8cc18d84d6de.jpeg,pack 4 pack 4 upc 080878008308 hair healthy conditionerp g beautyactive ingredients water sodium lauryl sulfate sodium laureth sulfate sodium chloride glycol distearate dimethicone cocamidopropyl betaine citric acid sodium citrate cocamide mea sodium xylenesulfonate fragrance sodium benzoate guar hydroxypropyltrimonium chloride tetrasodium edta panthenol panthenyl ethyl ether methylchloroisothiazolinone methylisothiazolinonemassage wet hair create lather rinse gentle color treated permed hairs starting point healthy looking hair starts structural level hair benefits daily dose care look best pantene pro v innovation 2 1 shampoo conditioner formula cleans conditions fast easy step hair shiny healthy looking root tip hair manageable strong damage healthy shine hair types,"beauty, hair, care, shampoo, conditioner, pantene, 2, shampoo, conditioner, pantene, pack, 4, pack, 4, upc, 080878008308, hair, healthy, conditionerp, g, beautyactive, ingredients, water, sodium, lauryl, sulfate, sodium, laureth, sulfate, sodium, chloride, glycol, distearate, dimethicone, cocamidopropyl, betaine, citric, acid, sodium, citrate, cocamide, mea, sodium, xylenesulfonate, fragrance, sodium, benzoate, guar, hydroxypropyltrimonium, chloride, tetrasodium, edta, panthenol, panthenyl, ethyl, ether, methylchloroisothiazolinone, methylisothiazolinonemassage, wet, hair, create, lather, rinse, gentle, color, treated, permed, hairs, starting, point, healthy, looking, hair, starts, structural, level, hair, benefits, daily, dose, care, look, best, pantene, pro, v, innovation, 2, 1, shampoo, conditioner, formula, cleans, conditions, fast, easy, step, hair, shiny, healthy, looking, root, tip, hair, manageable, strong, damage, healthy, shine, hair, types"
89.0,15.0,5.0,1,"premium, beauty, premium, facial, skincare, premium, value, sizes, sets",peter thomas roth,100 value peter thomas roth thermal therapy duo skincare kit,898,https://i5.walmartimages.com/asr/ecd851ef-6ca7-4fa8-a2e2-e8ef008a3096.1eec4055ad879f5626c2e9a75f07c9ab.jpeg,,"premium, beauty, premium, facial, skincare, premium, value, sizes, sets, peter, thomas, roth,"
74.0,3.0,3.0,4,"beauty, makeup, nails",duri,toms of maine fluoride whitening toothpaste fresh mint 24 pc,916,https://i5.walmartimages.com/asr/e6cda981-43d1-4444-ba86-f7181f28703d_1.c61c41c5812b225f9071d2c603179e30.jpeg,toms maine fluoride whitening toothpaste fresh mint 24 pc,"beauty, makeup, nails, duri, toms, maine, fluoride, whitening, toothpaste, fresh, mint, 24, pc"
4.0,97.0,4.3,243,"arts, crafts, sewing, crafting, fabric, apparel, crafting, heat, press, machines",rit,rit dye liquid 8oz emerald,980,https://i5.walmartimages.com/asr/2ebe0487-27d5-4c97-ae57-126796144fd9_1.621fadaa855ef86b6c17302c0994b3b4.jpeg,versatile easy use non toxic liquid dye ready deliver vibrant color type fabric fabric blend including cotton linen silk wool rayon ramie nylon perfect rejuvenating faded clothing changing color apparel shoes accessories coordinating home décor hiding laundry accidents looking create unique rit tie dyeing clothing décor decades perfect tool create ombré dip dyed marbled shibori pattern dye wood wicker paper cork plus pre mixed concentrated liquid use little lot depending project flexibility save time rescuing faded jeans creating costume decorating party need washing machine plastic container stainless steel sink started 500 color recipes available rits website certain find right color needs deliver vibrant color type fabric fabric blend including cotton linen silk wool rayon ramie nylon dye color wood wicker paper cork perfect rejuvenating faded clothing changing color apparel shoes accessories coordinating home décor hiding laundry accidents creative create unique easy dye technique like ombré dip dyed marbled shibori tie dye pattern 500 color recipes available website certain find right color needs dyeing fabric 35 polyester acrylic acetate use rit dyemore synthetic fiber dye instead,"arts, crafts, sewing, crafting, fabric, apparel, crafting, heat, press, machines, rit, versatile, easy, use, non, toxic, liquid, dye, ready, deliver, vibrant, color, type, fabric, fabric, blend, including, cotton, linen, silk, wool, rayon, ramie, nylon, perfect, rejuvenating, faded, clothing, changing, color, apparel, shoes, accessories, coordinating, home, décor, hiding, laundry, accidents, looking, create, unique, rit, tie, dyeing, clothing, décor, decades, perfect, tool, create, ombré, dip, dyed, marbled, shibori, pattern, dye, wood, wicker, paper, cork, plus, pre, mixed, concentrated, liquid, use, little, lot, depending, project, flexibility, save, time, rescuing, faded, jeans, creating, costume, decorating, party, need, washing, machine, plastic, container, stainless, steel, sink, started, 500, color, recipes, available, rits, website, certain, find, right, color, needs, deliver, vibrant, color, type, fabric, fabric, blend, including, cotton, linen, silk, wool, rayon, ramie, nylon, dye, color, wood, wicker, paper, cork, perfect, rejuvenating, faded, clothing, changing, color, apparel, shoes, accessories, coordinating, home, décor, hiding, laundry, accidents, creative, create, unique, easy, dye, technique, like, ombré, dip, dyed, marbled, shibori, tie, dye, pattern, 500, color, recipes, available, website, certain, find, right, color, needs, dyeing, fabric, 35, polyester, acrylic, acetate, use, rit, dyemore, synthetic, fiber, dye, instead"
13.0,56.0,4.2,53,"beauty, beauty, holiday, gifts, hair, care, holiday, deals, gift, guide, hair, care, consumables, holiday, gift, guide",splat,splat hair chalk sugar plum,996,https://i5.walmartimages.com/asr/4934021f-2f2a-442f-8112-90ff1634babf_1.38c9adbc6d046d802bc8e296359bde8b.jpeg,simply beautiful pastel colors splat hair chalk beautiful way add pastel color highlights hair chalk slides dry instantly adds right touch color designed compact fit comfortably palm hand easy hold apply hair result soft color easy brush curl style application love new product excited try cruelty free non toxic vegan easily washes shampoo 1 compact box,"beauty, beauty, holiday, gifts, hair, care, holiday, deals, gift, guide, hair, care, consumables, holiday, gift, guide, splat, simply, beautiful, pastel, colors, splat, hair, chalk, beautiful, way, add, pastel, color, highlights, hair, chalk, slides, dry, instantly, adds, right, touch, color, designed, compact, fit, comfortably, palm, hand, easy, hold, apply, hair, result, soft, color, easy, brush, curl, style, application, love, new, product, excited, try, cruelty, free, non, toxic, vegan, easily, washes, shampoo, 1, compact, box"
72.0,5.0,4.7,6,"beauty, makeup, eye, makeup, eyeliner, pencil, eyeliner",kokie cosmetics,kokie professional velvet smooth eyeliner gilded gold 004 oz,724,https://i5.walmartimages.com/asr/70483e0a-6c5a-4c06-802f-b236ae363862_1.7be9c5544df01a3a401c4863069244e3.jpeg,ah pencil eyeliners tried true staple taken loved pencil given kokie treatment kokie professional velvet smooth eyeliner gilded gold oz butter soft glides smooth lasts day kokie professional velvet smooth eyeliner gilded gold oz super rich color transfer run waterproof power confidently apply waterline softer eye try blending eyeliner small brush precise application use pencil sharpener kokie professional velvet smooth eyeliner gilded gold oz tip professional velvet smooth eyeliner waterproof intense color payoff velvety smooth long lasting easy application,"beauty, makeup, eye, makeup, eyeliner, pencil, eyeliner, kokie, cosmetics, ah, pencil, eyeliners, tried, true, staple, taken, loved, pencil, given, kokie, treatment, kokie, professional, velvet, smooth, eyeliner, gilded, gold, oz, butter, soft, glides, smooth, lasts, day, kokie, professional, velvet, smooth, eyeliner, gilded, gold, oz, super, rich, color, transfer, run, waterproof, power, confidently, apply, waterline, softer, eye, try, blending, eyeliner, small, brush, precise, application, use, pencil, sharpener, kokie, professional, velvet, smooth, eyeliner, gilded, gold, oz, tip, professional, velvet, smooth, eyeliner, waterproof, intense, color, payoff, velvety, smooth, long, lasting, easy, application"
9.0,84.0,4.3,7,"personal, care, oral, care, oral, accessories, oral, accessories",anself,tongue scraper reusable portable stainless steel oral tongue cleaner brush fresher sweepers for adults kids,733,https://i5.walmartimages.com/asr/46c229c0-3d98-4e58-a513-b5b460bbdfb3_1.bee6c699dcc2c26e0a4bdc062ed8cb19.jpeg,note item ships international seller expected delivery 10 15 days note item ships international seller expected delivery 10 15 days features help remove bacteria tongue toothbrush nt reach effectively help fight refresh bad breath oral disease effectively tongue germs remove residual durable unique design easy convenient use easy light weight high quality stainless steel specifications type tongue scraper material stainless steel color silver item size cm package size 15x3x1 cm package weight 28 g package list 1 tongue scraper help remove bacteria tongue toothbrush nt reach effectively help fight refresh bad breath oral disease effectively tongue germs remove residual durable unique design easy convenient use easy light weight high quality stainless steel,"personal, care, oral, care, oral, accessories, oral, accessories, anself, note, item, ships, international, seller, expected, delivery, 10, 15, days, note, item, ships, international, seller, expected, delivery, 10, 15, days, features, help, remove, bacteria, tongue, toothbrush, nt, reach, effectively, help, fight, refresh, bad, breath, oral, disease, effectively, tongue, germs, remove, residual, durable, unique, design, easy, convenient, use, easy, light, weight, high, quality, stainless, steel, specifications, type, tongue, scraper, material, stainless, steel, color, silver, item, size, cm, package, size, 15x3x1, cm, package, weight, 28, g, package, list, 1, tongue, scraper, help, remove, bacteria, tongue, toothbrush, nt, reach, effectively, help, fight, refresh, bad, breath, oral, disease, effectively, tongue, germs, remove, residual, durable, unique, design, easy, convenient, use, easy, light, weight, high, quality, stainless, steel"
4.0,70.0,4.8,4,"personal, care, bath, body, bar, soap",ivory,ivory bar soap original 4 oz 4 bars,735,https://i5.walmartimages.com/asr/1fbe1973-0aa5-44f3-b826-adadf455186c_1.152ad4810cff78e49d50f60a80b75155.jpeg,pure floats pure clean simple lightly scented simply gets clean like soap bar soap pure heavy dyes perfumes ingredients sodium tallowate sodium palmate water sodium cocoate sodium palm kernelate glycerin sodium chloride fragrance coconut acid palm kernel acid tallow acid palm acid tetrasodium edta,"personal, care, bath, body, bar, soap, ivory, pure, floats, pure, clean, simple, lightly, scented, simply, gets, clean, like, soap, bar, soap, pure, heavy, dyes, perfumes, ingredients, sodium, tallowate, sodium, palmate, water, sodium, cocoate, sodium, palm, kernelate, glycerin, sodium, chloride, fragrance, coconut, acid, palm, kernel, acid, tallow, acid, palm, acid, tetrasodium, edta"
9.0,97.0,4.6,87,"health, foot, care, insoles",sof sole,sof sole insoles mens athlete performance fulllength gel shoe insert mens 11125,755,https://i5.walmartimages.com/asr/4333de63-fdd1-46c1-bf96-20b019612180_1.caaa2a4cc129205066e09ce70f1e697a.jpeg,sof sole insoles mens athlete performance length gel shoe insert mens 11 country origin switzerland,"health, foot, care, insoles, sof, sole, sof, sole, insoles, mens, athlete, performance, length, gel, shoe, insert, mens, 11, country, origin, switzerland"
37.0,12.0,4.4,25,"auto, tires, auto, detailing, car, care, car, wash, supplies, squeegees, scrapers",quickie,quickie homepro shower squeegee,821,https://i5.walmartimages.com/asr/76de1db7-36e5-4481-918c-5cd2d64637fb_1.17aa86e22768853ea3676d372f770f35.jpeg,quickie homepro shower squeegee lets quick work cleaning chores ideal use doors mirrors variety surfaces angled design maximum performance comfort grip handle comes patented quotno feature quickie shower squeegee simple use whisks away water quickly faster drying times handle equipped hanging feature convenient storage antimicrobial agent protection odor bacteria mold mildew quickie homepro shower squeegee bathroom squeegee works shower doors mirrors bathroom surfaces angled design comfort quotno grip hanging feature convenient storage antimicrobial agent provides continuous product protection odor causing bacteria mold mildew,"auto, tires, auto, detailing, car, care, car, wash, supplies, squeegees, scrapers, quickie, quickie, homepro, shower, squeegee, lets, quick, work, cleaning, chores, ideal, use, doors, mirrors, variety, surfaces, angled, design, maximum, performance, comfort, grip, handle, comes, patented, quotno, feature, quickie, shower, squeegee, simple, use, whisks, away, water, quickly, faster, drying, times, handle, equipped, hanging, feature, convenient, storage, antimicrobial, agent, protection, odor, bacteria, mold, mildew, quickie, homepro, shower, squeegee, bathroom, squeegee, works, shower, doors, mirrors, bathroom, surfaces, angled, design, comfort, quotno, grip, hanging, feature, convenient, storage, antimicrobial, agent, provides, continuous, product, protection, odor, causing, bacteria, mold, mildew"
23.0,37.0,1.0,1,"personal, care, sun, care, sunscreen",artnaturals,art naturals sport spf 5,858,https://i5.walmartimages.com/asr/aa5449d1-266a-4546-886e-eeec6483e172_2.6134294a3d9e549136bbf5e89ae720fb.jpeg,water resistant 80 min hawaii reef safe compliant oxybenzone free octinoxate free paraben free hypoallergenic uses helps prevent sunburn sport spf 50 lotion 6 fl oz,"personal, care, sun, care, sunscreen, artnaturals, water, resistant, 80, min, hawaii, reef, safe, compliant, oxybenzone, free, octinoxate, free, paraben, free, hypoallergenic, uses, helps, prevent, sunburn, sport, spf, 50, lotion, 6, fl, oz"
32.0,5.0,4.3,3,"personal, care, shaving, body, hair, removal, waxes, depilatory, cream",walfront,hard wax beans no strip depilatory arm leg hair removal hard wax waxing beans 100g strawberry,960,https://i5.walmartimages.com/asr/0d751342-487a-439d-8cf4-c1f1613264d0_1.e1fa87ebceb0c6c1fbaf5d3d87a8dcef.jpeg,description worry unwanted hairs depilatory wax bean good choice mild ingredient remove unwanted hairs comfortably nourish smooth tighten skin hair removal armpit arm leg body parts good product bring home features adopting natural pure ingredients ensure harmless stimulation skin hair removal add soothing ingredients natural care basis pure physical hair removal different skin types reduce skin irritation strengthen hair removal effect special produced based human body hair structure like hair length hardness better removing hair delay growth excellent grip strong stubborn hairs areas body like face arm legs underarm etc depilatory paper required heating wax bean spatula apply wax skin directly convenient use available 10 flavors choose favor specification condition 100 brand new item type hard wax beans main ingredients natural rosin mineral oil function removing unwanted hairs armpit arm legs body parts optional types chocolate lavender strawberry honey green tea rose cream tea tree chamomile black color quantity 1 x bag 100 g hard wax beans package weight approx g use 1 heat wax pellets wax heater choice heat working temperature 2 apply thin layer wax depilated area direction hair growth 3 remove wax firm action direction hair growth wax hard package include 1 x bag wax beans note 1 depilatory paper required heating wax spatula apply skin 2 black color flavour special designed men adopting natural pure ingredients ensure harmless stimulation skin hair removal add soothing ingredients natural care basis pure physical hair removal different skin types reduce skin irritation strengthen hair removal effect special produced based human body hair structure like hair length hardness better removing hair delay growth excellent grip strong stubborn hairs areas body like face arm legs underarm etc depilatory paper required heating wax bean spatula apply wax skin directly convenient use,"personal, care, shaving, body, hair, removal, waxes, depilatory, cream, walfront, description, worry, unwanted, hairs, depilatory, wax, bean, good, choice, mild, ingredient, remove, unwanted, hairs, comfortably, nourish, smooth, tighten, skin, hair, removal, armpit, arm, leg, body, parts, good, product, bring, home, features, adopting, natural, pure, ingredients, ensure, harmless, stimulation, skin, hair, removal, add, soothing, ingredients, natural, care, basis, pure, physical, hair, removal, different, skin, types, reduce, skin, irritation, strengthen, hair, removal, effect, special, produced, based, human, body, hair, structure, like, hair, length, hardness, better, removing, hair, delay, growth, excellent, grip, strong, stubborn, hairs, areas, body, like, face, arm, legs, underarm, etc, depilatory, paper, required, heating, wax, bean, spatula, apply, wax, skin, directly, convenient, use, available, 10, flavors, choose, favor, specification, condition, 100, brand, new, item, type, hard, wax, beans, main, ingredients, natural, rosin, mineral, oil, function, removing, unwanted, hairs, armpit, arm, legs, body, parts, optional, types, chocolate, lavender, strawberry, honey, green, tea, rose, cream, tea, tree, chamomile, black, color, quantity, 1, x, bag, 100, g, hard, wax, beans, package, weight, approx, g, use, 1, heat, wax, pellets, wax, heater, choice, heat, working, temperature, 2, apply, thin, layer, wax, depilated, area, direction, hair, growth, 3, remove, wax, firm, action, direction, hair, growth, wax, hard, package, include, 1, x, bag, wax, beans, note, 1, depilatory, paper, required, heating, wax, spatula, apply, skin, 2, black, color, flavour, special, designed, men, adopting, natural, pure, ingredients, ensure, harmless, stimulation, skin, hair, removal, add, soothing, ingredients, natural, care, basis, pure, physical, hair, removal, different, skin, types, reduce, skin, irritation, strengthen, hair, removal, effect, special, produced, based, human, body, hair, structure, like, hair, length, hardness, better, removing, hair, delay, growth, excellent, grip, strong, stubborn, hairs, areas, body, like, face, arm, legs, underarm, etc, depilatory, paper, required, heating, wax, bean, spatula, apply, wax, skin, directly, convenient, use"
8.0,96.0,2.3,3,"personal, care, feminine, care, carefree",carefree,carefree actifresh body shape thin to go pantiliners unscented 60 ea pack of 3,981,https://i5.walmartimages.com/asr/cbe4fe37-e6a7-4d5d-88fe-76f94d72efca_1.c5ae7509f2642dc489b438e7caef2427.jpeg,pack 3 upc 380041000468 carefreeâ acti freshâ liners super absorbent lock fluid away designed deliver ultimate freshness day thinner absorbent liner feels soft panties fibers acti freshâ liners cover bonded soft cotton like feel moves carefreeâ acti freshâ liners 8 hour odor control system feel freshness feels soft thin panty new core proven absorb 2x previous carefree body shape regular 8 hour odor control center pack 3 upc 380041000468 carefreeâ acti freshâ liners super absorbent lock fluid away designed deliver ultimate freshness day thinner absorbent liner feels soft panties fibers acti freshâ liners cover bonded soft cotton like feel moves carefreeâ acti freshâ liners 8 hour odor control system feel freshness feels soft thin panty new core proven absorb 2x previous carefree body shape regular 8 hour odor control center,"personal, care, feminine, care, carefree, carefree, pack, 3, upc, 380041000468, carefreeâ, acti, freshâ, liners, super, absorbent, lock, fluid, away, designed, deliver, ultimate, freshness, day, thinner, absorbent, liner, feels, soft, panties, fibers, acti, freshâ, liners, cover, bonded, soft, cotton, like, feel, moves, carefreeâ, acti, freshâ, liners, 8, hour, odor, control, system, feel, freshness, feels, soft, thin, panty, new, core, proven, absorb, 2x, previous, carefree, body, shape, regular, 8, hour, odor, control, center, pack, 3, upc, 380041000468, carefreeâ, acti, freshâ, liners, super, absorbent, lock, fluid, away, designed, deliver, ultimate, freshness, day, thinner, absorbent, liner, feels, soft, panties, fibers, acti, freshâ, liners, cover, bonded, soft, cotton, like, feel, moves, carefreeâ, acti, freshâ, liners, 8, hour, odor, control, system, feel, freshness, feels, soft, thin, panty, new, core, proven, absorb, 2x, previous, carefree, body, shape, regular, 8, hour, odor, control, center"
74.0,8.0,5.0,1,"household, essentials, air, fresheners, spray, air, fresheners, trigger, spray, trigger, spray",fresh products,fusion metered aerosols cotton blossom 625 oz aerosol 12carton,996,https://i5.walmartimages.com/asr/d7c404c9-d4b8-49cf-8c85-8603c96c589e_1.36c0030533b92809dfbe0f706ead7ee2.jpeg,fusing science metered aerosols natural oils superior fragrances fragrances simply smell harsh chemical overtone patented odor neutralizer ordenone encapsulates malodor molecules eliminates odors source fusions smaller particle size float air longer smell longer sprays lasts 30 days deodorize room cubic feet scent cotton blossom physical form liquid application automatic odor control capacity volume oz,"household, essentials, air, fresheners, spray, air, fresheners, trigger, spray, trigger, spray, fresh, products, fusing, science, metered, aerosols, natural, oils, superior, fragrances, fragrances, simply, smell, harsh, chemical, overtone, patented, odor, neutralizer, ordenone, encapsulates, malodor, molecules, eliminates, odors, source, fusions, smaller, particle, size, float, air, longer, smell, longer, sprays, lasts, 30, days, deodorize, room, cubic, feet, scent, cotton, blossom, physical, form, liquid, application, automatic, odor, control, capacity, volume, oz"
14.0,7.0,4.2,117,"premium, beauty, premium, beauty, tech, skin, devices, premium, hair, tech, tools, devices",hairmax,299 value hairmax lasercomb ultima 9 classic laser hair growth comb,998,https://i5.walmartimages.com/asr/408bb39b-a4ec-473b-952d-eac34d1b5d95_1.28a1bbd8d70bae263353af812786c3a0.jpeg,,"premium, beauty, premium, beauty, tech, skin, devices, premium, hair, tech, tools, devices, hairmax,"
43.0,46.0,3.0,1,"health, aromatherapy, aromatherapy",good essential,peony scented oil by good essential premium grade fragrance oil  perfect for aromatherapy soaps candles slime lotions and more,527,https://i5.walmartimages.com/asr/c1271c89-a6cf-4ba1-bfc7-37f41bca3fcd_1.5f28dd072b172928a3f9d79f2ee3701b.jpeg,10ml bottle good essential peony fragrance oil premium grade peony fragrance oil good essentials provides highest quality fragrance oil peony scented oil absolutely amazing know ll love premium grade peony fragrance oil good essentials provides highest quality fragrance oil peony scented oil absolutely amazing know ll love bottled 10ml amber glass bottle eurodropper peony oil bottled durable amber glass bottle comes euro style dropper easy dispensing oils bottled right usa add drops diffuser simply add couple drops aromatherapy diffuser steam reed fill entire room lovely peony smell perfect flavor candles soaps including slime making perfumes air fresheners home lotions cleaning products aromatherapy soap making candle making bath bombs potpourri reed diffusers,"health, aromatherapy, aromatherapy, good, essential, 10ml, bottle, good, essential, peony, fragrance, oil, premium, grade, peony, fragrance, oil, good, essentials, provides, highest, quality, fragrance, oil, peony, scented, oil, absolutely, amazing, know, ll, love, premium, grade, peony, fragrance, oil, good, essentials, provides, highest, quality, fragrance, oil, peony, scented, oil, absolutely, amazing, know, ll, love, bottled, 10ml, amber, glass, bottle, eurodropper, peony, oil, bottled, durable, amber, glass, bottle, comes, euro, style, dropper, easy, dispensing, oils, bottled, right, usa, add, drops, diffuser, simply, add, couple, drops, aromatherapy, diffuser, steam, reed, fill, entire, room, lovely, peony, smell, perfect, flavor, candles, soaps, including, slime, making, perfumes, air, fresheners, home, lotions, cleaning, products, aromatherapy, soap, making, candle, making, bath, bombs, potpourri, reed, diffusers"
2.0,46.0,2.7,69,"household, essentials, household, essentials, brand, glade, glade, air, fresheners",glade,glade plugin scented oil warmer holder 1 ct,543,https://i5.walmartimages.com/asr/607176cc-e6f1-4a47-99e8-9db928f58a75_1.f987f388a3a678db1da00de304292810.jpeg,glade plugin scented oil warmer 1 ct,"household, essentials, household, essentials, brand, glade, glade, air, fresheners, glade, glade, plugin, scented, oil, warmer, 1, ct"
3.0,92.0,4.0,528,"beauty, makeup, face, makeup, foundation, maybelline, foundation, fair, shades",maybelline,maybelline fit me shinefree  balance stick foundation natural beige 032 oz,557,https://i5.walmartimages.com/asr/b59970a4-f05a-4eb1-9928-2412b99addcf.a7645d17f847b3a04578653162c10c81.jpeg,lightweight gel foundation exclusive anti shine powder core instantly dissolves excess oil pores look minimized skin stays shine free hours oil absorbing foundation stick goes creamy blends natural matte finish medium coverage dermatologist tested allergy tested non comedogenic suitable sensitive skin fragrance free packaging vary absorbs excess oil reduces appearance shine minimizes appearance pores leaves natural matte finish skin looks perfected medium coverage lightweight gel foundation,"beauty, makeup, face, makeup, foundation, maybelline, foundation, fair, shades, maybelline, lightweight, gel, foundation, exclusive, anti, shine, powder, core, instantly, dissolves, excess, oil, pores, look, minimized, skin, stays, shine, free, hours, oil, absorbing, foundation, stick, goes, creamy, blends, natural, matte, finish, medium, coverage, dermatologist, tested, allergy, tested, non, comedogenic, suitable, sensitive, skin, fragrance, free, packaging, vary, absorbs, excess, oil, reduces, appearance, shine, minimizes, appearance, pores, leaves, natural, matte, finish, skin, looks, perfected, medium, coverage, lightweight, gel, foundation"
6.0,31.0,4.0,26,"beauty, makeup, nails",onyx professional,onyx professional moisturizing formula lavender nail polish remover 16 fl oz,580,https://i5.walmartimages.com/asr/0d67235f-3f2e-4981-975a-7720e4428936_1.da268a15205fa5efbff43121fe31b272.jpeg,lavender moisturizing salon strength formula conditions nails vitamin e grape seed oil removes nail polish nail glue nail glitter lavender scented includes 16 oz bottles comes nail file lavender moisturizing salon strength formula conditions nails vitamin e grape seed oil removes nail polish nail glue nail glitter lavender scented includes 16 oz bottles comes nail file free parabens tested animals,"beauty, makeup, nails, onyx, professional, lavender, moisturizing, salon, strength, formula, conditions, nails, vitamin, e, grape, seed, oil, removes, nail, polish, nail, glue, nail, glitter, lavender, scented, includes, 16, oz, bottles, comes, nail, file, lavender, moisturizing, salon, strength, formula, conditions, nails, vitamin, e, grape, seed, oil, removes, nail, polish, nail, glue, nail, glitter, lavender, scented, includes, 16, oz, bottles, comes, nail, file, free, parabens, tested, animals"
1.0,43.0,4.4,3454,"personal, care, feminine, care, feminine, care",kotex,u by kotex click compact tampons super plus absorbency unscented 18 count,590,https://i5.walmartimages.com/asr/2eca75fe-ca0a-454d-b930-c43a76ff016f.926cfda1d4ed2a1efe6ad85dae5179ae.jpeg,sized period protection comfortable compact tampon u kotex click super plus tampons allow discreetly carry purse pocket small size big protection tampons compact size tampon easy pull lower half tampon hear lock insert click tampons designed smooth tip comfortable quick easy insertion tampon expands fully covered help stop leaks super plus absorbency unscented tampons natural rubber latex fragrance free absorb 12 15 grams fluid available regular super absorbencies need additional coverage use u kotex barely liners backup kotex click super plus tampons capture absorb fluid powerful period protection direction designed comfort click tampons smooth tip quick easy comfortable insertion unscented tampon expands moves coverage helping prevent leaks small compact discreetly carry purse pocket transform sized tampon easy step super plus absorbency individually wrapped u kotex feminine products fsa eligible packaging vary image shown,"personal, care, feminine, care, feminine, care, kotex, sized, period, protection, comfortable, compact, tampon, u, kotex, click, super, plus, tampons, allow, discreetly, carry, purse, pocket, small, size, big, protection, tampons, compact, size, tampon, easy, pull, lower, half, tampon, hear, lock, insert, click, tampons, designed, smooth, tip, comfortable, quick, easy, insertion, tampon, expands, fully, covered, help, stop, leaks, super, plus, absorbency, unscented, tampons, natural, rubber, latex, fragrance, free, absorb, 12, 15, grams, fluid, available, regular, super, absorbencies, need, additional, coverage, use, u, kotex, barely, liners, backup, kotex, click, super, plus, tampons, capture, absorb, fluid, powerful, period, protection, direction, designed, comfort, click, tampons, smooth, tip, quick, easy, comfortable, insertion, unscented, tampon, expands, moves, coverage, helping, prevent, leaks, small, compact, discreetly, carry, purse, pocket, transform, sized, tampon, easy, step, super, plus, absorbency, individually, wrapped, u, kotex, feminine, products, fsa, eligible, packaging, vary, image, shown"
6.0,32.0,4.0,6,"home, bedding, basic, bedding, pillow, cases",unique bargains,unique bargains set of 2 silky satin pillow cases covers slate gray toddler,611,https://i5.walmartimages.com/asr/e4fffd15-6798-4336-a684-2348f1987642.03baa0f1598a8c95316bb62357c07ddf.jpeg,,"home, bedding, basic, bedding, pillow, cases, unique, bargains,"
98.0,4.0,4.7,84,"health, vitamins, supplements, supplements",swanson premium,swanson pumpkin seed oil 1000 mg 200 sgels,630,https://i5.walmartimages.com/asr/2bce2e93-ffe1-4b8a-b678-af0169230bee.7b19253fac63ade5a8a2cfb8849172c1.png,promote prostate health swanson pumpkin seed oil unique formula features nutritional profile ideally suited mature man features balanced blend essential fatty acids unique nutritive benefits prostate health nutrient loaded prostate care essential fatty acids mg softgel 100 money guarantee products reflect commitment giving best quality service best price guarantee product purchase purest freshest nutrients meets highest quality standards nt completely satisfied purchased 30 days simply return unused portion refund gmp guidelines set forth fda products formulated 24 months date manufacture liquids probiotics formulated 12 months,"health, vitamins, supplements, supplements, swanson, premium, promote, prostate, health, swanson, pumpkin, seed, oil, unique, formula, features, nutritional, profile, ideally, suited, mature, man, features, balanced, blend, essential, fatty, acids, unique, nutritive, benefits, prostate, health, nutrient, loaded, prostate, care, essential, fatty, acids, mg, softgel, 100, money, guarantee, products, reflect, commitment, giving, best, quality, service, best, price, guarantee, product, purchase, purest, freshest, nutrients, meets, highest, quality, standards, nt, completely, satisfied, purchased, 30, days, simply, return, unused, portion, refund, gmp, guidelines, set, forth, fda, products, formulated, 24, months, date, manufacture, liquids, probiotics, formulated, 12, months"
99.0,6.0,3.2,5,"arts, crafts, sewing, crafting, fabric, apparel, crafting, fabric, dyes",craft county,craft county 8oz rit liquid allpurpose dye  paint fabrics  more  huge color selection for tiedye dipdye marble ombré  shibori,633,https://i5.walmartimages.com/asr/a5bf0b22-e79d-4a10-be2a-4d7abae1ac19.8f6859968416e7793308cc09d8d68c4f.jpeg,brighten decorate compliment world easy use rit liquid dyes craft county bring new life dull room enhance coloring faded materials create entirely unique apply vibrantly colored dyes possibilities ending choose giant selection perfect color bottle contains 8 ounces non toxic liquid fabric dye capable dyeing 2 pounds dry weight 6 yards medium weight fabric process simple instructions tips included requires 3 gallon bucket warm water versatile paint tie dye dip dye marble ombrã shibori 100 true color apply white white surfaces combine colored fabrics create new blends patterns enhance old faded colors favorite garment blanket achieve 100 true color white white surfaces easily dye 2lbs dry weight 6 yards medium weight fabric dyeing takes 10 minutes hour depending material create unique patterns blends enhance faded colors rejuvenate old looks works natural fabrics certain synthetics wood wicker paper cork instructions tips included bottle,"arts, crafts, sewing, crafting, fabric, apparel, crafting, fabric, dyes, craft, county, brighten, decorate, compliment, world, easy, use, rit, liquid, dyes, craft, county, bring, new, life, dull, room, enhance, coloring, faded, materials, create, entirely, unique, apply, vibrantly, colored, dyes, possibilities, ending, choose, giant, selection, perfect, color, bottle, contains, 8, ounces, non, toxic, liquid, fabric, dye, capable, dyeing, 2, pounds, dry, weight, 6, yards, medium, weight, fabric, process, simple, instructions, tips, included, requires, 3, gallon, bucket, warm, water, versatile, paint, tie, dye, dip, dye, marble, ombrã, shibori, 100, true, color, apply, white, white, surfaces, combine, colored, fabrics, create, new, blends, patterns, enhance, old, faded, colors, favorite, garment, blanket, achieve, 100, true, color, white, white, surfaces, easily, dye, 2lbs, dry, weight, 6, yards, medium, weight, fabric, dyeing, takes, 10, minutes, hour, depending, material, create, unique, patterns, blends, enhance, faded, colors, rejuvenate, old, looks, works, natural, fabrics, certain, synthetics, wood, wicker, paper, cork, instructions, tips, included, bottle"
43.0,9.0,4.7,6,"health, aromatherapy, essential, oils, essential, oils",artizen,artizen eucalyptus essential oil 100 pure  natural  undiluted therapeutic grade  huge 4oz bottle  perfect for aromatherapy relaxation skin therapy  more,644,https://i5.walmartimages.com/asr/d8c17ad8-0b14-45ea-9b63-1394615bc68e_1.79a2714a8b7fb7e5a0de34224a2b830f.jpeg,100 pure eucalyptus essential oil artizen guaranteed highest quality potent eucalyptus oil sets artizen essential oils apart unparalleled purity concentration natural adulterants dilution oils provide maximum benefit possible uncompromising nt fall victim cheap diluted eucalyptus oil competition dilute oil cheap carrier oil potentially dangerous chemicals eucalyptus oil routinely tested purity unique qualities order ensure buying purest oil available 4 ounce eucalyptus oils contain natural oil unfortunately s lot misrepresentation term 100 oil usually natural oil carrier oil high quality bottles use high quality bottles infused uv colored coating protect essential oils sunlight degradation lifetime warranty guarantee manufacturer artizen essential oils offers lifetime warranty guarantee product unsatisfied reason replace product refund money stand guarantee purity oils,"health, aromatherapy, essential, oils, essential, oils, artizen, 100, pure, eucalyptus, essential, oil, artizen, guaranteed, highest, quality, potent, eucalyptus, oil, sets, artizen, essential, oils, apart, unparalleled, purity, concentration, natural, adulterants, dilution, oils, provide, maximum, benefit, possible, uncompromising, nt, fall, victim, cheap, diluted, eucalyptus, oil, competition, dilute, oil, cheap, carrier, oil, potentially, dangerous, chemicals, eucalyptus, oil, routinely, tested, purity, unique, qualities, order, ensure, buying, purest, oil, available, 4, ounce, eucalyptus, oils, contain, natural, oil, unfortunately, s, lot, misrepresentation, term, 100, oil, usually, natural, oil, carrier, oil, high, quality, bottles, use, high, quality, bottles, infused, uv, colored, coating, protect, essential, oils, sunlight, degradation, lifetime, warranty, guarantee, manufacturer, artizen, essential, oils, offers, lifetime, warranty, guarantee, product, unsatisfied, reason, replace, product, refund, money, stand, guarantee, purity, oils"
735.0,1.0,4.0,6,"beauty, clearance, rollback, beauty, products, clearance, rollback, hair, products",colors,la colors lipliner pencil cappuccino,646,https://i5.walmartimages.com/asr/a671ca00-dbde-4a59-a30e-72b549eec7fb_1.0594449fbef0014f483f9cfac623fc19.jpeg,p531 cappuccino lipliner,"beauty, clearance, rollback, beauty, products, clearance, rollback, hair, products, colors, p531, cappuccino, lipliner"
2.0,63.0,4.6,44,"health, sleep, better, calm, mind",pura,pura dor 10 essential oils wood box set 10ml usda organic 100 pure therapeutic grade tea tree lemon lavender sweet orange rosemary lemongrass frankincense peppermint eucalyptus cedarwood,649,https://i5.walmartimages.com/asr/adbdea2d-71cf-4acf-bcd7-52e08219a2ae_1.7b0480bbfa6beb29cc9f3e13a77e580b.jpeg,sense smell oldest strongest sense body help detect harm far away cases helps find peace balance body mind pura dor perfect 10 essential oil kit 100 pure natural usda certified organic therapeutic grade quality aromatherapy oils essential oils offer variety uses aromatherapy improving overall wellness massage therapy initiate sleep essential oils extracted root seed flower leaf bark tree plant pure natural holds powerful incredibly beneficial compounds targets areas tension stress issues oil essential oil set diffused topically applied diluted experience unique properties feel connected nature set aromatherapy oils comes lavender essential oil pure peppermint oil tea tree oil lemon oil sweet orange oil rosemary oil lemongrass oil frankincense essential oil eucalyptus oil cedarwood oil essential oils highly potent direct application dilution cause dryness irritation skin important dilute favorite essential oil carrier oils choice safe topical application pura dor products free harsh ingredients cruelty free products manufactured facility southern california use renewable energy source improve emotional physical health stress daily lives cause different issues mental physical health dilute essential oils use massage oil improved improve overall wellness natural extracts specific oils help relieving tensions boost ones mental health circulation improve retention focus essential oils diffuser calm mind break daily stress work school home connected nature mind ease initiate restful sleep therapeutic diffuser oils scents different seasons drop goes long way oil set comes 10 different pure aromatherapy essential oils packaged presentable wood box 10ml essential oil bottles traditional homeopathy improving general vitality guaranteed long time satisfaction guarantee healthy mind happy customers offer 100 satisfaction guarantee unsatisfied essential oil set let know refund,"health, sleep, better, calm, mind, pura, sense, smell, oldest, strongest, sense, body, help, detect, harm, far, away, cases, helps, find, peace, balance, body, mind, pura, dor, perfect, 10, essential, oil, kit, 100, pure, natural, usda, certified, organic, therapeutic, grade, quality, aromatherapy, oils, essential, oils, offer, variety, uses, aromatherapy, improving, overall, wellness, massage, therapy, initiate, sleep, essential, oils, extracted, root, seed, flower, leaf, bark, tree, plant, pure, natural, holds, powerful, incredibly, beneficial, compounds, targets, areas, tension, stress, issues, oil, essential, oil, set, diffused, topically, applied, diluted, experience, unique, properties, feel, connected, nature, set, aromatherapy, oils, comes, lavender, essential, oil, pure, peppermint, oil, tea, tree, oil, lemon, oil, sweet, orange, oil, rosemary, oil, lemongrass, oil, frankincense, essential, oil, eucalyptus, oil, cedarwood, oil, essential, oils, highly, potent, direct, application, dilution, cause, dryness, irritation, skin, important, dilute, favorite, essential, oil, carrier, oils, choice, safe, topical, application, pura, dor, products, free, harsh, ingredients, cruelty, free, products, manufactured, facility, southern, california, use, renewable, energy, source, improve, emotional, physical, health, stress, daily, lives, cause, different, issues, mental, physical, health, dilute, essential, oils, use, massage, oil, improved, improve, overall, wellness, natural, extracts, specific, oils, help, relieving, tensions, boost, ones, mental, health, circulation, improve, retention, focus, essential, oils, diffuser, calm, mind, break, daily, stress, work, school, home, connected, nature, mind, ease, initiate, restful, sleep, therapeutic, diffuser, oils, scents, different, seasons, drop, goes, long, way, oil, set, comes, 10, different, pure, aromatherapy, essential, oils, packaged, presentable, wood, box, 10ml, essential, oil, bottles, traditional, homeopathy, improving, general, vitality, guaranteed, long, time, satisfaction, guarantee, healthy, mind, happy, customers, offer, 100, satisfaction, guarantee, unsatisfied, essential, oil, set, let, know, refund"
81.0,3.0,3.0,2,"beauty, makeup, face",maja,maja morisco creme powder compact 053 oz,670,https://i5.walmartimages.com/asr/21e64e82-7b25-4a58-b9cf-2f0a4263ac25_1.82aa20880902dd3bc46026f105af1951.jpeg,maja morisco creme powder compact creates soft complexion glowing texture long lasting superior face powder,"beauty, makeup, face, maja, maja, morisco, creme, powder, compact, creates, soft, complexion, glowing, texture, long, lasting, superior, face, powder"
69.0,90.0,3.0,2,"beauty, makeup, face, makeup, bronzer, bronzing, powder",wet n wild,wet n wild megaglo illuminating powder 347 spotlight peach 032 oz,702,https://i5.walmartimages.com/asr/253e8637-0dac-43fc-951b-8679f27dbaa4_1.d4ca69c3e546e72c032db709faa4f542.jpeg,wet n wild megaglo illuminating powder ideal occasions want stand features ethereal shimmering effect makeup powder excellent mixed n wild megaglo illuminating powder create luminous glow subtle iridescence complexion swirl pearlescent hues use individually highlight face neck chest body wet n wild illuminating powder comes different gorgeous colors,"beauty, makeup, face, makeup, bronzer, bronzing, powder, wet, n, wild, wet, n, wild, megaglo, illuminating, powder, ideal, occasions, want, stand, features, ethereal, shimmering, effect, makeup, powder, excellent, mixed, n, wild, megaglo, illuminating, powder, create, luminous, glow, subtle, iridescence, complexion, swirl, pearlescent, hues, use, individually, highlight, face, neck, chest, body, wet, n, wild, illuminating, powder, comes, different, gorgeous, colors"
70.0,8.0,3.8,2369,"beauty, makeup, face, makeup, face, makeup, brands, covergirl, face, makeup",covergirl,covergirl trublend liquid foundation m6 perfect beige,724,https://i5.walmartimages.com/asr/08f5fb90-6d6f-454f-8669-3b19f5261d6a.4a293a9a4412f63bbeebc93a908e53ed.jpeg,trublend liquid makeup available 21 shades features new shade matching system find perfect blend determine shade family second choose number coordinate complementary trublend products based number seamlessly flawless nude look blends virtually disappears,"beauty, makeup, face, makeup, face, makeup, brands, covergirl, face, makeup, covergirl, trublend, liquid, makeup, available, 21, shades, features, new, shade, matching, system, find, perfect, blend, determine, shade, family, second, choose, number, coordinate, complementary, trublend, products, based, number, seamlessly, flawless, nude, look, blends, virtually, disappears"
2.0,90.0,5.0,2,"personal, care, shaving, beard, trimmers, tools, beard, trimmers",oster,oster 76023510 fast feed clipper  8 piece comb set,738,https://i5.walmartimages.com/asr/b17c3943-7041-45d6-b266-af8a1f709d5b_1.6674b630024a52449c085c0e23858f75.jpeg,whisper quiet pivot motor 2x powerful magnetic motor clipper optional blade sets 76913 506 76913 536 purchased separately thank,"personal, care, shaving, beard, trimmers, tools, beard, trimmers, oster, whisper, quiet, pivot, motor, 2x, powerful, magnetic, motor, clipper, optional, blade, sets, 76913, 506, 76913, 536, purchased, separately, thank"
5.0,55.0,4.0,12,"beauty, makeup, lip",unknown,okeeffes lip repair tube,740,https://i5.walmartimages.com/asr/c8515f4d-d7d2-4e7b-8650-2e0795be2287_3.47b0cc421d68a9b652e63511df4d54f5.jpeg,okeeffes lip repair original tubeguaranteed relief extremely dry cracked lipsthis highly effective lip balm heals relieves repairs extremely dry cracked lips daily lip repair clinically proven provide instant relief day moisture 1 create flexible barrier heal dry cracked protect dryness day eat absorb quickly provide soft smooth lasting,"beauty, makeup, lip, , okeeffes, lip, repair, original, tubeguaranteed, relief, extremely, dry, cracked, lipsthis, highly, effective, lip, balm, heals, relieves, repairs, extremely, dry, cracked, lips, daily, lip, repair, clinically, proven, provide, instant, relief, day, moisture, 1, create, flexible, barrier, heal, dry, cracked, protect, dryness, day, eat, absorb, quickly, provide, soft, smooth, lasting"
69.0,77.0,3.7,3,"premium, beauty, premium, hair, care, premium, styling, products, hair, spray",color wow,color wow style on steroids performanceenhancing texture spray 7 oz,754,https://i5.walmartimages.com/asr/cba5ff51-9476-4e2e-aaed-2a6e312d1891.288605c6ece8d0542606429c1ef7a8c7.jpeg,,"premium, beauty, premium, hair, care, premium, styling, products, hair, spray, color, wow,"
29.0,40.0,5.0,3,"premium, beauty, premium, hair, care, hair, tools, premium, conditioners",matrix,biolage color care acidic conditioner rinse  169 oz,758,https://i5.walmartimages.com/asr/1ff085da-29e1-442a-8030-b707c625ed18.7fa13accaeb527e4e4f375fc1688a6f8.jpeg,,"premium, beauty, premium, hair, care, hair, tools, premium, conditioners, matrix,"
11.0,6.0,4.8,6,"personal, care, deodorants, antiperspirants",herban cowboy,herban cowboy deodorant forest 2 8 oz 80 g,779,https://i5.walmartimages.com/asr/fd9bd9a0-c783-46c0-9209-f1b138002c3b_1.46cf41e8b18470906464a043fdb36000.jpeg,vegan phthalates aluminum triclosan cruelty free vegan phthalates aluminum triclosan cruelty free,"personal, care, deodorants, antiperspirants, herban, cowboy, vegan, phthalates, aluminum, triclosan, cruelty, free, vegan, phthalates, aluminum, triclosan, cruelty, free"
7.0,11.0,4.7,34,"household, essentials, cleaning, supplies, cleaning, tools, dusters",oxo,oxo good grips microfiber hand duster,787,https://i5.walmartimages.com/asr/a2f447e9-f02e-4167-9364-9c26c4d8cb8c_1.6379b3cf264575d8d096687a5eaa447e.jpeg,oxo good grips microfiber hand duster sku cleaning chore oxo good grips microfiber hand duster double sided duster features flexible head long fluffy fibers nooks crannies remove dust objects light touch slim profile fit tight spaces generous head covers large surface swipe clean microfiber head simply unsnap duster best results wash cold water fabric softener bleach dry heat duster machine sku adib00940dv6w,"household, essentials, cleaning, supplies, cleaning, tools, dusters, oxo, oxo, good, grips, microfiber, hand, duster, sku, cleaning, chore, oxo, good, grips, microfiber, hand, duster, double, sided, duster, features, flexible, head, long, fluffy, fibers, nooks, crannies, remove, dust, objects, light, touch, slim, profile, fit, tight, spaces, generous, head, covers, large, surface, swipe, clean, microfiber, head, simply, unsnap, duster, best, results, wash, cold, water, fabric, softener, bleach, dry, heat, duster, machine, sku, adib00940dv6w"
69.0,5.0,5.0,1,"premium, beauty, premium, bath, body, premium, body, washes, shower, gels",dermalogica,dermalogica conditioning body wash pro 32 oz free shipping,839,https://i5.walmartimages.com/asr/74486e21-a298-40ba-8c12-5846c07f687f.8bbfeed43d57efea95d2900f9beec7ca.jpeg,,"premium, beauty, premium, bath, body, premium, body, washes, shower, gels, dermalogica,"
33.0,3.0,4.7,99,"household, essentials, air, fresheners, automatic, air, fresheners, air, wick, automatic, sprayers",air wick,air wick freshmatic automatic spray refill 2 ct fresh waters air freshener,840,https://i5.walmartimages.com/asr/bb2911ad-20ec-4173-9ccd-a9ac1909f0d6_1.1cc189fa892223c81a016f562e1d7e84.jpeg,air wick freshmatic ultra automatic air freshener fills home continuous fresh fragrance refill provides continuous fragrance 60 days freshmatic diffuser 3 settings achieve desired fragrance level enjoy continuous freshness bathroom living room office den confidence knowing home welcoming pleasurable family unexpected guests based low setting capture freshness cool sparkling stream mixed light scent summer evening breeze contains natural essential oils better fragrance experience freshmatic refill provides 60 days automatic continuous fragrance refills use air wick freshmatic automatic spray gadgets use room living room bathroom bedroom hallways kitchens office,"household, essentials, air, fresheners, automatic, air, fresheners, air, wick, automatic, sprayers, air, wick, air, wick, freshmatic, ultra, automatic, air, freshener, fills, home, continuous, fresh, fragrance, refill, provides, continuous, fragrance, 60, days, freshmatic, diffuser, 3, settings, achieve, desired, fragrance, level, enjoy, continuous, freshness, bathroom, living, room, office, den, confidence, knowing, home, welcoming, pleasurable, family, unexpected, guests, based, low, setting, capture, freshness, cool, sparkling, stream, mixed, light, scent, summer, evening, breeze, contains, natural, essential, oils, better, fragrance, experience, freshmatic, refill, provides, 60, days, automatic, continuous, fragrance, refills, use, air, wick, freshmatic, automatic, spray, gadgets, use, room, living, room, bathroom, bedroom, hallways, kitchens, office"
6.0,43.0,4.7,18,"personal, care, bath, body, body, lotions, creams",sheamoisture,shea moisture body butter coconut  hibiscus 6 oz pack of 2,848,https://i5.walmartimages.com/asr/07da15f5-e43e-48c6-9ea7-63e811f10cf7_1.97015728b6b6554b6f03f2188f2a794c.jpeg,pack 2 upc 764302290094 luxuriously moisturizing body butter melts quickly skin organic shea butter coconut oil sweet hibiscus flower blend nourish help firm skin gluten free vitamin e protects skin free radical damage reducing appearance fine lines wrinkles leaves skin silky smooth organic shea butter coconut oil sweet hibiscus restores moisture improves skins firmness brightens dull skin evens discoloration f irming toning n atural certified organic ingredients l eaves skin feeling silky smooth ingredients water butyrospermum parkii shea butter certified oraganic simmondia chinensis jojoba oil cocos nucifera coconut oil certified organic theobroma cacao cocoa seed butter certified oraganic vegetable emulsifying wax simmondsia chinensis jojoba esters vegetable glycerin essential oil blend canola oil silica zea mays corn starch olea europaea olive oil certified oraganic mangifera indica mango seed butter certified organic hibiscus sabdariffa flower extract allantoin comfrey root extract olea europea olive fruit oil cetyl alcohol coconut source benzyl alcohol lonicera caprifolium honeysuckle flower lonicera japonica honeysuckle flower extract songyi mushroom extract cocoa nucifera coconut milk pack 2 upc 764302290094 luxuriously moisturizing body butter melts quickly skin organic shea butter coconut oil sweet hibiscus flower blend nourish help firm skin gluten free vitamin e protects skin free radical damage reducing appearance fine lines wrinkles leaves skin silky smooth organic shea butter coconut oil sweet hibiscus restores moisture improves skins firmness brightens dull skin evens discoloration f irming toning n atural certified organic ingredients l eaves skin feeling silky smooth ingredients water butyrospermum parkii shea butter certified oraganic simmondia chinensis jojoba oil cocos nucifera coconut oil certified organic theobroma cacao cocoa seed butter certified oraganic vegetable emulsifying wax simmondsia chinensis jojoba esters vegetable glycerin essential oil blend canola oil silica zea mays corn starch olea europaea olive oil certified oraganic mangifera indica mango seed butter certified organic hibiscus sabdariffa flower extract allantoin comfrey root extract olea europea olive fruit oil cetyl alcohol coconut source benzyl alcohol lonicera caprifolium honeysuckle flower lonicera japonica honeysuckle flower extract songyi mushroom extract cocoa nucifera coconut milk,"personal, care, bath, body, body, lotions, creams, sheamoisture, pack, 2, upc, 764302290094, luxuriously, moisturizing, body, butter, melts, quickly, skin, organic, shea, butter, coconut, oil, sweet, hibiscus, flower, blend, nourish, help, firm, skin, gluten, free, vitamin, e, protects, skin, free, radical, damage, reducing, appearance, fine, lines, wrinkles, leaves, skin, silky, smooth, organic, shea, butter, coconut, oil, sweet, hibiscus, restores, moisture, improves, skins, firmness, brightens, dull, skin, evens, discoloration, f, irming, toning, n, atural, certified, organic, ingredients, l, eaves, skin, feeling, silky, smooth, ingredients, water, butyrospermum, parkii, shea, butter, certified, oraganic, simmondia, chinensis, jojoba, oil, cocos, nucifera, coconut, oil, certified, organic, theobroma, cacao, cocoa, seed, butter, certified, oraganic, vegetable, emulsifying, wax, simmondsia, chinensis, jojoba, esters, vegetable, glycerin, essential, oil, blend, canola, oil, silica, zea, mays, corn, starch, olea, europaea, olive, oil, certified, oraganic, mangifera, indica, mango, seed, butter, certified, organic, hibiscus, sabdariffa, flower, extract, allantoin, comfrey, root, extract, olea, europea, olive, fruit, oil, cetyl, alcohol, coconut, source, benzyl, alcohol, lonicera, caprifolium, honeysuckle, flower, lonicera, japonica, honeysuckle, flower, extract, songyi, mushroom, extract, cocoa, nucifera, coconut, milk, pack, 2, upc, 764302290094, luxuriously, moisturizing, body, butter, melts, quickly, skin, organic, shea, butter, coconut, oil, sweet, hibiscus, flower, blend, nourish, help, firm, skin, gluten, free, vitamin, e, protects, skin, free, radical, damage, reducing, appearance, fine, lines, wrinkles, leaves, skin, silky, smooth, organic, shea, butter, coconut, oil, sweet, hibiscus, restores, moisture, improves, skins, firmness, brightens, dull, skin, evens, discoloration, f, irming, toning, n, atural, certified, organic, ingredients, l, eaves, skin, feeling, silky, smooth, ingredients, water, butyrospermum, parkii, shea, butter, certified, oraganic, simmondia, chinensis, jojoba, oil, cocos, nucifera, coconut, oil, certified, organic, theobroma, cacao, cocoa, seed, butter, certified, oraganic, vegetable, emulsifying, wax, simmondsia, chinensis, jojoba, esters, vegetable, glycerin, essential, oil, blend, canola, oil, silica, zea, mays, corn, starch, olea, europaea, olive, oil, certified, oraganic, mangifera, indica, mango, seed, butter, certified, organic, hibiscus, sabdariffa, flower, extract, allantoin, comfrey, root, extract, olea, europea, olive, fruit, oil, cetyl, alcohol, coconut, source, benzyl, alcohol, lonicera, caprifolium, honeysuckle, flower, lonicera, japonica, honeysuckle, flower, extract, songyi, mushroom, extract, cocoa, nucifera, coconut, milk"
32.0,8.0,5.0,1,"premium, beauty, premium, makeup, premium, face, premium, tinted, moisturizer",dermalogica,dermalogica sheer tint tinted moisturizer spf 20 medium 13 oz,871,https://i5.walmartimages.com/asr/2099e2a7-64f5-4b33-bfc4-87c791b35582_1.aca5073b44b1dc2acc9cae94bb68445f.jpeg,,"premium, beauty, premium, makeup, premium, face, premium, tinted, moisturizer, dermalogica,"
29.0,15.0,4.0,1,"premium, beauty, premium, bath, body, premium, self, tanners",la roche posay,autohelios selftan meltin gel for face  body 33oz,879,https://i5.walmartimages.com/asr/82c94c1e-5da5-410f-a51e-77f86ceb5c1e_1.790ed8ddfdfe8e3bc2605198b146db96.jpeg,,"premium, beauty, premium, bath, body, premium, self, tanners, la, roche, posay,"
89.0,6.0,4.8,5,"health, aromatherapy, relaxing, scents",sexy sparkles fashion jewelry,moringa energy oil 100 pure moringa seed oil from cold pressed rejuvenate dull skin  great for hair and face botanical antiaging beauty  great for cuts rashes burns  pure undilute,899,https://i5.walmartimages.com/asr/7ad65db1-5403-48b8-9a65-1405f29217de_1.5ab90334ee6ac3337202b6321ed704ef.jpeg,great anti oil best moisturizers skin powerful anti inflammatory help heal wounds like cuts scrapes scars burns moringa rich gamma linoleic acid gla comes essential fatty acid vitamins b b1 b2 b3 c d e k p ideal light moisturizer everyday use moringa oil undiluted virgin unrefined chemicals synthetic solvents fillers additives artificial fragrances added non toxic clog pores absorbs quickly leaving light non greasy feeling tested animals contain preservatives moringa oil acquired presses unshelled moringa seeds harvested wild growing plantations himalaya ingredient 100 pure moringa oil seeds moringa oleifera tree natural unrefined cold pressed moringa seed oil paraben free alcohol free anti animal testing non gmo fragrance free cruelty free kosher vegetarian vegan friendly money guarantee 4 ounce dark amber glass bottle glass stopper extends shelf life oils light sensitive stored dark amber bottles protect oxidation pure natural oils packaged dark bottles lose potency ineffective,"health, aromatherapy, relaxing, scents, sexy, sparkles, fashion, jewelry, great, anti, oil, best, moisturizers, skin, powerful, anti, inflammatory, help, heal, wounds, like, cuts, scrapes, scars, burns, moringa, rich, gamma, linoleic, acid, gla, comes, essential, fatty, acid, vitamins, b, b1, b2, b3, c, d, e, k, p, ideal, light, moisturizer, everyday, use, moringa, oil, undiluted, virgin, unrefined, chemicals, synthetic, solvents, fillers, additives, artificial, fragrances, added, non, toxic, clog, pores, absorbs, quickly, leaving, light, non, greasy, feeling, tested, animals, contain, preservatives, moringa, oil, acquired, presses, unshelled, moringa, seeds, harvested, wild, growing, plantations, himalaya, ingredient, 100, pure, moringa, oil, seeds, moringa, oleifera, tree, natural, unrefined, cold, pressed, moringa, seed, oil, paraben, free, alcohol, free, anti, animal, testing, non, gmo, fragrance, free, cruelty, free, kosher, vegetarian, vegan, friendly, money, guarantee, 4, ounce, dark, amber, glass, bottle, glass, stopper, extends, shelf, life, oils, light, sensitive, stored, dark, amber, bottles, protect, oxidation, pure, natural, oils, packaged, dark, bottles, lose, potency, ineffective"
39.0,5.0,4.0,2,"personal, care, deodorants, antiperspirants",summer eve,2 pack  summers eve freshening spray deodorant sheer floral 2 oz,943,https://i5.walmartimages.com/asr/72448593-ab9b-4d8b-88b5-2f26d1e60382_1.c3861da4271878c39cd989746f1ac050.jpeg,pack 2 upc 041608002690 product description armpits nt thing sweat try freshening spray spray morning fresh start carry little pm pick summers eve offers 5 fresh benefits great spray summers eve freshening spray meets safe scents quality standards ensure fragrances love gentle delicate skin plus freshening spray gynecologist tested hypoallergenic formulated vitamin e smooth feeling skin neutralizes odor absorbs moisture wo nt disrupt natural ph talc free clinically tested safe scents 2 pack summers eve freshening spray deodorant sheer floral 2 oz,"personal, care, deodorants, antiperspirants, summer, eve, pack, 2, upc, 041608002690, product, description, armpits, nt, thing, sweat, try, freshening, spray, spray, morning, fresh, start, carry, little, pm, pick, summers, eve, offers, 5, fresh, benefits, great, spray, summers, eve, freshening, spray, meets, safe, scents, quality, standards, ensure, fragrances, love, gentle, delicate, skin, plus, freshening, spray, gynecologist, tested, hypoallergenic, formulated, vitamin, e, smooth, feeling, skin, neutralizes, odor, absorbs, moisture, wo, nt, disrupt, natural, ph, talc, free, clinically, tested, safe, scents, 2, pack, summers, eve, freshening, spray, deodorant, sheer, floral, 2, oz"
31.0,6.0,5.0,1,"premium, beauty, premium, facial, skincare, premium, value, sizes, sets",peter thomas roth,206 value peter thomas roth face mask frenzy face mask kit,965,https://i5.walmartimages.com/asr/f5fae452-5c37-4689-b4ef-f2572b89ec5b_1.a0685efe4daed987b340fb21d83c3b72.jpeg,,"premium, beauty, premium, facial, skincare, premium, value, sizes, sets, peter, thomas, roth,"
29.0,83.0,5.0,1,"health, aromatherapy, essential, oils, essential, oils",sensible remedies,sensible remedies clary sage 100 therapeutic grade essential oil 15 ml 05 fl oz,971,https://i5.walmartimages.com/asr/b8321ec4-4dd6-4e6c-b059-35c57a677de1_1.8715b82bfaf7e33bce51dd600d962c67.jpeg,100 pure undiluted therapeutic grade clary sage essential oil 15 ml amber glass bottle euro dropper cap steam distilled clary sage flower petals high quality essential oil work wonderfully aromatherapy clary sage botanical salvia sclarea color clear method extraction steam distilled consistency thin aroma strength medium aroma description earthy herbaceous slight fruity afternote external use bottle contains 15 ml fl oz sensible remedies essential oil,"health, aromatherapy, essential, oils, essential, oils, sensible, remedies, 100, pure, undiluted, therapeutic, grade, clary, sage, essential, oil, 15, ml, amber, glass, bottle, euro, dropper, cap, steam, distilled, clary, sage, flower, petals, high, quality, essential, oil, work, wonderfully, aromatherapy, clary, sage, botanical, salvia, sclarea, color, clear, method, extraction, steam, distilled, consistency, thin, aroma, strength, medium, aroma, description, earthy, herbaceous, slight, fruity, afternote, external, use, bottle, contains, 15, ml, fl, oz, sensible, remedies, essential, oil"
23.0,9.0,5.0,1,"premium, beauty, premium, makeup, premium, nail, polish, care, premium, nail, polish",opi,opi nail polish yank my doodle 05 fl oz,991,https://i5.walmartimages.com/asr/0b9d4aec-2341-430d-886a-e88887dd9f34_1.ab9f599d5b0a009e6adcdef8b1debb62.jpeg,,"premium, beauty, premium, makeup, premium, nail, polish, care, premium, nail, polish, opi,"
13.0,90.0,4.8,135,"health, pain, relievers, hot, cold, therapy",aspercreme,aspercreme max strength pain relieving liquid essential oils lavender 25 fl oz,703,https://i5.walmartimages.com/asr/9f2fe7ee-e9a7-423e-9d7f-a9e5687a7087_1.8661c8480e7984c2c3de7424b40d80ed.jpeg,temporarily relieve minor pain enjoy relaxing scent aspercreme lidocaine topical pain relief liquid lavender essential oil fast acting lidocaine starts working minutes application continues working lasting pain relief soothing lavender essential oil calming scent roll applicator blend lidocaine essential oil minor pain leaves mess smelly odor greasy residue simply roll apply dry seconds day letting vibrant self shine pain relieving liquid max strength lavender misc 4 lidocaine infused essential oil non greasy mess formula fast acting numbs away pain calming lavender aromatherapy new targeted relief neck shoulder knee elbow hand wrist foot ankle leg recyclable carton,"health, pain, relievers, hot, cold, therapy, aspercreme, temporarily, relieve, minor, pain, enjoy, relaxing, scent, aspercreme, lidocaine, topical, pain, relief, liquid, lavender, essential, oil, fast, acting, lidocaine, starts, working, minutes, application, continues, working, lasting, pain, relief, soothing, lavender, essential, oil, calming, scent, roll, applicator, blend, lidocaine, essential, oil, minor, pain, leaves, mess, smelly, odor, greasy, residue, simply, roll, apply, dry, seconds, day, letting, vibrant, self, shine, pain, relieving, liquid, max, strength, lavender, misc, 4, lidocaine, infused, essential, oil, non, greasy, mess, formula, fast, acting, numbs, away, pain, calming, lavender, aromatherapy, new, targeted, relief, neck, shoulder, knee, elbow, hand, wrist, foot, ankle, leg, recyclable, carton"
7.0,83.0,4.6,84,"seasonal, stock, essentials, household, essentials, stock, stock, cleaning, supplies",air wick,air wick plug in scented oil warmer 2ct white color air freshener essential oils,717,https://i5.walmartimages.com/asr/1136b708-c8bc-49d4-a626-d5e7b82d8e18.621950fb051ade4e73e50c827849e954.jpeg,enhance homes scent air wick scented oil refills infused 100 natural essential oils air wick scented oil refills release continuous fragrance 60 days based low setting home smells welcoming latest air wick scented oil warmer releases fragrance upwards outwards reaching corner room consistent fragrance experience air wick scented oil warmer allows choose 5 fragrance settings right fragrance continuously diffuses carefully blends fragrance home office space easy adjust 5x fragrance settings works air wick scented oil refills provides 60 days continuous long lasting fragrance refill based low setting enhances decor sleek look use room living room bathroom bedroom hallways kitchens office,"seasonal, stock, essentials, household, essentials, stock, stock, cleaning, supplies, air, wick, enhance, homes, scent, air, wick, scented, oil, refills, infused, 100, natural, essential, oils, air, wick, scented, oil, refills, release, continuous, fragrance, 60, days, based, low, setting, home, smells, welcoming, latest, air, wick, scented, oil, warmer, releases, fragrance, upwards, outwards, reaching, corner, room, consistent, fragrance, experience, air, wick, scented, oil, warmer, allows, choose, 5, fragrance, settings, right, fragrance, continuously, diffuses, carefully, blends, fragrance, home, office, space, easy, adjust, 5x, fragrance, settings, works, air, wick, scented, oil, refills, provides, 60, days, continuous, long, lasting, fragrance, refill, based, low, setting, enhances, decor, sleek, look, use, room, living, room, bathroom, bedroom, hallways, kitchens, office"
89.0,2.0,4.3,716,"beauty, makeup, eye, makeup, eye, makeup, brands, rimmel, eye, makeup",rimmel,rimmel exaggerate eye definer starlit black,741,https://i5.walmartimages.com/asr/091d4ad1-4561-4724-ae8e-268f4579df47_1.e8e39eb483a3ef49f6b08407eeec2131.jpeg,color definition retractable tip built smudger creates smokey eye built sharpener creates smooth clean lines waterproof 10hr exaggerate waterproof eye definer eyeliner starlit black,"beauty, makeup, eye, makeup, eye, makeup, brands, rimmel, eye, makeup, rimmel, color, definition, retractable, tip, built, smudger, creates, smokey, eye, built, sharpener, creates, smooth, clean, lines, waterproof, 10hr, exaggerate, waterproof, eye, definer, eyeliner, starlit, black"
99.0,92.0,4.4,52,"personal, care, personal, care, brand, equate, oral, care",equate,2 pack equate alcohol free refreshing mint anticavity oral rinse 338 oz,766,https://i5.walmartimages.com/asr/3aa6985c-a9e4-426b-b5b2-2570478baca2_1.20ec94500501ff71ab14b2db073c6390.jpeg,mouth fresh equate alcohol free refreshing mint anticavity oral rinse tackles bad breath contact strengthens tooth enamel rinse regular use gums healthy helping prevent cavities gingivitis fl oz anticavity mouthwash refreshing mint flavor harsh effects use daily regular oral care routine making right health decisions challenging complete range products simple solutions equate allows care family confidence equate alcohol free refreshing mint anticavity oral rinse equate mouthwash anticavity oral rinse features multi action fluoride burn alcohol alcohol free oral rinse helps prevent cavities kill bad breath germs freshen breath strengthen enamel compare crest prohealth anticavity fluoride rinse packaged clear fl oz bottle safety cap,"personal, care, personal, care, brand, equate, oral, care, equate, mouth, fresh, equate, alcohol, free, refreshing, mint, anticavity, oral, rinse, tackles, bad, breath, contact, strengthens, tooth, enamel, rinse, regular, use, gums, healthy, helping, prevent, cavities, gingivitis, fl, oz, anticavity, mouthwash, refreshing, mint, flavor, harsh, effects, use, daily, regular, oral, care, routine, making, right, health, decisions, challenging, complete, range, products, simple, solutions, equate, allows, care, family, confidence, equate, alcohol, free, refreshing, mint, anticavity, oral, rinse, equate, mouthwash, anticavity, oral, rinse, features, multi, action, fluoride, burn, alcohol, alcohol, free, oral, rinse, helps, prevent, cavities, kill, bad, breath, germs, freshen, breath, strengthen, enamel, compare, crest, prohealth, anticavity, fluoride, rinse, packaged, clear, fl, oz, bottle, safety, cap"
38.0,56.0,5.0,2,"premium, beauty, premium, hair, care, hair, tools, premium, shampoos",kevin murphy,kevin murphy balancing wash daily shampoo 84 oz,785,https://i5.walmartimages.com/asr/a9e05ebd-8295-4d05-9495-25d671c8f38d_1.356f60e2c393acb21dbc30d2cf9437e3.jpeg,,"premium, beauty, premium, hair, care, hair, tools, premium, shampoos, kevin, murphy,"
95.0,3.0,4.9,107,"household, essentials, laundry, liquid, laundry, detergent, tide, liquid, laundry, detergent",tide,tide clean breeze he 64 loads liquid laundry detergent 92 fl oz,793,https://i5.walmartimages.com/asr/701b8c00-a84a-4022-838c-001989d1e9ec.8f5d0b64d261a46aef4fece1a1610ba5.jpeg,americas 1 detergent better tide liquid laundry detergent 10x cleaning power improved formula reengineered attack tough body soils tides turbo clean detergents feature smart suds technology quick collapsing suds clean faster rinse quicker cold cycles tide laundry detergent keeps whites white colors colorful refreshing scent wash wash tide clean love available tide pods laundry pacs based sales nielsen laundry detergent category stain removal 1 dose 10x doses leading liquid bargain brand tide liquid laundry detergent clean breeze 64 loads 92 fl oz americas 1 detergent better based sales nielsen laundry detergent category 10x cleaning power stain removal 1 dose 10x doses leading liquid bargain brand cleans deeper smells fresh cleans freshens whitens brightens measure cap medium loads fill bar 1 large loads fill bar 3 loads fill bar 5 add clothes pour dispenser start washer,"household, essentials, laundry, liquid, laundry, detergent, tide, liquid, laundry, detergent, tide, americas, 1, detergent, better, tide, liquid, laundry, detergent, 10x, cleaning, power, improved, formula, reengineered, attack, tough, body, soils, tides, turbo, clean, detergents, feature, smart, suds, technology, quick, collapsing, suds, clean, faster, rinse, quicker, cold, cycles, tide, laundry, detergent, keeps, whites, white, colors, colorful, refreshing, scent, wash, wash, tide, clean, love, available, tide, pods, laundry, pacs, based, sales, nielsen, laundry, detergent, category, stain, removal, 1, dose, 10x, doses, leading, liquid, bargain, brand, tide, liquid, laundry, detergent, clean, breeze, 64, loads, 92, fl, oz, americas, 1, detergent, better, based, sales, nielsen, laundry, detergent, category, 10x, cleaning, power, stain, removal, 1, dose, 10x, doses, leading, liquid, bargain, brand, cleans, deeper, smells, fresh, cleans, freshens, whitens, brightens, measure, cap, medium, loads, fill, bar, 1, large, loads, fill, bar, 3, loads, fill, bar, 5, add, clothes, pour, dispenser, start, washer"
94.0,62.0,2.0,1,"health, aromatherapy, essential, oils, essential, oils",healing solutions,cajeput essential oil  100 pure therapeutic grade cajeput oil  30ml,811,https://i5.walmartimages.com/asr/9e8e0e45-be7b-4c2b-a689-1910fef81480_1.f1549050a2fe458da246daa7d0a36f95.jpeg,healing solutions 100 pure essential oils bottled uv blocking amber essential oil bottles chief scientist tests batch oil purity house state art gc ms laboratory ensures product sold 100 pure essential oil leading aromatherapy associations alliance international aromatherapists aia international aromatherapy aromatic medicine association aromatherapy trade council state essential oils taken internally regardless purity organic origin guidance health care practitioner trained appropriate level oils carry label warning product internal use sets healing solutions essential oils apart superior cultivation ingredients best world combined superior distillation bottling care process guarantee oils aromatically superior effective oils disagree refund money unique amazing smelling cajeput market opinion absolutely amazed receive refund manufacturer healing solutions questions asked superior experience trying cajeput time switch permanently new favorite oil manufacturer healing solutions refund money guaranteed pure rigorous quality testing controls distillation facility gmp iso 9001 kosher certified fda registered sure oils buy qualifications check reviews opinion oil superior organic rare best smelling therapeutically effective cajeput melaleuca cajuputi healing solutions superior offers 170 different oils blending pairing,"health, aromatherapy, essential, oils, essential, oils, healing, solutions, healing, solutions, 100, pure, essential, oils, bottled, uv, blocking, amber, essential, oil, bottles, chief, scientist, tests, batch, oil, purity, house, state, art, gc, ms, laboratory, ensures, product, sold, 100, pure, essential, oil, leading, aromatherapy, associations, alliance, international, aromatherapists, aia, international, aromatherapy, aromatic, medicine, association, aromatherapy, trade, council, state, essential, oils, taken, internally, regardless, purity, organic, origin, guidance, health, care, practitioner, trained, appropriate, level, oils, carry, label, warning, product, internal, use, sets, healing, solutions, essential, oils, apart, superior, cultivation, ingredients, best, world, combined, superior, distillation, bottling, care, process, guarantee, oils, aromatically, superior, effective, oils, disagree, refund, money, unique, amazing, smelling, cajeput, market, opinion, absolutely, amazed, receive, refund, manufacturer, healing, solutions, questions, asked, superior, experience, trying, cajeput, time, switch, permanently, new, favorite, oil, manufacturer, healing, solutions, refund, money, guaranteed, pure, rigorous, quality, testing, controls, distillation, facility, gmp, iso, 9001, kosher, certified, fda, registered, sure, oils, buy, qualifications, check, reviews, opinion, oil, superior, organic, rare, best, smelling, therapeutically, effective, cajeput, melaleuca, cajuputi, healing, solutions, superior, offers, 170, different, oils, blending, pairing"
9.0,61.0,5.0,3,"personal, care, deodorants, antiperspirants",ogx,shea soft  smooth body milk spray 68 oz,824,https://i5.walmartimages.com/asr/a055cdd5-695b-4c3d-ac12-5731d0a3c05f_1.3f1bc60707fcd0e6dc8c919f288496a9.jpeg,need moisture spritz super creamy silicone free ogx shea soft smooth body milk spray helps leave skin super soft smelling decadently delicious rich blend shea butter agave coconut oil s quickest option topping moisture anytime rich blend shea butter agave coconut oil creamy formula helps hydrate skin leaves skin soft supple lingering smells decadent deliciousness easy spray application ogx shea soft smooth body milk spray oz,"personal, care, deodorants, antiperspirants, ogx, need, moisture, spritz, super, creamy, silicone, free, ogx, shea, soft, smooth, body, milk, spray, helps, leave, skin, super, soft, smelling, decadently, delicious, rich, blend, shea, butter, agave, coconut, oil, s, quickest, option, topping, moisture, anytime, rich, blend, shea, butter, agave, coconut, oil, creamy, formula, helps, hydrate, skin, leaves, skin, soft, supple, lingering, smells, decadent, deliciousness, easy, spray, application, ogx, shea, soft, smooth, body, milk, spray, oz"
38.0,3.0,2.9,17,"home, decor, slipcovers, couch, covers",unique bargains,unique bargains 1piece jacquard textured armchair slipcover red,837,https://i5.walmartimages.com/asr/133296ef-cea7-49c6-9e01-e4a1795df692_1.9cebb3d86439c5b992f6e4c778f0b4b0.jpeg,,"home, decor, slipcovers, couch, covers, unique, bargains,"
67.0,2.0,4.3,7,"shop, brand, departments, unique, bargains",unique bargains,5 pairs high durability athletic unisex flat shoelace for sneakers,846,https://i5.walmartimages.com/asr/5fd22f7d-cd59-44d2-8e2d-87ae08d564de.3d7053c66de0b3fc100c9b6831b60118.jpeg,flat wide laces polyester beautiful lively color sturdy strong stay tied change ordinary sneakers special style flat shoelaces flat shoelace match perfectly wtih canvas sneaker shoes sport shoes note color length difference production batches manual measurements shoelaces width shoelaces material polyester length 24 200 cm colors black white red blue coffee beige wine red orange navy blue light blue yellow brown gold gold brown khaki fuchsia light gray dark gray darkcoffee rust red fluorescent green package include 5 pairs 10 pcs color black size cm 2 pairs 4 pcs,"shop, brand, departments, unique, bargains, unique, bargains, flat, wide, laces, polyester, beautiful, lively, color, sturdy, strong, stay, tied, change, ordinary, sneakers, special, style, flat, shoelaces, flat, shoelace, match, perfectly, wtih, canvas, sneaker, shoes, sport, shoes, note, color, length, difference, production, batches, manual, measurements, shoelaces, width, shoelaces, material, polyester, length, 24, 200, cm, colors, black, white, red, blue, coffee, beige, wine, red, orange, navy, blue, light, blue, yellow, brown, gold, gold, brown, khaki, fuchsia, light, gray, dark, gray, darkcoffee, rust, red, fluorescent, green, package, include, 5, pairs, 10, pcs, color, black, size, cm, 2, pairs, 4, pcs"
62.0,3.0,4.2,5,"premium, beauty, premium, hair, care, hair, tools, premium, shampoos",davines,davines nounou nourishing illuminating shampoo for colortreated hair 845 oz,874,https://i5.walmartimages.com/asr/db923643-2d54-419a-b97b-2ccf967325d1_1.9245dbc016311bc9c1af9e00e143de82.jpeg,,"premium, beauty, premium, hair, care, hair, tools, premium, shampoos, davines,"
28.0,1.0,1.0,1,"household, essentials, air, fresheners, spray, air, fresheners, trigger, spray, trigger, spray",clorox,clorox clo31711 odor defense clean scent air aerosol spray 1 each white,894,https://i5.walmartimages.com/asr/248f742a-0e11-4198-b219-c7765de22935_1.00f4db11bb2e97f24aca853fa80211ad.jpeg,enhance cleaning process actively eliminating odors cleanings tackle toughest smelliest odors odor defense air aerosol spray ice technology professional cleaner scientifically formulated quickly identify capture eliminate odors air fabrics leaving clean air scent odor eliminator designed hard soft surfaces notorious trapping odors plus removes odors soft absorbent surfaces like carpet mattresses hard porous surfaces like grout long lasting formula destroys toughest odors including urine vomit feces mildew smoke body odor 6 hours powerful nonbleach odor eliminator perfect use hotels long term care facilities locker rooms schools high traffic restrooms clorox odor defense clean scent air aerosol spray 1 quantity ice technology identifies captures eliminates tough odors versatile design offers handy solution air fabric odors long lasting formula provides freshness 6 hours perfect hotels locker rooms schools,"household, essentials, air, fresheners, spray, air, fresheners, trigger, spray, trigger, spray, clorox, enhance, cleaning, process, actively, eliminating, odors, cleanings, tackle, toughest, smelliest, odors, odor, defense, air, aerosol, spray, ice, technology, professional, cleaner, scientifically, formulated, quickly, identify, capture, eliminate, odors, air, fabrics, leaving, clean, air, scent, odor, eliminator, designed, hard, soft, surfaces, notorious, trapping, odors, plus, removes, odors, soft, absorbent, surfaces, like, carpet, mattresses, hard, porous, surfaces, like, grout, long, lasting, formula, destroys, toughest, odors, including, urine, vomit, feces, mildew, smoke, body, odor, 6, hours, powerful, nonbleach, odor, eliminator, perfect, use, hotels, long, term, care, facilities, locker, rooms, schools, high, traffic, restrooms, clorox, odor, defense, clean, scent, air, aerosol, spray, 1, quantity, ice, technology, identifies, captures, eliminates, tough, odors, versatile, design, offers, handy, solution, air, fabric, odors, long, lasting, formula, provides, freshness, 6, hours, perfect, hotels, locker, rooms, schools"
90.0,2.0,4.7,1386,"beauty, beauty, bath, body, deodorants, antiperspirants",secret,secret fresh antiperspirant deodorant clear gel nectarine 26 oz 2 pack,932,https://i5.walmartimages.com/asr/dbeea68f-495a-4d4e-a2ba-9e9a248e8fe2_1.c158a5dc94da0286f59f18d3488d4423.jpeg,designed scents secret fresh collection scents love scent expressions destinations collections secret clear gel goes clear dries quickly helps stop underarm odor starts 48 hour odor control wetness protection discover unstoppable freshness secret clear gel secret fresh antiperspirant deodorant clear gel nectarine oz pack 2 stay unstoppably fresh day long intoxicating mix mango fresh cut pineapple nectarine secret clear gel antiperspirant deodorant ditch white marks clothes clear gel goes clear dries fast sweat odor match 48 hours odor control wetness protection unique formula helps stop odor starts stay dry odor free unstoppably fresh secret clear gel antiperspirant deodorant nectarine scent,"beauty, beauty, bath, body, deodorants, antiperspirants, secret, designed, scents, secret, fresh, collection, scents, love, scent, expressions, destinations, collections, secret, clear, gel, goes, clear, dries, quickly, helps, stop, underarm, odor, starts, 48, hour, odor, control, wetness, protection, discover, unstoppable, freshness, secret, clear, gel, secret, fresh, antiperspirant, deodorant, clear, gel, nectarine, oz, pack, 2, stay, unstoppably, fresh, day, long, intoxicating, mix, mango, fresh, cut, pineapple, nectarine, secret, clear, gel, antiperspirant, deodorant, ditch, white, marks, clothes, clear, gel, goes, clear, dries, fast, sweat, odor, match, 48, hours, odor, control, wetness, protection, unique, formula, helps, stop, odor, starts, stay, dry, odor, free, unstoppably, fresh, secret, clear, gel, antiperspirant, deodorant, nectarine, scent"
36.0,15.0,4.7,425,"beauty, beauty, brands, maybelline, new, york, maybelline, lip, gloss, lip, plumper",maybelline,maybelline lifter gloss lip gloss makeup with hyaluronic acid amber 018 fl oz,959,https://i5.walmartimages.com/asr/64106d24-25f3-4a91-b852-03a1296be040_1.f7accc89eb28e304b24dacc0910603bf.jpeg,meet maybelline new yorks new level lip gloss drench lips hydrating shine fuller lifted look formula visibly smooths lip surface enhances lip contour high shine plus xl wand transforms lips easy swipe application 90 agree lips feel hydrated consumer test hydrating lip gloss available range modern shades like pearl ice amber topaz crystal formula hyaluronic acid apply hydrating glossy shine fuller lips lasting hydration lip gloss visibly smoothes hydrates lips formula hyaluronic acid 90 percent agree lips feel hydrated consumer test xl wand enhances lip contour,"beauty, beauty, brands, maybelline, new, york, maybelline, lip, gloss, lip, plumper, maybelline, meet, maybelline, new, yorks, new, level, lip, gloss, drench, lips, hydrating, shine, fuller, lifted, look, formula, visibly, smooths, lip, surface, enhances, lip, contour, high, shine, plus, xl, wand, transforms, lips, easy, swipe, application, 90, agree, lips, feel, hydrated, consumer, test, hydrating, lip, gloss, available, range, modern, shades, like, pearl, ice, amber, topaz, crystal, formula, hyaluronic, acid, apply, hydrating, glossy, shine, fuller, lips, lasting, hydration, lip, gloss, visibly, smoothes, hydrates, lips, formula, hyaluronic, acid, 90, percent, agree, lips, feel, hydrated, consumer, test, xl, wand, enhances, lip, contour"
92.0,2.0,3.0,2,"beauty, makeup, lip",city color,be matte lipstick  soft pink,962,https://i5.walmartimages.com/asr/69e1ec63-be5e-4f08-8da5-1a5fb2153db2_1.44e735209e5fad2c6e72e5cb00818c54.jpeg,richly enhanced formula long lasting color smooth texture matte finish highly pigmented shade day wear ideal occasionbe matte lipstick soft pink,"beauty, makeup, lip, city, color, richly, enhanced, formula, long, lasting, color, smooth, texture, matte, finish, highly, pigmented, shade, day, wear, ideal, occasionbe, matte, lipstick, soft, pink"
73.0,9.0,5.0,1,"books, house, home, gardening, books, gardening, books, herbs",holistic herbal solutions,chlorella powder broken cell,986,https://i5.walmartimages.com/asr/c8af353d-c591-4de8-8481-45ed3e2ff658_1.84c94cf1f2baec6e456f4c543666a459.jpeg,bulk products packaged sealable food grade bag blocks uv light moisture products safety sealed customers safety dark colored bags specially designed ensure freshest product possible chlorella powder broken cell,"books, house, home, gardening, books, gardening, books, herbs, holistic, herbal, solutions, bulk, products, packaged, sealable, food, grade, bag, blocks, uv, light, moisture, products, safety, sealed, customers, safety, dark, colored, bags, specially, designed, ensure, freshest, product, possible, chlorella, powder, broken, cell"
4.0,55.0,3.8,4,"beauty, makeup, nails",sensationail,sensationail gel nail polish purple mauving on up 025 fl oz,827,https://i5.walmartimages.com/asr/98a67e94-8fcd-485e-b83f-8d5c47084980.20574cfdce2f96063f681232b9c1f6f2.png,bring nail salon experience home sensationail treat nails luxury deserve looking better sensationail gel color nail polish bottle sensationail gel color nail polish need update nail color wanted fashion trend colors thicker consistency regular nail polish nails look great longer time goes easily evenly minutes applicator brush cures 60 seconds sensationail led lamp 2 weeks dazzling damage proof wear s right chipping peeling dulling fading 3 easy application steps dry time super gloss shine smooth finish tacky residue sensationail gel color nail polish comes stunning minute colors shades sure complement nails try pick sensationail gel color nail polish today nails deserved makeover update fashion trend color sensationail gel nail polish comes dazzling colors shades look great nails gel polish thicker consistency regular nail polish lasts longer quick easy use applicator brush applies gel nail polish minutes coats applicator brush bottle compact easily fit bag gel nail polish manicure lasts 2 weeks chipping peeling dulling fading cures hardens 60 seconds sensationail nail gel polish led lamp easy step application gives brilliant super gloss shine lasts fl oz bottle gel nail polish gives 10 dazzling damage proof manicures gel nail polish requires dry time like regular polish air dries long time period sure sure use gel base coat use led lamp sold separately,"beauty, makeup, nails, sensationail, bring, nail, salon, experience, home, sensationail, treat, nails, luxury, deserve, looking, better, sensationail, gel, color, nail, polish, bottle, sensationail, gel, color, nail, polish, need, update, nail, color, wanted, fashion, trend, colors, thicker, consistency, regular, nail, polish, nails, look, great, longer, time, goes, easily, evenly, minutes, applicator, brush, cures, 60, seconds, sensationail, led, lamp, 2, weeks, dazzling, damage, proof, wear, s, right, chipping, peeling, dulling, fading, 3, easy, application, steps, dry, time, super, gloss, shine, smooth, finish, tacky, residue, sensationail, gel, color, nail, polish, comes, stunning, minute, colors, shades, sure, complement, nails, try, pick, sensationail, gel, color, nail, polish, today, nails, deserved, makeover, update, fashion, trend, color, sensationail, gel, nail, polish, comes, dazzling, colors, shades, look, great, nails, gel, polish, thicker, consistency, regular, nail, polish, lasts, longer, quick, easy, use, applicator, brush, applies, gel, nail, polish, minutes, coats, applicator, brush, bottle, compact, easily, fit, bag, gel, nail, polish, manicure, lasts, 2, weeks, chipping, peeling, dulling, fading, cures, hardens, 60, seconds, sensationail, nail, gel, polish, led, lamp, easy, step, application, gives, brilliant, super, gloss, shine, lasts, fl, oz, bottle, gel, nail, polish, gives, 10, dazzling, damage, proof, manicures, gel, nail, polish, requires, dry, time, like, regular, polish, air, dries, long, time, period, sure, sure, use, gel, base, coat, use, led, lamp, sold, separately"
31.0,61.0,4.4,197,"beauty, skin, care, facial, cleansers, face, wash, neutrogena, face, wash",neutrogena,neutrogena facial cleansing bar facial cleanser for oily skin noncomedogenic 35 oz,831,https://i5.walmartimages.com/asr/9f78e258-884f-4dd4-84d8-18e89dce4664_1.25ede858f129bbd4226f9d78341afbd8.jpeg,clean healthy looking skin neutrogena facial cleansing bar acne prone skin facial cleansing bar specially formulated provide gentle effective cleansing acne prone skin 1 dermatologist recommended acne brand facial soap helps remove excess oil rinses away easily clogging pores non medicated glycerin rich transparent acne soap bar contains harsh detergents dyes hardeners wo nt dry skin neutrogena facial cleansing bar acne prone skin gentle day healthy looking skin oz neutrogena facial cleansing bar acne prone skin clean healthier looking skin glycerin rich facial cleanser specially formulated provide gentle effective cleansing transparent facial soap helps remove excess oil rinses away easily clogging pores 1 dermatologist recommended acne brand daily facial cleanser wo nt dry skin facial cleansing bar specially formulated treat acne prone skin help clear pores acne soap bar contains harsh detergents dyes hardeners gentle everyday use non medicated glycerin rich formula hypoallergenic non comedogenic gentle acne cleanser rinses completely residue wo nt interfere acne medications,"beauty, skin, care, facial, cleansers, face, wash, neutrogena, face, wash, neutrogena, clean, healthy, looking, skin, neutrogena, facial, cleansing, bar, acne, prone, skin, facial, cleansing, bar, specially, formulated, provide, gentle, effective, cleansing, acne, prone, skin, 1, dermatologist, recommended, acne, brand, facial, soap, helps, remove, excess, oil, rinses, away, easily, clogging, pores, non, medicated, glycerin, rich, transparent, acne, soap, bar, contains, harsh, detergents, dyes, hardeners, wo, nt, dry, skin, neutrogena, facial, cleansing, bar, acne, prone, skin, gentle, day, healthy, looking, skin, oz, neutrogena, facial, cleansing, bar, acne, prone, skin, clean, healthier, looking, skin, glycerin, rich, facial, cleanser, specially, formulated, provide, gentle, effective, cleansing, transparent, facial, soap, helps, remove, excess, oil, rinses, away, easily, clogging, pores, 1, dermatologist, recommended, acne, brand, daily, facial, cleanser, wo, nt, dry, skin, facial, cleansing, bar, specially, formulated, treat, acne, prone, skin, help, clear, pores, acne, soap, bar, contains, harsh, detergents, dyes, hardeners, gentle, everyday, use, non, medicated, glycerin, rich, formula, hypoallergenic, non, comedogenic, gentle, acne, cleanser, rinses, completely, residue, wo, nt, interfere, acne, medications"
63.0,2.0,4.5,700,"beauty, beauty, brands, makeup",paris,loreal paris infallible promatte les macarons scented liquid lipstick praline de paris,840,https://i5.walmartimages.com/asr/86786cc4-d665-4293-887c-dc694caf1cee_1.fe3c59ee4b7070f8569f993fb8db05ed.jpeg,indulge sweet parisian confection matte perfection pro matte scented liquid lipstick got decadent enhanced delightful macaron aroma notes almond vanilla cream infallible pro matte liquid lipstick les macarons provides day wear coverage matte color long wear liquid lipstick feels comfortable wear sticky colorful trend liquid lipstick sweet look crave meet newest lip addiction pro sculpt applicator shape add dimension lips day coverage matte wear matte liquid lipstick resists transfer bleeding delightful macaron aroma notes almond vanilla cream designed pro tip applicator precise easy application,"beauty, beauty, brands, makeup, paris, indulge, sweet, parisian, confection, matte, perfection, pro, matte, scented, liquid, lipstick, got, decadent, enhanced, delightful, macaron, aroma, notes, almond, vanilla, cream, infallible, pro, matte, liquid, lipstick, les, macarons, provides, day, wear, coverage, matte, color, long, wear, liquid, lipstick, feels, comfortable, wear, sticky, colorful, trend, liquid, lipstick, sweet, look, crave, meet, newest, lip, addiction, pro, sculpt, applicator, shape, add, dimension, lips, day, coverage, matte, wear, matte, liquid, lipstick, resists, transfer, bleeding, delightful, macaron, aroma, notes, almond, vanilla, cream, designed, pro, tip, applicator, precise, easy, application"
6.0,37.0,5.0,1,"beauty, hair, care, hair, styling, products, hair, mousse",göt2b,got2b kinkier curling mousse 8 oz pack of 2,841,https://i5.walmartimages.com/asr/9e656b95-79f6-46d1-a210-9781d4f9d1fb_1.0e92caded0cfc78a031a94b4b2f40db4.jpeg,pack 2 pack 2 upc 052336331655 want 2b active ingredients water isobutane vp va copolymer propane cocotrimonium methosulfate hydrogenated castor oil panthenol methicone phenoxyethanol methylparaben butylparaben ethylparaben isobutylparaben propylparaben fragrance uses boost bounce kick curls shape curl defining shine enhancing mousse adds soft weightless control create curls frizz add style maximum impact manageability body bounce got2b product tested animals,"beauty, hair, care, hair, styling, products, hair, mousse, göt2b, pack, 2, pack, 2, upc, 052336331655, want, 2b, active, ingredients, water, isobutane, vp, va, copolymer, propane, cocotrimonium, methosulfate, hydrogenated, castor, oil, panthenol, methicone, phenoxyethanol, methylparaben, butylparaben, ethylparaben, isobutylparaben, propylparaben, fragrance, uses, boost, bounce, kick, curls, shape, curl, defining, shine, enhancing, mousse, adds, soft, weightless, control, create, curls, frizz, add, style, maximum, impact, manageability, body, bounce, got2b, product, tested, animals"
97.0,3.0,4.1,182,"beauty, makeup, face, makeup, foundation, physicians, formula, foundation",physicians formula,physicians formula mineral wear talcfree mineral correcting powder creamy natural,863,https://i5.walmartimages.com/asr/6469dc6c-e934-4609-9e12-2b0fc22e7f91.e846a54c8196211a38743c69739c1201.jpeg,3 corrector primer powder versatile powder color corrects common skin imperfections smoothes skin texture evens skin tone colors blend create perfect canvas finish pink brightens green tones redness yellow adds warmth high tech japanese formula delivers natural looking finish wo nt cake crease settle fine lines 3 corrector primer powder talc free natural mineral makeup safe sensitive skin hypoallergenic dermatologist tested clinically tested cruelty free,"beauty, makeup, face, makeup, foundation, physicians, formula, foundation, physicians, formula, 3, corrector, primer, powder, versatile, powder, color, corrects, common, skin, imperfections, smoothes, skin, texture, evens, skin, tone, colors, blend, create, perfect, canvas, finish, pink, brightens, green, tones, redness, yellow, adds, warmth, high, tech, japanese, formula, delivers, natural, looking, finish, wo, nt, cake, crease, settle, fine, lines, 3, corrector, primer, powder, talc, free, natural, mineral, makeup, safe, sensitive, skin, hypoallergenic, dermatologist, tested, clinically, tested, cruelty, free"
9.0,77.0,4.0,9,"premium, beauty, premium, hair, care, hair, tools, premium, styling, products, premium, hair, styling, products",difeel,sunflower premium mega hair oil tea tree 25 fl oz,905,https://i5.walmartimages.com/asr/a47dac54-3c18-4cb9-b862-feb97e7b82e3_1.8a2b4eb2feea5a8bfc3e11821d353b93.jpeg,,"premium, beauty, premium, hair, care, hair, tools, premium, styling, products, premium, hair, styling, products, difeel,"
84.0,9.0,4.0,13,"pets, dogs, dog, toys, dog, toys",pixnor,5pcs squeaky dog toys for small dogs fruits and vegetables plush puppy dog toys carrot  banana  eggplant  strawberry  mushroom,926,https://i5.walmartimages.com/asr/3ce79f15-ce6b-407b-8e6c-cbf212f4a595_1.d539defe80ebcbb9b4b7c63f241f41f6.jpeg,set 5 squeaky plush dog toys best choice help dogs expend excess energy fight boredom material soft sturdy durable dog love squeaky dog toys toys carrot banana strawberry eggplant mushroom color shown pictures material plush size approx 12 inch high quality durable safe use vibrant vegetable fruit design pleasant color soft texture help dogs separation anxiety enhance feeling family suitable puppies small dogs suitable medium large dogs sharp teeth,"pets, dogs, dog, toys, dog, toys, pixnor, set, 5, squeaky, plush, dog, toys, best, choice, help, dogs, expend, excess, energy, fight, boredom, material, soft, sturdy, durable, dog, love, squeaky, dog, toys, toys, carrot, banana, strawberry, eggplant, mushroom, color, shown, pictures, material, plush, size, approx, 12, inch, high, quality, durable, safe, use, vibrant, vegetable, fruit, design, pleasant, color, soft, texture, help, dogs, separation, anxiety, enhance, feeling, family, suitable, puppies, small, dogs, suitable, medium, large, dogs, sharp, teeth"
735.0,7.0,3.1,282,"beauty, hair, care, hair, color, permanent, hair, color",paris,loreal loreal healthy look sublime mousse permanent haircolor 1 ea,948,https://i5.walmartimages.com/asr/da57180f-cdd1-470d-a6db-8b532e1cc72f_1.3f1d22f4355f3eeec7055931965a4cd0.jpeg,permanent haircolor iced dark brown 41 1 application permanent conditioning haircolor natural lively shiny perfect gray coverage easy apply shampoo healthy looking hair life beautiful haircolor captured ultra light airy mousse permanent conditioning haircolor sublime mousse permanent haircolor covers grays perfectly preserves hairs natural highs lows secret beautiful color captured ultra light airy mousse natural lively shiny color fall love beautiful natural tones true life plus perfect gray coverage simple luscious mousse luscious soft mousse fastest simplest application home easy apply shampoo massage parting separating voluptuous mousse expands hair surrounding strand difficult reach areas like head easily covered delicate fruity fragrance pleasurable experience sublime mousse healthy look loreal worth s inside 1 bottle liquid mousse colorant 1 bottle liquid mousse developer 1 tube healthy shine conditioner 6 weekly treatments 1 foaming pump 1 pair gloves 1 instruction sheet insert follow usage advisory pour rotate nt shake pump massage read follow insert store 50 80 degrees haircolor cause allergic reaction usage advisory safety important haircolor cause allergic reaction certain rare cases severe follow precautions use reaction haircolor product sensitive itchy damaged scalp tattoo risks allergic reaction increased perform skin allergy test 48 hours use product insert remember buy product 2 days ahead time avoid contact product eyes skin product gets eyes rinse immediately wear gloves provided kit thoroughly rinse hair application use compound henna progressive color wait 14 days bleaching relaxing perming coloring reach children apply children apply foam directly hair dispense palm gloved hand spread hair fingers hand point bottle face sure product foams spreading hair product liquid dispensed pump bottle apply hair drip eyes necessary lather product hair avoid risk dripping applying processing time check sure product dripping drip massage hair lather product product contains ingredients cause skin irritation certain individuals preliminary test according accompanying directions product dyeing eyelashes eyebrows cause blindness 1 application new york ny 10017 800 631 7358 pure medium brown 50,"beauty, hair, care, hair, color, permanent, hair, color, paris, permanent, haircolor, iced, dark, brown, 41, 1, application, permanent, conditioning, haircolor, natural, lively, shiny, perfect, gray, coverage, easy, apply, shampoo, healthy, looking, hair, life, beautiful, haircolor, captured, ultra, light, airy, mousse, permanent, conditioning, haircolor, sublime, mousse, permanent, haircolor, covers, grays, perfectly, preserves, hairs, natural, highs, lows, secret, beautiful, color, captured, ultra, light, airy, mousse, natural, lively, shiny, color, fall, love, beautiful, natural, tones, true, life, plus, perfect, gray, coverage, simple, luscious, mousse, luscious, soft, mousse, fastest, simplest, application, home, easy, apply, shampoo, massage, parting, separating, voluptuous, mousse, expands, hair, surrounding, strand, difficult, reach, areas, like, head, easily, covered, delicate, fruity, fragrance, pleasurable, experience, sublime, mousse, healthy, look, loreal, worth, s, inside, 1, bottle, liquid, mousse, colorant, 1, bottle, liquid, mousse, developer, 1, tube, healthy, shine, conditioner, 6, weekly, treatments, 1, foaming, pump, 1, pair, gloves, 1, instruction, sheet, insert, follow, usage, advisory, pour, rotate, nt, shake, pump, massage, read, follow, insert, store, 50, 80, degrees, haircolor, cause, allergic, reaction, usage, advisory, safety, important, haircolor, cause, allergic, reaction, certain, rare, cases, severe, follow, precautions, use, reaction, haircolor, product, sensitive, itchy, damaged, scalp, tattoo, risks, allergic, reaction, increased, perform, skin, allergy, test, 48, hours, use, product, insert, remember, buy, product, 2, days, ahead, time, avoid, contact, product, eyes, skin, product, gets, eyes, rinse, immediately, wear, gloves, provided, kit, thoroughly, rinse, hair, application, use, compound, henna, progressive, color, wait, 14, days, bleaching, relaxing, perming, coloring, reach, children, apply, children, apply, foam, directly, hair, dispense, palm, gloved, hand, spread, hair, fingers, hand, point, bottle, face, sure, product, foams, spreading, hair, product, liquid, dispensed, pump, bottle, apply, hair, drip, eyes, necessary, lather, product, hair, avoid, risk, dripping, applying, processing, time, check, sure, product, dripping, drip, massage, hair, lather, product, product, contains, ingredients, cause, skin, irritation, certain, individuals, preliminary, test, according, accompanying, directions, product, dyeing, eyelashes, eyebrows, cause, blindness, 1, application, new, york, ny, 10017, 800, 631, 7358, pure, medium, brown, 50"
63.0,7.0,5.0,1,"premium, beauty, premium, makeup, premium, nail, polish, care, premium, nail, polish",opi,nicole by opi nail lacquer next stop the bikini zone a59 5 fl oz,949,https://i5.walmartimages.com/asr/a3436bdc-e2e5-4c0c-b55c-0b2cbfbd7757_1.dfbc7c5baecd7674a3dfb60c84daf4b7.jpeg,,"premium, beauty, premium, makeup, premium, nail, polish, care, premium, nail, polish, opi,"
8.0,84.0,3.6,368,"personal, care, feminine, care, feminine, care",tampax,tampax cardboard super absorbency tampons unscented 54 ct,962,https://i5.walmartimages.com/asr/9a2d8c87-a05d-4b28-be6f-1045afb528cf.176871198baac7c8981c6f33f9674507.jpeg,stand proud tampax cardboard hours comfortable protection live limits period tampax cardboard tampons free perfume chlorine bleaching clinically tested gentle skin featuring leakguard skirt tampax cardboard tampons offer backup protection help stop leaks happen formfit design gently expands individual shape feel comfortable confident period tampax cardboard super absorbency tampons unscented 54 ct tampax cardboard super tampons offer hours comfortable protection free perfume chlorine bleaching dyes clinically tested gentle skin leakguard skirt helps stop leaks happen anti slip grip easy tampon insertion formfit gently expands individual shape,"personal, care, feminine, care, feminine, care, tampax, stand, proud, tampax, cardboard, hours, comfortable, protection, live, limits, period, tampax, cardboard, tampons, free, perfume, chlorine, bleaching, clinically, tested, gentle, skin, featuring, leakguard, skirt, tampax, cardboard, tampons, offer, backup, protection, help, stop, leaks, happen, formfit, design, gently, expands, individual, shape, feel, comfortable, confident, period, tampax, cardboard, super, absorbency, tampons, unscented, 54, ct, tampax, cardboard, super, tampons, offer, hours, comfortable, protection, free, perfume, chlorine, bleaching, dyes, clinically, tested, gentle, skin, leakguard, skirt, helps, stop, leaks, happen, anti, slip, grip, easy, tampon, insertion, formfit, gently, expands, individual, shape"
31.0,9.0,4.9,7,"premium, beauty, premium, hair, care, premium, value, sizes, sets",joico,joico moisture recovery shampoo and conditioner liter duo set338oz,964,https://i5.walmartimages.com/asr/be926987-b009-4990-bd4a-0e3dc2b2703e_1.5a97398e0d1ea8f84c730c81d0987752.jpeg,,"premium, beauty, premium, hair, care, premium, value, sizes, sets, joico,"
45.0,5.0,4.0,1,"beauty, makeup, nails",pretty woman,pretty woman nailmedic force field nail hardener  protectant 05 fl oz,981,https://i5.walmartimages.com/asr/bd3173b8-6c5f-4b03-86a1-c26bb91a73b7_1.4846c8b8337d51300a19485fac99c0a1.jpeg,pretty woman nail medic force field unique nail hardening complex hydrates stabilizes soft weak nails forming protective shield external stress damage infused keratin protein bio minerals vitamin force field condition toughen protect nail improving structure help reduce breakage pretty woman nail medic force field 5 free cruelty free paraben free sulfate petrochemical free gmo free triclosan free vegan pretty woman nailmedic force field nail hardener protectant hydrates stabilizes soft weak nails infused keratin protein bio minerals vitamin e force field condition toughen protect nails,"beauty, makeup, nails, pretty, woman, pretty, woman, nail, medic, force, field, unique, nail, hardening, complex, hydrates, stabilizes, soft, weak, nails, forming, protective, shield, external, stress, damage, infused, keratin, protein, bio, minerals, vitamin, force, field, condition, toughen, protect, nail, improving, structure, help, reduce, breakage, pretty, woman, nail, medic, force, field, 5, free, cruelty, free, paraben, free, sulfate, petrochemical, free, gmo, free, triclosan, free, vegan, pretty, woman, nailmedic, force, field, nail, hardener, protectant, hydrates, stabilizes, soft, weak, nails, infused, keratin, protein, bio, minerals, vitamin, e, force, field, condition, toughen, protect, nails"
36.0,3.0,5.0,5,"premium, beauty, premium, k, beauty, premium, korean, skincare, korean, moisturizers, treatments",laneige,laneige lip glowy balm 035 oz  10 g,985,https://i5.walmartimages.com/asr/da9cfa0e-9cb4-4310-badc-dbd57292698a_1.0f49fb69d5c1ac7838f9043662431d96.jpeg,,"premium, beauty, premium, k, beauty, premium, korean, skincare, korean, moisturizers, treatments, laneige,"
4.0,84.0,5.0,1,"premium, beauty, premium, makeup, premium, nail, polish, care, premium, nail, polish",opi,opi infinite shine nail polish dulce de leche 05 fl oz,992,https://i5.walmartimages.com/asr/466527fe-9e5e-401e-88b0-9c1013714b75_1.6430594813e15608272c19c964fe1e5f.jpeg,,"premium, beauty, premium, makeup, premium, nail, polish, care, premium, nail, polish, opi,"
14.0,5.0,3.7,3,"personal, care, bath, body, hand, lotions, creams",deep steep,deep steep pure coconut hand cream 2 oz,516,https://i5.walmartimages.com/asr/a3737852-7ed7-4287-ae11-c55d206d4481_1.cd8d06d512881ae5c0e541188ff15107.jpeg,pure coconut hand creamdeep steep pure coconut hand cream,"personal, care, bath, body, hand, lotions, creams, deep, steep, pure, coconut, hand, creamdeep, steep, pure, coconut, hand, cream"
32.0,9.0,4.2,6,"beauty, makeup, nails",kokie cosmetics,kokie professional nail polish jamacan me blush 054 fl oz,540,https://i5.walmartimages.com/asr/16fc0e60-1c66-46ed-abf0-9d9f453fd67e_1.b761773e111db95ec15bdbdd59413273.jpeg,kokie professional nail polish puts fashion innovation fingertips professional quality lacquer array superior trendsetting colors exceptional beauty professional nail polish fashion forward color vivid bolds chic neutrals shining glitters salon quality polish dbp toluene formaldehyde free,"beauty, makeup, nails, kokie, cosmetics, kokie, professional, nail, polish, puts, fashion, innovation, fingertips, professional, quality, lacquer, array, superior, trendsetting, colors, exceptional, beauty, professional, nail, polish, fashion, forward, color, vivid, bolds, chic, neutrals, shining, glitters, salon, quality, polish, dbp, toluene, formaldehyde, free"
3.0,82.0,5.0,1,"health, sleep, better, calm, mind",sun essential oils,sun essentials sage large 4 ounce best essential oil,542,https://i5.walmartimages.com/asr/909b88ac-0499-4fcd-9425-0146bb67da2d_1.1b4a1bfd13fdedc340f8f321b244c0f5.jpeg,sage oil comes 4 oz essential oil bottle better results sun essential oils believe superior sourced harvested ingredients think agree oils far effective market wonderful smell nt beat sun provides best essential oils yes matter opinion believe oils best provide nt feel way unconditional manufacturer refund anytime think feel smelled oil wonderful smelled oil brands distinct alcohol chemical smell dry scent noticeable lack depth love smell feel great fatigue irritability result factors difficult pinpoint clear mind relax wonderful smell sage blended sage oil therapeutic grade essential oil superior quality aromatherapy bath massage candles hair stress relaxing calming body high quality soothing fragarance sun makes best quality premium aromatherapy oils 100 scents,"health, sleep, better, calm, mind, sun, essential, oils, sage, oil, comes, 4, oz, essential, oil, bottle, better, results, sun, essential, oils, believe, superior, sourced, harvested, ingredients, think, agree, oils, far, effective, market, wonderful, smell, nt, beat, sun, provides, best, essential, oils, yes, matter, opinion, believe, oils, best, provide, nt, feel, way, unconditional, manufacturer, refund, anytime, think, feel, smelled, oil, wonderful, smelled, oil, brands, distinct, alcohol, chemical, smell, dry, scent, noticeable, lack, depth, love, smell, feel, great, fatigue, irritability, result, factors, difficult, pinpoint, clear, mind, relax, wonderful, smell, sage, blended, sage, oil, therapeutic, grade, essential, oil, superior, quality, aromatherapy, bath, massage, candles, hair, stress, relaxing, calming, body, high, quality, soothing, fragarance, sun, makes, best, quality, premium, aromatherapy, oils, 100, scents"
11.0,37.0,4.3,693,"beauty, beauty, brands, covergirl, covergirl, lipstick",covergirl,covergirl exhibitionist cream lipstick 235 champagne,575,https://i5.walmartimages.com/asr/9239d5e4-bcda-4d4b-b78f-b04b1fdcafdd_1.cc64468417803f764647ad432265263b.jpeg,classic colorlicious lipstick bigger better new exhibitionist cream lipstick comes 48 shades nt help crave deliciously rich lipstick infused shea butter lasting color try hues indulgent finishes cream demi matte metallic lips thank,"beauty, beauty, brands, covergirl, covergirl, lipstick, covergirl, classic, colorlicious, lipstick, bigger, better, new, exhibitionist, cream, lipstick, comes, 48, shades, nt, help, crave, deliciously, rich, lipstick, infused, shea, butter, lasting, color, try, hues, indulgent, finishes, cream, demi, matte, metallic, lips, thank"
